+ date -u +%Y-%m-%dT%H:%M:%SZ
2026-09-10T00:36:07Z
+ xcodegen generate
⚙️  Generating plists...
⚙️  Generating project...
⚙️  Writing project...
Created project at /Users/vitorepf/orca/workspaces/traco-ios/lote-ia-09c/Traco.xcodeproj
+ xcodebuild test -project Traco.xcodeproj -scheme Traco -destination 'platform=iOS Simulator,id=34CC3F94-FDB5-4575-A4F5-80271829A18B' -derivedDataPath build
Command line invocation:
    /Applications/Xcode.app/Contents/Developer/usr/bin/xcodebuild test -project Traco.xcodeproj -scheme Traco -destination "platform=iOS Simulator,id=34CC3F94-FDB5-4575-A4F5-80271829A18B" -derivedDataPath build

ComputePackagePrebuildTargetDependencyGraph

Prepare packages

CreateBuildRequest

SendProjectDescription

CreateBuildOperation

ComputeTargetDependencyGraph
note: Building targets in dependency order
note: Target dependency graph (3 targets)
    Target 'TracoTests' in project 'Traco'
        ➜ Explicit dependency on target 'Traco' in project 'Traco'
    Target 'Traco' in project 'Traco'
        ➜ Explicit dependency on target 'TracoWidget' in project 'Traco'
    Target 'TracoWidget' in project 'Traco' (no dependencies)

GatherProvisioningInputs

CreateBuildDescription

ExecuteExternalTool /Applications/Xcode.app/Contents/Developer/Toolchains/XcodeDefault.xctoolchain/usr/bin/swiftc --version

ExecuteExternalTool /Applications/Xcode.app/Contents/Developer/Toolchains/XcodeDefault.xctoolchain/usr/bin/clang -v -E -dM -isysroot /Applications/Xcode.app/Contents/Developer/Platforms/iPhoneSimulator.platform/Developer/SDKs/iPhoneSimulator26.5.sdk -x c -c /dev/null

ExecuteExternalTool /Applications/Xcode.app/Contents/Developer/usr/bin/xcstringstool compile --dry-run --output-directory /Users/vitorepf/orca/workspaces/traco-ios/lote-ia-09c/build/Build/Intermediates.noindex/Traco.build/Debug-iphonesimulator/Traco.build /Users/vitorepf/orca/workspaces/traco-ios/lote-ia-09c/Traco/Localizable.xcstrings

ExecuteExternalTool /Applications/Xcode.app/Contents/Developer/usr/bin/actool --print-asset-tag-combinations --output-format xml1 /Users/vitorepf/orca/workspaces/traco-ios/lote-ia-09c/Traco/Assets.xcassets

ExecuteExternalTool /Applications/Xcode.app/Contents/Developer/Toolchains/XcodeDefault.xctoolchain/usr/bin/ld -version_details

ExecuteExternalTool /Applications/Xcode.app/Contents/Developer/usr/bin/actool --version --output-format xml1

Build description signature: 81d634daf36b42af01b0bb740419b540
Build description path: /Users/vitorepf/orca/workspaces/traco-ios/lote-ia-09c/build/Build/Intermediates.noindex/XCBuildData/81d634daf36b42af01b0bb740419b540.xcbuilddata
ClangStatCache /Applications/Xcode.app/Contents/Developer/Toolchains/XcodeDefault.xctoolchain/usr/bin/clang-stat-cache /Applications/Xcode.app/Contents/Developer/Platforms/iPhoneSimulator.platform/Developer/SDKs/iPhoneSimulator26.5.sdk /Users/vitorepf/orca/workspaces/traco-ios/lote-ia-09c/build/SDKStatCaches.noindex/iphonesimulator26.5-23F81a-6cfe768891a92b912361537c460fe42b.sdkstatcache
    cd /Users/vitorepf/orca/workspaces/traco-ios/lote-ia-09c/Traco.xcodeproj
    /Applications/Xcode.app/Contents/Developer/Toolchains/XcodeDefault.xctoolchain/usr/bin/clang-stat-cache /Applications/Xcode.app/Contents/Developer/Platforms/iPhoneSimulator.platform/Developer/SDKs/iPhoneSimulator26.5.sdk -o /Users/vitorepf/orca/workspaces/traco-ios/lote-ia-09c/build/SDKStatCaches.noindex/iphonesimulator26.5-23F81a-6cfe768891a92b912361537c460fe42b.sdkstatcache

CreateBuildDirectory /Users/vitorepf/orca/workspaces/traco-ios/lote-ia-09c/build/Build/Products
    cd /Users/vitorepf/orca/workspaces/traco-ios/lote-ia-09c/Traco.xcodeproj
    builtin-create-build-directory /Users/vitorepf/orca/workspaces/traco-ios/lote-ia-09c/build/Build/Products

CreateBuildDirectory /Users/vitorepf/orca/workspaces/traco-ios/lote-ia-09c/build/Build/Intermediates.noindex
    cd /Users/vitorepf/orca/workspaces/traco-ios/lote-ia-09c/Traco.xcodeproj
    builtin-create-build-directory /Users/vitorepf/orca/workspaces/traco-ios/lote-ia-09c/build/Build/Intermediates.noindex

CreateBuildDirectory /Users/vitorepf/orca/workspaces/traco-ios/lote-ia-09c/build/Build/Products/Debug-iphonesimulator
    cd /Users/vitorepf/orca/workspaces/traco-ios/lote-ia-09c/Traco.xcodeproj
    builtin-create-build-directory /Users/vitorepf/orca/workspaces/traco-ios/lote-ia-09c/build/Build/Products/Debug-iphonesimulator

CreateBuildDirectory /Users/vitorepf/orca/workspaces/traco-ios/lote-ia-09c/build/Build/Intermediates.noindex/SwiftExplicitPrecompiledModules
    cd /Users/vitorepf/orca/workspaces/traco-ios/lote-ia-09c/Traco.xcodeproj
    builtin-create-build-directory /Users/vitorepf/orca/workspaces/traco-ios/lote-ia-09c/build/Build/Intermediates.noindex/SwiftExplicitPrecompiledModules

CreateBuildDirectory /Users/vitorepf/orca/workspaces/traco-ios/lote-ia-09c/build/Build/Intermediates.noindex/ExplicitPrecompiledModules
    cd /Users/vitorepf/orca/workspaces/traco-ios/lote-ia-09c/Traco.xcodeproj
    builtin-create-build-directory /Users/vitorepf/orca/workspaces/traco-ios/lote-ia-09c/build/Build/Intermediates.noindex/ExplicitPrecompiledModules

CreateBuildDirectory /Users/vitorepf/orca/workspaces/traco-ios/lote-ia-09c/build/Build/Intermediates.noindex/EagerLinkingTBDs/Debug-iphonesimulator
    cd /Users/vitorepf/orca/workspaces/traco-ios/lote-ia-09c/Traco.xcodeproj
    builtin-create-build-directory /Users/vitorepf/orca/workspaces/traco-ios/lote-ia-09c/build/Build/Intermediates.noindex/EagerLinkingTBDs/Debug-iphonesimulator

WriteAuxiliaryFile /Users/vitorepf/orca/workspaces/traco-ios/lote-ia-09c/build/Build/Intermediates.noindex/Traco.build/Debug-iphonesimulator/Traco-0c95acec9dd6925bda38affd620a8f04-VFS-iphonesimulator/all-product-headers.yaml
    cd /Users/vitorepf/orca/workspaces/traco-ios/lote-ia-09c/Traco.xcodeproj
    write-file /Users/vitorepf/orca/workspaces/traco-ios/lote-ia-09c/build/Build/Intermediates.noindex/Traco.build/Debug-iphonesimulator/Traco-0c95acec9dd6925bda38affd620a8f04-VFS-iphonesimulator/all-product-headers.yaml

WriteAuxiliaryFile /Users/vitorepf/orca/workspaces/traco-ios/lote-ia-09c/build/Build/Intermediates.noindex/Traco.build/Debug-iphonesimulator/TracoTests.build/TracoTests-project-headers.hmap (in target 'TracoTests' from project 'Traco')
    cd /Users/vitorepf/orca/workspaces/traco-ios/lote-ia-09c
    write-file /Users/vitorepf/orca/workspaces/traco-ios/lote-ia-09c/build/Build/Intermediates.noindex/Traco.build/Debug-iphonesimulator/TracoTests.build/TracoTests-project-headers.hmap

WriteAuxiliaryFile /Users/vitorepf/orca/workspaces/traco-ios/lote-ia-09c/build/Build/Intermediates.noindex/Traco.build/Debug-iphonesimulator/TracoTests.build/TracoTests.hmap (in target 'TracoTests' from project 'Traco')
    cd /Users/vitorepf/orca/workspaces/traco-ios/lote-ia-09c
    write-file /Users/vitorepf/orca/workspaces/traco-ios/lote-ia-09c/build/Build/Intermediates.noindex/Traco.build/Debug-iphonesimulator/TracoTests.build/TracoTests.hmap

WriteAuxiliaryFile /Users/vitorepf/orca/workspaces/traco-ios/lote-ia-09c/build/Build/Intermediates.noindex/Traco.build/Debug-iphonesimulator/TracoTests.build/TracoTests.DependencyStaticMetadataFileList (in target 'TracoTests' from project 'Traco')
    cd /Users/vitorepf/orca/workspaces/traco-ios/lote-ia-09c
    write-file /Users/vitorepf/orca/workspaces/traco-ios/lote-ia-09c/build/Build/Intermediates.noindex/Traco.build/Debug-iphonesimulator/TracoTests.build/TracoTests.DependencyStaticMetadataFileList

WriteAuxiliaryFile /Users/vitorepf/orca/workspaces/traco-ios/lote-ia-09c/build/Build/Intermediates.noindex/Traco.build/Debug-iphonesimulator/TracoTests.build/empty-TracoTests.plist (in target 'TracoTests' from project 'Traco')
    cd /Users/vitorepf/orca/workspaces/traco-ios/lote-ia-09c
    write-file /Users/vitorepf/orca/workspaces/traco-ios/lote-ia-09c/build/Build/Intermediates.noindex/Traco.build/Debug-iphonesimulator/TracoTests.build/empty-TracoTests.plist

WriteAuxiliaryFile /Users/vitorepf/orca/workspaces/traco-ios/lote-ia-09c/build/Build/Intermediates.noindex/Traco.build/Debug-iphonesimulator/TracoTests.build/TracoTests.DependencyMetadataFileList (in target 'TracoTests' from project 'Traco')
    cd /Users/vitorepf/orca/workspaces/traco-ios/lote-ia-09c
    write-file /Users/vitorepf/orca/workspaces/traco-ios/lote-ia-09c/build/Build/Intermediates.noindex/Traco.build/Debug-iphonesimulator/TracoTests.build/TracoTests.DependencyMetadataFileList

WriteAuxiliaryFile /Users/vitorepf/orca/workspaces/traco-ios/lote-ia-09c/build/Build/Intermediates.noindex/Traco.build/Debug-iphonesimulator/TracoTests.build/TracoTests-own-target-headers.hmap (in target 'TracoTests' from project 'Traco')
    cd /Users/vitorepf/orca/workspaces/traco-ios/lote-ia-09c
    write-file /Users/vitorepf/orca/workspaces/traco-ios/lote-ia-09c/build/Build/Intermediates.noindex/Traco.build/Debug-iphonesimulator/TracoTests.build/TracoTests-own-target-headers.hmap

WriteAuxiliaryFile /Users/vitorepf/orca/workspaces/traco-ios/lote-ia-09c/build/Build/Intermediates.noindex/Traco.build/Debug-iphonesimulator/TracoWidget.build/TracoWidget-own-target-headers.hmap (in target 'TracoWidget' from project 'Traco')
    cd /Users/vitorepf/orca/workspaces/traco-ios/lote-ia-09c
    write-file /Users/vitorepf/orca/workspaces/traco-ios/lote-ia-09c/build/Build/Intermediates.noindex/Traco.build/Debug-iphonesimulator/TracoWidget.build/TracoWidget-own-target-headers.hmap

WriteAuxiliaryFile /Users/vitorepf/orca/workspaces/traco-ios/lote-ia-09c/build/Build/Intermediates.noindex/Traco.build/Debug-iphonesimulator/TracoWidget.build/TracoWidget.DependencyMetadataFileList (in target 'TracoWidget' from project 'Traco')
    cd /Users/vitorepf/orca/workspaces/traco-ios/lote-ia-09c
    write-file /Users/vitorepf/orca/workspaces/traco-ios/lote-ia-09c/build/Build/Intermediates.noindex/Traco.build/Debug-iphonesimulator/TracoWidget.build/TracoWidget.DependencyMetadataFileList

WriteAuxiliaryFile /Users/vitorepf/orca/workspaces/traco-ios/lote-ia-09c/build/Build/Intermediates.noindex/Traco.build/Debug-iphonesimulator/TracoWidget.build/TracoWidget.hmap (in target 'TracoWidget' from project 'Traco')
    cd /Users/vitorepf/orca/workspaces/traco-ios/lote-ia-09c
    write-file /Users/vitorepf/orca/workspaces/traco-ios/lote-ia-09c/build/Build/Intermediates.noindex/Traco.build/Debug-iphonesimulator/TracoWidget.build/TracoWidget.hmap

WriteAuxiliaryFile /Users/vitorepf/orca/workspaces/traco-ios/lote-ia-09c/build/Build/Intermediates.noindex/Traco.build/Debug-iphonesimulator/TracoWidget.build/TracoWidget-all-non-framework-target-headers.hmap (in target 'TracoWidget' from project 'Traco')
    cd /Users/vitorepf/orca/workspaces/traco-ios/lote-ia-09c
    write-file /Users/vitorepf/orca/workspaces/traco-ios/lote-ia-09c/build/Build/Intermediates.noindex/Traco.build/Debug-iphonesimulator/TracoWidget.build/TracoWidget-all-non-framework-target-headers.hmap

WriteAuxiliaryFile /Users/vitorepf/orca/workspaces/traco-ios/lote-ia-09c/build/Build/Intermediates.noindex/Traco.build/Debug-iphonesimulator/TracoWidget.build/TracoWidget-DebugEntryPoint-normal-arm64.txt (in target 'TracoWidget' from project 'Traco')
    cd /Users/vitorepf/orca/workspaces/traco-ios/lote-ia-09c
    write-file /Users/vitorepf/orca/workspaces/traco-ios/lote-ia-09c/build/Build/Intermediates.noindex/Traco.build/Debug-iphonesimulator/TracoWidget.build/TracoWidget-DebugEntryPoint-normal-arm64.txt

WriteAuxiliaryFile /Users/vitorepf/orca/workspaces/traco-ios/lote-ia-09c/build/Build/Intermediates.noindex/Traco.build/Debug-iphonesimulator/TracoWidget.build/TracoWidget-project-headers.hmap (in target 'TracoWidget' from project 'Traco')
    cd /Users/vitorepf/orca/workspaces/traco-ios/lote-ia-09c
    write-file /Users/vitorepf/orca/workspaces/traco-ios/lote-ia-09c/build/Build/Intermediates.noindex/Traco.build/Debug-iphonesimulator/TracoWidget.build/TracoWidget-project-headers.hmap

WriteAuxiliaryFile /Users/vitorepf/orca/workspaces/traco-ios/lote-ia-09c/build/Build/Intermediates.noindex/Traco.build/Debug-iphonesimulator/TracoWidget.build/TracoWidget-generated-files.hmap (in target 'TracoWidget' from project 'Traco')
    cd /Users/vitorepf/orca/workspaces/traco-ios/lote-ia-09c
    write-file /Users/vitorepf/orca/workspaces/traco-ios/lote-ia-09c/build/Build/Intermediates.noindex/Traco.build/Debug-iphonesimulator/TracoWidget.build/TracoWidget-generated-files.hmap

WriteAuxiliaryFile /Users/vitorepf/orca/workspaces/traco-ios/lote-ia-09c/build/Build/Intermediates.noindex/Traco.build/Debug-iphonesimulator/TracoWidget.build/TracoWidget-DebugDylibPath-normal-arm64.txt (in target 'TracoWidget' from project 'Traco')
    cd /Users/vitorepf/orca/workspaces/traco-ios/lote-ia-09c
    write-file /Users/vitorepf/orca/workspaces/traco-ios/lote-ia-09c/build/Build/Intermediates.noindex/Traco.build/Debug-iphonesimulator/TracoWidget.build/TracoWidget-DebugDylibPath-normal-arm64.txt

WriteAuxiliaryFile /Users/vitorepf/orca/workspaces/traco-ios/lote-ia-09c/build/Build/Intermediates.noindex/Traco.build/Debug-iphonesimulator/TracoWidget.build/TracoWidget.DependencyStaticMetadataFileList (in target 'TracoWidget' from project 'Traco')
    cd /Users/vitorepf/orca/workspaces/traco-ios/lote-ia-09c
    write-file /Users/vitorepf/orca/workspaces/traco-ios/lote-ia-09c/build/Build/Intermediates.noindex/Traco.build/Debug-iphonesimulator/TracoWidget.build/TracoWidget.DependencyStaticMetadataFileList

WriteAuxiliaryFile /Users/vitorepf/orca/workspaces/traco-ios/lote-ia-09c/build/Build/Intermediates.noindex/Traco.build/Debug-iphonesimulator/TracoWidget.build/TracoWidget-all-target-headers.hmap (in target 'TracoWidget' from project 'Traco')
    cd /Users/vitorepf/orca/workspaces/traco-ios/lote-ia-09c
    write-file /Users/vitorepf/orca/workspaces/traco-ios/lote-ia-09c/build/Build/Intermediates.noindex/Traco.build/Debug-iphonesimulator/TracoWidget.build/TracoWidget-all-target-headers.hmap

WriteAuxiliaryFile /Users/vitorepf/orca/workspaces/traco-ios/lote-ia-09c/build/Build/Intermediates.noindex/Traco.build/Debug-iphonesimulator/TracoWidget.build/TracoWidget-DebugDylibInstallName-normal-arm64.txt (in target 'TracoWidget' from project 'Traco')
    cd /Users/vitorepf/orca/workspaces/traco-ios/lote-ia-09c
    write-file /Users/vitorepf/orca/workspaces/traco-ios/lote-ia-09c/build/Build/Intermediates.noindex/Traco.build/Debug-iphonesimulator/TracoWidget.build/TracoWidget-DebugDylibInstallName-normal-arm64.txt

WriteAuxiliaryFile /Users/vitorepf/orca/workspaces/traco-ios/lote-ia-09c/build/Build/Intermediates.noindex/Traco.build/Debug-iphonesimulator/TracoTests.build/TracoTests-generated-files.hmap (in target 'TracoTests' from project 'Traco')
    cd /Users/vitorepf/orca/workspaces/traco-ios/lote-ia-09c
    write-file /Users/vitorepf/orca/workspaces/traco-ios/lote-ia-09c/build/Build/Intermediates.noindex/Traco.build/Debug-iphonesimulator/TracoTests.build/TracoTests-generated-files.hmap

WriteAuxiliaryFile /Users/vitorepf/orca/workspaces/traco-ios/lote-ia-09c/build/Build/Intermediates.noindex/Traco.build/Debug-iphonesimulator/TracoTests.build/TracoTests-all-target-headers.hmap (in target 'TracoTests' from project 'Traco')
    cd /Users/vitorepf/orca/workspaces/traco-ios/lote-ia-09c
    write-file /Users/vitorepf/orca/workspaces/traco-ios/lote-ia-09c/build/Build/Intermediates.noindex/Traco.build/Debug-iphonesimulator/TracoTests.build/TracoTests-all-target-headers.hmap

WriteAuxiliaryFile /Users/vitorepf/orca/workspaces/traco-ios/lote-ia-09c/build/Build/Intermediates.noindex/Traco.build/Debug-iphonesimulator/TracoTests.build/TracoTests-all-non-framework-target-headers.hmap (in target 'TracoTests' from project 'Traco')
    cd /Users/vitorepf/orca/workspaces/traco-ios/lote-ia-09c
    write-file /Users/vitorepf/orca/workspaces/traco-ios/lote-ia-09c/build/Build/Intermediates.noindex/Traco.build/Debug-iphonesimulator/TracoTests.build/TracoTests-all-non-framework-target-headers.hmap

WriteAuxiliaryFile /Users/vitorepf/orca/workspaces/traco-ios/lote-ia-09c/build/Build/Intermediates.noindex/Traco.build/Debug-iphonesimulator/TracoWidget.build/DerivedSources/Entitlements-Simulated.plist (in target 'TracoWidget' from project 'Traco')
    cd /Users/vitorepf/orca/workspaces/traco-ios/lote-ia-09c
    write-file /Users/vitorepf/orca/workspaces/traco-ios/lote-ia-09c/build/Build/Intermediates.noindex/Traco.build/Debug-iphonesimulator/TracoWidget.build/DerivedSources/Entitlements-Simulated.plist

WriteAuxiliaryFile /Users/vitorepf/orca/workspaces/traco-ios/lote-ia-09c/build/Build/Intermediates.noindex/Traco.build/Debug-iphonesimulator/TracoWidget.build/Objects-normal/arm64/TracoWidget.SwiftFileList (in target 'TracoWidget' from project 'Traco')
    cd /Users/vitorepf/orca/workspaces/traco-ios/lote-ia-09c
    write-file /Users/vitorepf/orca/workspaces/traco-ios/lote-ia-09c/build/Build/Intermediates.noindex/Traco.build/Debug-iphonesimulator/TracoWidget.build/Objects-normal/arm64/TracoWidget.SwiftFileList

WriteAuxiliaryFile /Users/vitorepf/orca/workspaces/traco-ios/lote-ia-09c/build/Build/Intermediates.noindex/Traco.build/Debug-iphonesimulator/TracoWidget.build/Objects-normal/arm64/TracoWidget.LinkFileList (in target 'TracoWidget' from project 'Traco')
    cd /Users/vitorepf/orca/workspaces/traco-ios/lote-ia-09c
    write-file /Users/vitorepf/orca/workspaces/traco-ios/lote-ia-09c/build/Build/Intermediates.noindex/Traco.build/Debug-iphonesimulator/TracoWidget.build/Objects-normal/arm64/TracoWidget.LinkFileList

WriteAuxiliaryFile /Users/vitorepf/orca/workspaces/traco-ios/lote-ia-09c/build/Build/Intermediates.noindex/Traco.build/Debug-iphonesimulator/TracoWidget.build/Objects-normal/arm64/TracoWidget_const_extract_protocols.json (in target 'TracoWidget' from project 'Traco')
    cd /Users/vitorepf/orca/workspaces/traco-ios/lote-ia-09c
    write-file /Users/vitorepf/orca/workspaces/traco-ios/lote-ia-09c/build/Build/Intermediates.noindex/Traco.build/Debug-iphonesimulator/TracoWidget.build/Objects-normal/arm64/TracoWidget_const_extract_protocols.json

WriteAuxiliaryFile /Users/vitorepf/orca/workspaces/traco-ios/lote-ia-09c/build/Build/Intermediates.noindex/Traco.build/Debug-iphonesimulator/TracoWidget.build/Objects-normal/arm64/TracoWidget.SwiftConstValuesFileList (in target 'TracoWidget' from project 'Traco')
    cd /Users/vitorepf/orca/workspaces/traco-ios/lote-ia-09c
    write-file /Users/vitorepf/orca/workspaces/traco-ios/lote-ia-09c/build/Build/Intermediates.noindex/Traco.build/Debug-iphonesimulator/TracoWidget.build/Objects-normal/arm64/TracoWidget.SwiftConstValuesFileList

WriteAuxiliaryFile /Users/vitorepf/orca/workspaces/traco-ios/lote-ia-09c/build/Build/Intermediates.noindex/Traco.build/Debug-iphonesimulator/TracoWidget.build/Objects-normal/arm64/TracoWidget-OutputFileMap.json (in target 'TracoWidget' from project 'Traco')
    cd /Users/vitorepf/orca/workspaces/traco-ios/lote-ia-09c
    write-file /Users/vitorepf/orca/workspaces/traco-ios/lote-ia-09c/build/Build/Intermediates.noindex/Traco.build/Debug-iphonesimulator/TracoWidget.build/Objects-normal/arm64/TracoWidget-OutputFileMap.json

WriteAuxiliaryFile /Users/vitorepf/orca/workspaces/traco-ios/lote-ia-09c/build/Build/Intermediates.noindex/Traco.build/Debug-iphonesimulator/TracoTests.build/Objects-normal/arm64/TracoTests_const_extract_protocols.json (in target 'TracoTests' from project 'Traco')
    cd /Users/vitorepf/orca/workspaces/traco-ios/lote-ia-09c
    write-file /Users/vitorepf/orca/workspaces/traco-ios/lote-ia-09c/build/Build/Intermediates.noindex/Traco.build/Debug-iphonesimulator/TracoTests.build/Objects-normal/arm64/TracoTests_const_extract_protocols.json

WriteAuxiliaryFile /Users/vitorepf/orca/workspaces/traco-ios/lote-ia-09c/build/Build/Intermediates.noindex/Traco.build/Debug-iphonesimulator/TracoTests.build/Objects-normal/arm64/TracoTests.SwiftFileList (in target 'TracoTests' from project 'Traco')
    cd /Users/vitorepf/orca/workspaces/traco-ios/lote-ia-09c
    write-file /Users/vitorepf/orca/workspaces/traco-ios/lote-ia-09c/build/Build/Intermediates.noindex/Traco.build/Debug-iphonesimulator/TracoTests.build/Objects-normal/arm64/TracoTests.SwiftFileList

WriteAuxiliaryFile /Users/vitorepf/orca/workspaces/traco-ios/lote-ia-09c/build/Build/Intermediates.noindex/Traco.build/Debug-iphonesimulator/TracoTests.build/Objects-normal/arm64/TracoTests.SwiftConstValuesFileList (in target 'TracoTests' from project 'Traco')
    cd /Users/vitorepf/orca/workspaces/traco-ios/lote-ia-09c
    write-file /Users/vitorepf/orca/workspaces/traco-ios/lote-ia-09c/build/Build/Intermediates.noindex/Traco.build/Debug-iphonesimulator/TracoTests.build/Objects-normal/arm64/TracoTests.SwiftConstValuesFileList

WriteAuxiliaryFile /Users/vitorepf/orca/workspaces/traco-ios/lote-ia-09c/build/Build/Intermediates.noindex/Traco.build/Debug-iphonesimulator/TracoTests.build/Objects-normal/arm64/TracoTests.LinkFileList (in target 'TracoTests' from project 'Traco')
    cd /Users/vitorepf/orca/workspaces/traco-ios/lote-ia-09c
    write-file /Users/vitorepf/orca/workspaces/traco-ios/lote-ia-09c/build/Build/Intermediates.noindex/Traco.build/Debug-iphonesimulator/TracoTests.build/Objects-normal/arm64/TracoTests.LinkFileList

WriteAuxiliaryFile /Users/vitorepf/orca/workspaces/traco-ios/lote-ia-09c/build/Build/Intermediates.noindex/Traco.build/Debug-iphonesimulator/TracoTests.build/Objects-normal/arm64/TracoTests-OutputFileMap.json (in target 'TracoTests' from project 'Traco')
    cd /Users/vitorepf/orca/workspaces/traco-ios/lote-ia-09c
    write-file /Users/vitorepf/orca/workspaces/traco-ios/lote-ia-09c/build/Build/Intermediates.noindex/Traco.build/Debug-iphonesimulator/TracoTests.build/Objects-normal/arm64/TracoTests-OutputFileMap.json

WriteAuxiliaryFile /Users/vitorepf/orca/workspaces/traco-ios/lote-ia-09c/build/Build/Intermediates.noindex/Traco.build/Debug-iphonesimulator/Traco.build/Traco.DependencyStaticMetadataFileList (in target 'Traco' from project 'Traco')
    cd /Users/vitorepf/orca/workspaces/traco-ios/lote-ia-09c
    write-file /Users/vitorepf/orca/workspaces/traco-ios/lote-ia-09c/build/Build/Intermediates.noindex/Traco.build/Debug-iphonesimulator/Traco.build/Traco.DependencyStaticMetadataFileList

WriteAuxiliaryFile /Users/vitorepf/orca/workspaces/traco-ios/lote-ia-09c/build/Build/Intermediates.noindex/Traco.build/Debug-iphonesimulator/Traco.build/Traco.hmap (in target 'Traco' from project 'Traco')
    cd /Users/vitorepf/orca/workspaces/traco-ios/lote-ia-09c
    write-file /Users/vitorepf/orca/workspaces/traco-ios/lote-ia-09c/build/Build/Intermediates.noindex/Traco.build/Debug-iphonesimulator/Traco.build/Traco.hmap

WriteAuxiliaryFile /Users/vitorepf/orca/workspaces/traco-ios/lote-ia-09c/build/Build/Intermediates.noindex/Traco.build/Debug-iphonesimulator/Traco.build/Traco.DependencyMetadataFileList (in target 'Traco' from project 'Traco')
    cd /Users/vitorepf/orca/workspaces/traco-ios/lote-ia-09c
    write-file /Users/vitorepf/orca/workspaces/traco-ios/lote-ia-09c/build/Build/Intermediates.noindex/Traco.build/Debug-iphonesimulator/Traco.build/Traco.DependencyMetadataFileList

WriteAuxiliaryFile /Users/vitorepf/orca/workspaces/traco-ios/lote-ia-09c/build/Build/Intermediates.noindex/Traco.build/Debug-iphonesimulator/Traco.build/Traco-project-headers.hmap (in target 'Traco' from project 'Traco')
    cd /Users/vitorepf/orca/workspaces/traco-ios/lote-ia-09c
    write-file /Users/vitorepf/orca/workspaces/traco-ios/lote-ia-09c/build/Build/Intermediates.noindex/Traco.build/Debug-iphonesimulator/Traco.build/Traco-project-headers.hmap

WriteAuxiliaryFile /Users/vitorepf/orca/workspaces/traco-ios/lote-ia-09c/build/Build/Intermediates.noindex/Traco.build/Debug-iphonesimulator/Traco.build/Traco-own-target-headers.hmap (in target 'Traco' from project 'Traco')
    cd /Users/vitorepf/orca/workspaces/traco-ios/lote-ia-09c
    write-file /Users/vitorepf/orca/workspaces/traco-ios/lote-ia-09c/build/Build/Intermediates.noindex/Traco.build/Debug-iphonesimulator/Traco.build/Traco-own-target-headers.hmap

WriteAuxiliaryFile /Users/vitorepf/orca/workspaces/traco-ios/lote-ia-09c/build/Build/Intermediates.noindex/Traco.build/Debug-iphonesimulator/Traco.build/Traco-generated-files.hmap (in target 'Traco' from project 'Traco')
    cd /Users/vitorepf/orca/workspaces/traco-ios/lote-ia-09c
    write-file /Users/vitorepf/orca/workspaces/traco-ios/lote-ia-09c/build/Build/Intermediates.noindex/Traco.build/Debug-iphonesimulator/Traco.build/Traco-generated-files.hmap

WriteAuxiliaryFile /Users/vitorepf/orca/workspaces/traco-ios/lote-ia-09c/build/Build/Intermediates.noindex/Traco.build/Debug-iphonesimulator/Traco.build/Traco-all-non-framework-target-headers.hmap (in target 'Traco' from project 'Traco')
    cd /Users/vitorepf/orca/workspaces/traco-ios/lote-ia-09c
    write-file /Users/vitorepf/orca/workspaces/traco-ios/lote-ia-09c/build/Build/Intermediates.noindex/Traco.build/Debug-iphonesimulator/Traco.build/Traco-all-non-framework-target-headers.hmap

WriteAuxiliaryFile /Users/vitorepf/orca/workspaces/traco-ios/lote-ia-09c/build/Build/Intermediates.noindex/Traco.build/Debug-iphonesimulator/Traco.build/Traco-all-target-headers.hmap (in target 'Traco' from project 'Traco')
    cd /Users/vitorepf/orca/workspaces/traco-ios/lote-ia-09c
    write-file /Users/vitorepf/orca/workspaces/traco-ios/lote-ia-09c/build/Build/Intermediates.noindex/Traco.build/Debug-iphonesimulator/Traco.build/Traco-all-target-headers.hmap

WriteAuxiliaryFile /Users/vitorepf/orca/workspaces/traco-ios/lote-ia-09c/build/Build/Intermediates.noindex/Traco.build/Debug-iphonesimulator/Traco.build/Traco-DebugDylibPath-normal-arm64.txt (in target 'Traco' from project 'Traco')
    cd /Users/vitorepf/orca/workspaces/traco-ios/lote-ia-09c
    write-file /Users/vitorepf/orca/workspaces/traco-ios/lote-ia-09c/build/Build/Intermediates.noindex/Traco.build/Debug-iphonesimulator/Traco.build/Traco-DebugDylibPath-normal-arm64.txt

WriteAuxiliaryFile /Users/vitorepf/orca/workspaces/traco-ios/lote-ia-09c/build/Build/Intermediates.noindex/Traco.build/Debug-iphonesimulator/Traco.build/Traco-DebugDylibInstallName-normal-arm64.txt (in target 'Traco' from project 'Traco')
    cd /Users/vitorepf/orca/workspaces/traco-ios/lote-ia-09c
    write-file /Users/vitorepf/orca/workspaces/traco-ios/lote-ia-09c/build/Build/Intermediates.noindex/Traco.build/Debug-iphonesimulator/Traco.build/Traco-DebugDylibInstallName-normal-arm64.txt

MkDir /Users/vitorepf/orca/workspaces/traco-ios/lote-ia-09c/build/Build/Products/Debug-iphonesimulator/TracoWidget.appex (in target 'TracoWidget' from project 'Traco')
    cd /Users/vitorepf/orca/workspaces/traco-ios/lote-ia-09c
    /bin/mkdir -p /Users/vitorepf/orca/workspaces/traco-ios/lote-ia-09c/build/Build/Products/Debug-iphonesimulator/TracoWidget.appex

WriteAuxiliaryFile /Users/vitorepf/orca/workspaces/traco-ios/lote-ia-09c/build/Build/Intermediates.noindex/Traco.build/Debug-iphonesimulator/Traco.build/Objects-normal/arm64/Traco.SwiftConstValuesFileList (in target 'Traco' from project 'Traco')
    cd /Users/vitorepf/orca/workspaces/traco-ios/lote-ia-09c
    write-file /Users/vitorepf/orca/workspaces/traco-ios/lote-ia-09c/build/Build/Intermediates.noindex/Traco.build/Debug-iphonesimulator/Traco.build/Objects-normal/arm64/Traco.SwiftConstValuesFileList

WriteAuxiliaryFile /Users/vitorepf/orca/workspaces/traco-ios/lote-ia-09c/build/Build/Intermediates.noindex/Traco.build/Debug-iphonesimulator/Traco.build/Objects-normal/arm64/Traco_const_extract_protocols.json (in target 'Traco' from project 'Traco')
    cd /Users/vitorepf/orca/workspaces/traco-ios/lote-ia-09c
    write-file /Users/vitorepf/orca/workspaces/traco-ios/lote-ia-09c/build/Build/Intermediates.noindex/Traco.build/Debug-iphonesimulator/Traco.build/Objects-normal/arm64/Traco_const_extract_protocols.json

WriteAuxiliaryFile /Users/vitorepf/orca/workspaces/traco-ios/lote-ia-09c/build/Build/Intermediates.noindex/Traco.build/Debug-iphonesimulator/Traco.build/DerivedSources/Entitlements-Simulated.plist (in target 'Traco' from project 'Traco')
    cd /Users/vitorepf/orca/workspaces/traco-ios/lote-ia-09c
    write-file /Users/vitorepf/orca/workspaces/traco-ios/lote-ia-09c/build/Build/Intermediates.noindex/Traco.build/Debug-iphonesimulator/Traco.build/DerivedSources/Entitlements-Simulated.plist

WriteAuxiliaryFile /Users/vitorepf/orca/workspaces/traco-ios/lote-ia-09c/build/Build/Intermediates.noindex/Traco.build/Debug-iphonesimulator/Traco.build/Objects-normal/arm64/Traco.LinkFileList (in target 'Traco' from project 'Traco')
    cd /Users/vitorepf/orca/workspaces/traco-ios/lote-ia-09c
    write-file /Users/vitorepf/orca/workspaces/traco-ios/lote-ia-09c/build/Build/Intermediates.noindex/Traco.build/Debug-iphonesimulator/Traco.build/Objects-normal/arm64/Traco.LinkFileList

WriteAuxiliaryFile /Users/vitorepf/orca/workspaces/traco-ios/lote-ia-09c/build/Build/Intermediates.noindex/Traco.build/Debug-iphonesimulator/Traco.build/Objects-normal/arm64/Traco.SwiftFileList (in target 'Traco' from project 'Traco')
    cd /Users/vitorepf/orca/workspaces/traco-ios/lote-ia-09c
    write-file /Users/vitorepf/orca/workspaces/traco-ios/lote-ia-09c/build/Build/Intermediates.noindex/Traco.build/Debug-iphonesimulator/Traco.build/Objects-normal/arm64/Traco.SwiftFileList

WriteAuxiliaryFile /Users/vitorepf/orca/workspaces/traco-ios/lote-ia-09c/build/Build/Intermediates.noindex/Traco.build/Debug-iphonesimulator/Traco.build/Objects-normal/arm64/Traco-OutputFileMap.json (in target 'Traco' from project 'Traco')
    cd /Users/vitorepf/orca/workspaces/traco-ios/lote-ia-09c
    write-file /Users/vitorepf/orca/workspaces/traco-ios/lote-ia-09c/build/Build/Intermediates.noindex/Traco.build/Debug-iphonesimulator/Traco.build/Objects-normal/arm64/Traco-OutputFileMap.json

MkDir /Users/vitorepf/orca/workspaces/traco-ios/lote-ia-09c/build/Build/Products/Debug-iphonesimulator/Traco.app/PlugIns (in target 'Traco' from project 'Traco')
    cd /Users/vitorepf/orca/workspaces/traco-ios/lote-ia-09c
    /bin/mkdir -p /Users/vitorepf/orca/workspaces/traco-ios/lote-ia-09c/build/Build/Products/Debug-iphonesimulator/Traco.app/PlugIns

MkDir /Users/vitorepf/orca/workspaces/traco-ios/lote-ia-09c/build/Build/Products/Debug-iphonesimulator/Traco.app/PlugIns/TracoTests.xctest (in target 'TracoTests' from project 'Traco')
    cd /Users/vitorepf/orca/workspaces/traco-ios/lote-ia-09c
    /bin/mkdir -p /Users/vitorepf/orca/workspaces/traco-ios/lote-ia-09c/build/Build/Products/Debug-iphonesimulator/Traco.app/PlugIns/TracoTests.xctest

MkDir /Users/vitorepf/orca/workspaces/traco-ios/lote-ia-09c/build/Build/Products/Debug-iphonesimulator/Traco.app/Frameworks (in target 'Traco' from project 'Traco')
    cd /Users/vitorepf/orca/workspaces/traco-ios/lote-ia-09c
    /bin/mkdir -p /Users/vitorepf/orca/workspaces/traco-ios/lote-ia-09c/build/Build/Products/Debug-iphonesimulator/Traco.app/Frameworks

MkDir /Users/vitorepf/orca/workspaces/traco-ios/lote-ia-09c/build/Build/Products/Debug-iphonesimulator/Traco.app (in target 'Traco' from project 'Traco')
    cd /Users/vitorepf/orca/workspaces/traco-ios/lote-ia-09c
    /bin/mkdir -p /Users/vitorepf/orca/workspaces/traco-ios/lote-ia-09c/build/Build/Products/Debug-iphonesimulator/Traco.app

ProcessProductPackaging /Users/vitorepf/orca/workspaces/traco-ios/lote-ia-09c/TracoWidget/TracoWidget.entitlements /Users/vitorepf/orca/workspaces/traco-ios/lote-ia-09c/build/Build/Intermediates.noindex/Traco.build/Debug-iphonesimulator/TracoWidget.build/TracoWidget.appex.xcent (in target 'TracoWidget' from project 'Traco')
    cd /Users/vitorepf/orca/workspaces/traco-ios/lote-ia-09c
    
    Entitlements:
    
    {
}
    
    builtin-productPackagingUtility /Users/vitorepf/orca/workspaces/traco-ios/lote-ia-09c/TracoWidget/TracoWidget.entitlements -entitlements -format xml -o /Users/vitorepf/orca/workspaces/traco-ios/lote-ia-09c/build/Build/Intermediates.noindex/Traco.build/Debug-iphonesimulator/TracoWidget.build/TracoWidget.appex.xcent

ProcessProductPackaging /Users/vitorepf/orca/workspaces/traco-ios/lote-ia-09c/TracoWidget/TracoWidget.entitlements /Users/vitorepf/orca/workspaces/traco-ios/lote-ia-09c/build/Build/Intermediates.noindex/Traco.build/Debug-iphonesimulator/TracoWidget.build/TracoWidget.appex-Simulated.xcent (in target 'TracoWidget' from project 'Traco')
    cd /Users/vitorepf/orca/workspaces/traco-ios/lote-ia-09c
    
    Entitlements:
    
    {
    "application-identifier" = "W28WF9A5A2.app.traco.widget";
    "com.apple.security.application-groups" =     (
        "group.app.traco"
    );
}
    
    builtin-productPackagingUtility /Users/vitorepf/orca/workspaces/traco-ios/lote-ia-09c/TracoWidget/TracoWidget.entitlements -entitlements -format xml -o /Users/vitorepf/orca/workspaces/traco-ios/lote-ia-09c/build/Build/Intermediates.noindex/Traco.build/Debug-iphonesimulator/TracoWidget.build/TracoWidget.appex-Simulated.xcent

ProcessProductPackagingDER /Users/vitorepf/orca/workspaces/traco-ios/lote-ia-09c/build/Build/Intermediates.noindex/Traco.build/Debug-iphonesimulator/TracoWidget.build/TracoWidget.appex-Simulated.xcent /Users/vitorepf/orca/workspaces/traco-ios/lote-ia-09c/build/Build/Intermediates.noindex/Traco.build/Debug-iphonesimulator/TracoWidget.build/TracoWidget.appex-Simulated.xcent.der (in target 'TracoWidget' from project 'Traco')
    cd /Users/vitorepf/orca/workspaces/traco-ios/lote-ia-09c
    /usr/bin/derq query -f xml -i /Users/vitorepf/orca/workspaces/traco-ios/lote-ia-09c/build/Build/Intermediates.noindex/Traco.build/Debug-iphonesimulator/TracoWidget.build/TracoWidget.appex-Simulated.xcent -o /Users/vitorepf/orca/workspaces/traco-ios/lote-ia-09c/build/Build/Intermediates.noindex/Traco.build/Debug-iphonesimulator/TracoWidget.build/TracoWidget.appex-Simulated.xcent.der --raw

ProcessProductPackagingDER /Users/vitorepf/orca/workspaces/traco-ios/lote-ia-09c/build/Build/Intermediates.noindex/Traco.build/Debug-iphonesimulator/TracoWidget.build/TracoWidget.appex.xcent /Users/vitorepf/orca/workspaces/traco-ios/lote-ia-09c/build/Build/Intermediates.noindex/Traco.build/Debug-iphonesimulator/TracoWidget.build/TracoWidget.appex.xcent.der (in target 'TracoWidget' from project 'Traco')
    cd /Users/vitorepf/orca/workspaces/traco-ios/lote-ia-09c
    /usr/bin/derq query -f xml -i /Users/vitorepf/orca/workspaces/traco-ios/lote-ia-09c/build/Build/Intermediates.noindex/Traco.build/Debug-iphonesimulator/TracoWidget.build/TracoWidget.appex.xcent -o /Users/vitorepf/orca/workspaces/traco-ios/lote-ia-09c/build/Build/Intermediates.noindex/Traco.build/Debug-iphonesimulator/TracoWidget.build/TracoWidget.appex.xcent.der --raw

ProcessInfoPlistFile /Users/vitorepf/orca/workspaces/traco-ios/lote-ia-09c/build/Build/Products/Debug-iphonesimulator/TracoWidget.appex/Info.plist /Users/vitorepf/orca/workspaces/traco-ios/lote-ia-09c/TracoWidget/Info.plist (in target 'TracoWidget' from project 'Traco')
    cd /Users/vitorepf/orca/workspaces/traco-ios/lote-ia-09c
    builtin-infoPlistUtility /Users/vitorepf/orca/workspaces/traco-ios/lote-ia-09c/TracoWidget/Info.plist -producttype com.apple.product-type.app-extension -expandbuildsettings -format binary -platform iphonesimulator -o /Users/vitorepf/orca/workspaces/traco-ios/lote-ia-09c/build/Build/Products/Debug-iphonesimulator/TracoWidget.appex/Info.plist

Ld /Users/vitorepf/orca/workspaces/traco-ios/lote-ia-09c/build/Build/Products/Debug-iphonesimulator/TracoWidget.appex/__preview.dylib normal (in target 'TracoWidget' from project 'Traco')
    cd /Users/vitorepf/orca/workspaces/traco-ios/lote-ia-09c
    /Applications/Xcode.app/Contents/Developer/Toolchains/XcodeDefault.xctoolchain/usr/bin/clang -Xlinker -reproducible -target arm64-apple-ios26.0-simulator -dynamiclib -isysroot /Applications/Xcode.app/Contents/Developer/Platforms/iPhoneSimulator.platform/Developer/SDKs/iPhoneSimulator26.5.sdk -O0 -L/Users/vitorepf/orca/workspaces/traco-ios/lote-ia-09c/build/Build/Products/Debug-iphonesimulator -F/Users/vitorepf/orca/workspaces/traco-ios/lote-ia-09c/build/Build/Products/Debug-iphonesimulator -install_name @rpath/TracoWidget.debug.dylib -Xlinker -dead_strip -rdynamic -Xlinker -no_deduplicate -Xlinker -objc_abi_version -Xlinker 2 -Xlinker -dependency_info -Xlinker /Users/vitorepf/orca/workspaces/traco-ios/lote-ia-09c/build/Build/Intermediates.noindex/Traco.build/Debug-iphonesimulator/TracoWidget.build/Objects-normal/arm64/TracoWidget_dependency_info.dat -Xlinker -sectcreate -Xlinker __TEXT -Xlinker __entitlements -Xlinker /Users/vitorepf/orca/workspaces/traco-ios/lote-ia-09c/build/Build/Intermediates.noindex/Traco.build/Debug-iphonesimulator/TracoWidget.build/TracoWidget.appex-Simulated.xcent -Xlinker -sectcreate -Xlinker __TEXT -Xlinker __ents_der -Xlinker /Users/vitorepf/orca/workspaces/traco-ios/lote-ia-09c/build/Build/Intermediates.noindex/Traco.build/Debug-iphonesimulator/TracoWidget.build/TracoWidget.appex-Simulated.xcent.der -Xlinker -no_adhoc_codesign -o /Users/vitorepf/orca/workspaces/traco-ios/lote-ia-09c/build/Build/Products/Debug-iphonesimulator/TracoWidget.appex/__preview.dylib

SwiftDriver TracoWidget normal arm64 com.apple.xcode.tools.swift.compiler (in target 'TracoWidget' from project 'Traco')
    cd /Users/vitorepf/orca/workspaces/traco-ios/lote-ia-09c
    builtin-SwiftDriver -- /Applications/Xcode.app/Contents/Developer/Toolchains/XcodeDefault.xctoolchain/usr/bin/swiftc -module-name TracoWidget -Onone @/Users/vitorepf/orca/workspaces/traco-ios/lote-ia-09c/build/Build/Intermediates.noindex/Traco.build/Debug-iphonesimulator/TracoWidget.build/Objects-normal/arm64/TracoWidget.SwiftFileList -DDEBUG -default-isolation\=MainActor -enable-experimental-feature DebugDescriptionMacro -sdk /Applications/Xcode.app/Contents/Developer/Platforms/iPhoneSimulator.platform/Developer/SDKs/iPhoneSimulator26.5.sdk -target arm64-apple-ios26.0-simulator -g -module-cache-path /Users/vitorepf/orca/workspaces/traco-ios/lote-ia-09c/build/ModuleCache.noindex -Xfrontend -serialize-debugging-options -application-extension -enable-testing -index-store-path /Users/vitorepf/orca/workspaces/traco-ios/lote-ia-09c/build/Index.noindex/DataStore -Xcc -D_LIBCPP_HARDENING_MODE\=_LIBCPP_HARDENING_MODE_DEBUG -swift-version 6 -I /Users/vitorepf/orca/workspaces/traco-ios/lote-ia-09c/build/Build/Products/Debug-iphonesimulator -F /Users/vitorepf/orca/workspaces/traco-ios/lote-ia-09c/build/Build/Products/Debug-iphonesimulator -c -j18 -enable-batch-mode -incremental -Xcc -ivfsstatcache -Xcc /Users/vitorepf/orca/workspaces/traco-ios/lote-ia-09c/build/SDKStatCaches.noindex/iphonesimulator26.5-23F81a-6cfe768891a92b912361537c460fe42b.sdkstatcache -output-file-map /Users/vitorepf/orca/workspaces/traco-ios/lote-ia-09c/build/Build/Intermediates.noindex/Traco.build/Debug-iphonesimulator/TracoWidget.build/Objects-normal/arm64/TracoWidget-OutputFileMap.json -use-frontend-parseable-output -save-temps -no-color-diagnostics -explicit-module-build -module-cache-path /Users/vitorepf/orca/workspaces/traco-ios/lote-ia-09c/build/Build/Intermediates.noindex/SwiftExplicitPrecompiledModules -clang-scanner-module-cache-path /Users/vitorepf/orca/workspaces/traco-ios/lote-ia-09c/build/ModuleCache.noindex -sdk-module-cache-path /Users/vitorepf/orca/workspaces/traco-ios/lote-ia-09c/build/ModuleCache.noindex -serialize-diagnostics -emit-dependencies -emit-module -emit-module-path /Users/vitorepf/orca/workspaces/traco-ios/lote-ia-09c/build/Build/Intermediates.noindex/Traco.build/Debug-iphonesimulator/TracoWidget.build/Objects-normal/arm64/TracoWidget.swiftmodule -validate-clang-modules-once -clang-build-session-file /Users/vitorepf/orca/workspaces/traco-ios/lote-ia-09c/build/ModuleCache.noindex/Session.modulevalidation -Xcc -I/Users/vitorepf/orca/workspaces/traco-ios/lote-ia-09c/build/Build/Intermediates.noindex/Traco.build/Debug-iphonesimulator/TracoWidget.build/swift-overrides.hmap -emit-const-values -Xfrontend -const-gather-protocols-file -Xfrontend /Users/vitorepf/orca/workspaces/traco-ios/lote-ia-09c/build/Build/Intermediates.noindex/Traco.build/Debug-iphonesimulator/TracoWidget.build/Objects-normal/arm64/TracoWidget_const_extract_protocols.json -Xcc -iquote -Xcc /Users/vitorepf/orca/workspaces/traco-ios/lote-ia-09c/build/Build/Intermediates.noindex/Traco.build/Debug-iphonesimulator/TracoWidget.build/TracoWidget-generated-files.hmap -Xcc -I/Users/vitorepf/orca/workspaces/traco-ios/lote-ia-09c/build/Build/Intermediates.noindex/Traco.build/Debug-iphonesimulator/TracoWidget.build/TracoWidget-own-target-headers.hmap -Xcc -I/Users/vitorepf/orca/workspaces/traco-ios/lote-ia-09c/build/Build/Intermediates.noindex/Traco.build/Debug-iphonesimulator/TracoWidget.build/TracoWidget-all-target-headers.hmap -Xcc -iquote -Xcc /Users/vitorepf/orca/workspaces/traco-ios/lote-ia-09c/build/Build/Intermediates.noindex/Traco.build/Debug-iphonesimulator/TracoWidget.build/TracoWidget-project-headers.hmap -Xcc -I/Users/vitorepf/orca/workspaces/traco-ios/lote-ia-09c/build/Build/Products/Debug-iphonesimulator/include -Xcc -I/Users/vitorepf/orca/workspaces/traco-ios/lote-ia-09c/build/Build/Intermediates.noindex/Traco.build/Debug-iphonesimulator/TracoWidget.build/DerivedSources-normal/arm64 -Xcc -I/Users/vitorepf/orca/workspaces/traco-ios/lote-ia-09c/build/Build/Intermediates.noindex/Traco.build/Debug-iphonesimulator/TracoWidget.build/DerivedSources/arm64 -Xcc -I/Users/vitorepf/orca/workspaces/traco-ios/lote-ia-09c/build/Build/Intermediates.noindex/Traco.build/Debug-iphonesimulator/TracoWidget.build/DerivedSources -Xcc -DDEBUG\=1 -emit-objc-header -emit-objc-header-path /Users/vitorepf/orca/workspaces/traco-ios/lote-ia-09c/build/Build/Intermediates.noindex/Traco.build/Debug-iphonesimulator/TracoWidget.build/Objects-normal/arm64/TracoWidget-Swift.h -working-directory /Users/vitorepf/orca/workspaces/traco-ios/lote-ia-09c -experimental-emit-module-separately -disable-cmo

SwiftExplicitDependencyGeneratePcm arm64 /Users/vitorepf/orca/workspaces/traco-ios/lote-ia-09c/build/ModuleCache.noindex/ptrauth-QA9QA5HMN76PNVBXPVQZE74Q.pcm

SwiftExplicitDependencyGeneratePcm arm64 /Users/vitorepf/orca/workspaces/traco-ios/lote-ia-09c/build/ModuleCache.noindex/SwiftShims-66KLPJR0L2LPQ1FPVEV0RTUGK.pcm

SwiftExplicitDependencyGeneratePcm arm64 /Users/vitorepf/orca/workspaces/traco-ios/lote-ia-09c/build/ModuleCache.noindex/_Builtin_float-APDMR7PXJY4530W8JIVMRH3Q7.pcm

SwiftExplicitDependencyGeneratePcm arm64 /Users/vitorepf/orca/workspaces/traco-ios/lote-ia-09c/build/ModuleCache.noindex/DeveloperToolsSupport-AAFRLOYQ7JUGPX4HAWFAWYVK8.pcm

SwiftExplicitDependencyGeneratePcm arm64 /Users/vitorepf/orca/workspaces/traco-ios/lote-ia-09c/build/ModuleCache.noindex/_Builtin_stddef-9NR01S3SWKHM33FOD51I5ESJ9.pcm

SwiftExplicitDependencyGeneratePcm arm64 /Users/vitorepf/orca/workspaces/traco-ios/lote-ia-09c/build/ModuleCache.noindex/_AvailabilityInternal-ECV85GK6C0QIQVI77RDJKMW17.pcm

SwiftExplicitDependencyGeneratePcm arm64 /Users/vitorepf/orca/workspaces/traco-ios/lote-ia-09c/build/ModuleCache.noindex/_SwiftConcurrencyShims-4NCUWGM7S9B2PFXNYQNEKQSQG.pcm

SwiftExplicitDependencyGeneratePcm arm64 /Users/vitorepf/orca/workspaces/traco-ios/lote-ia-09c/build/ModuleCache.noindex/ActivityKit-9AI6TXTYKNC16DCMN2R9GQPHR.pcm

SwiftExplicitDependencyGeneratePcm arm64 /Users/vitorepf/orca/workspaces/traco-ios/lote-ia-09c/build/ModuleCache.noindex/_Builtin_stdarg-8JR2T4KJERKQY35PGDB727YAH.pcm

SwiftExplicitDependencyGeneratePcm arm64 /Users/vitorepf/orca/workspaces/traco-ios/lote-ia-09c/build/ModuleCache.noindex/_Builtin_stdbool-A0S4F1P9Q7532O752418M0SJB.pcm

SwiftExplicitDependencyGeneratePcm arm64 /Users/vitorepf/orca/workspaces/traco-ios/lote-ia-09c/build/ModuleCache.noindex/ptrcheck-2ESH4KVKYQL6VTBP2993HIY9M.pcm

SwiftExplicitDependencyGeneratePcm arm64 /Users/vitorepf/orca/workspaces/traco-ios/lote-ia-09c/build/ModuleCache.noindex/_DarwinFoundation1-D4D4E17YAQHYNU51CZI0IOL51.pcm

SwiftExplicitDependencyGeneratePcm arm64 /Users/vitorepf/orca/workspaces/traco-ios/lote-ia-09c/build/ModuleCache.noindex/_DarwinFoundation2-1ZSH3FCDOBPF7QHLJX10HRLE3.pcm

SwiftExplicitDependencyGeneratePcm arm64 /Users/vitorepf/orca/workspaces/traco-ios/lote-ia-09c/build/ModuleCache.noindex/ExtensionFoundation-62QFJ85MSNN4RK0IVG4IG6LPA.pcm

SwiftExplicitDependencyGeneratePcm arm64 /Users/vitorepf/orca/workspaces/traco-ios/lote-ia-09c/build/ModuleCache.noindex/_Builtin_limits-7Y6L4X2QZJINJ5XFK2UQ9VX2R.pcm

SwiftExplicitDependencyGeneratePcm arm64 /Users/vitorepf/orca/workspaces/traco-ios/lote-ia-09c/build/ModuleCache.noindex/_Builtin_tgmath-8FTY7AD1YFR6KLVPYQQDVYV8T.pcm

SwiftExplicitDependencyGeneratePcm arm64 /Users/vitorepf/orca/workspaces/traco-ios/lote-ia-09c/build/ModuleCache.noindex/_Builtin_stdint-DYAFDRIWKYTRDF1O2JSNWJSB4.pcm

SwiftExplicitDependencyGeneratePcm arm64 /Users/vitorepf/orca/workspaces/traco-ios/lote-ia-09c/build/ModuleCache.noindex/sys_types-DWB6O5EVVD3L73XWV2O00TRWX.pcm

SwiftExplicitDependencyGeneratePcm arm64 /Users/vitorepf/orca/workspaces/traco-ios/lote-ia-09c/build/ModuleCache.noindex/_Builtin_intrinsics-2Z3I1H7B22U7MDQMAOSM9I68U.pcm

SwiftExplicitDependencyGeneratePcm arm64 /Users/vitorepf/orca/workspaces/traco-ios/lote-ia-09c/build/ModuleCache.noindex/_Builtin_stdatomic-T4N8RGM5T2Q2UDYETBJDQ735.pcm

SwiftExplicitDependencyGeneratePcm arm64 /Users/vitorepf/orca/workspaces/traco-ios/lote-ia-09c/build/ModuleCache.noindex/_DarwinFoundation3-CQ9BVLAHHQY7ZU0G7LRJWYO57.pcm

SwiftExplicitDependencyGeneratePcm arm64 /Users/vitorepf/orca/workspaces/traco-ios/lote-ia-09c/build/ModuleCache.noindex/_Builtin_inttypes-F4Y1LMHXTA98AYO8CDKKU30D.pcm

SwiftExplicitDependencyGeneratePcm arm64 /Users/vitorepf/orca/workspaces/traco-ios/lote-ia-09c/build/ModuleCache.noindex/Darwin-3VDKZSCBXSKPPLYDM40VXJ74S.pcm

SwiftExplicitDependencyGeneratePcm arm64 /Users/vitorepf/orca/workspaces/traco-ios/lote-ia-09c/build/ModuleCache.noindex/simd-5XAN3K4LYU9QTOJ5YRK4E4X3M.pcm

SwiftExplicitDependencyGeneratePcm arm64 /Users/vitorepf/orca/workspaces/traco-ios/lote-ia-09c/build/ModuleCache.noindex/MachO-6FYLL1YEPXN6ZPBPDGV2YUS3P.pcm

SwiftExplicitDependencyGeneratePcm arm64 /Users/vitorepf/orca/workspaces/traco-ios/lote-ia-09c/build/ModuleCache.noindex/ObjectiveC-54TY2KIJG76LYM56WJ244B2SQ.pcm

SwiftExplicitDependencyGeneratePcm arm64 /Users/vitorepf/orca/workspaces/traco-ios/lote-ia-09c/build/ModuleCache.noindex/os_object-81SYVMZR84L3OJEFY7PJJ0VLH.pcm

SwiftExplicitDependencyGeneratePcm arm64 /Users/vitorepf/orca/workspaces/traco-ios/lote-ia-09c/build/ModuleCache.noindex/Spatial-GEEQF7HB1AVVMD9L61C9L4FN.pcm

SwiftExplicitDependencyGeneratePcm arm64 /Users/vitorepf/orca/workspaces/traco-ios/lote-ia-09c/build/ModuleCache.noindex/os_workgroup-DCH3HSNTK2236BB1Z7QLBVR0A.pcm

SwiftExplicitDependencyGeneratePcm arm64 /Users/vitorepf/orca/workspaces/traco-ios/lote-ia-09c/build/ModuleCache.noindex/Dispatch-6TBTPUF686VL9L5HLBS40YY5V.pcm

SwiftExplicitDependencyGeneratePcm arm64 /Users/vitorepf/orca/workspaces/traco-ios/lote-ia-09c/build/ModuleCache.noindex/dnssd-CQMUYQBAZ1XLR2XSWPHM53C3P.pcm

SwiftExplicitDependencyGeneratePcm arm64 /Users/vitorepf/orca/workspaces/traco-ios/lote-ia-09c/build/ModuleCache.noindex/XPC-E55FQTWW3R1ST8K4CT9DF7ZVA.pcm

SwiftExplicitDependencyGeneratePcm arm64 /Users/vitorepf/orca/workspaces/traco-ios/lote-ia-09c/build/ModuleCache.noindex/CoreFoundation-6B7APV1E8REPNYASIB6LOLZC9.pcm

SwiftExplicitDependencyGeneratePcm arm64 /Users/vitorepf/orca/workspaces/traco-ios/lote-ia-09c/build/ModuleCache.noindex/os-6I0FZVG7FBBR2KXKFH0CDC73U.pcm

SwiftExplicitDependencyGeneratePcm arm64 /Users/vitorepf/orca/workspaces/traco-ios/lote-ia-09c/build/ModuleCache.noindex/Security-2FHM2L8NAUG6BIIOIVBGLT7ZZ.pcm

SwiftExplicitDependencyGeneratePcm arm64 /Users/vitorepf/orca/workspaces/traco-ios/lote-ia-09c/build/ModuleCache.noindex/CoreGraphics-CINWJP13K5IB3CWURYPEZHAAN.pcm

SwiftExplicitDependencyGeneratePcm arm64 /Users/vitorepf/orca/workspaces/traco-ios/lote-ia-09c/build/ModuleCache.noindex/CFNetwork-A75RH76G6LE73IJRGVWZXVNNW.pcm

SwiftExplicitDependencyGeneratePcm arm64 /Users/vitorepf/orca/workspaces/traco-ios/lote-ia-09c/build/ModuleCache.noindex/Foundation-EMC8U38I0LZZU2QGA3WWFEQTD.pcm

SwiftExplicitDependencyGeneratePcm arm64 /Users/vitorepf/orca/workspaces/traco-ios/lote-ia-09c/build/ModuleCache.noindex/ImageIO-5QKSDC9LSINYTLZZIRWYZDE27.pcm

SwiftExplicitDependencyGeneratePcm arm64 /Users/vitorepf/orca/workspaces/traco-ios/lote-ia-09c/build/ModuleCache.noindex/CoreText-AKPUW81BK7WNF5GPLXI2J2NBY.pcm

SwiftExplicitDependencyGeneratePcm arm64 /Users/vitorepf/orca/workspaces/traco-ios/lote-ia-09c/build/ModuleCache.noindex/UserNotifications-CQBAU3G50KW6EXBXHWFN16P44.pcm

SwiftExplicitDependencyGeneratePcm arm64 /Users/vitorepf/orca/workspaces/traco-ios/lote-ia-09c/build/ModuleCache.noindex/FileProvider-9X2HJ9W8QO5B51H3ZNLHD8Y05.pcm

SwiftExplicitDependencyGeneratePcm arm64 /Users/vitorepf/orca/workspaces/traco-ios/lote-ia-09c/build/ModuleCache.noindex/Accessibility-3SFWQQGT887IJUL7HL723IFM1.pcm

SwiftExplicitDependencyGeneratePcm arm64 /Users/vitorepf/orca/workspaces/traco-ios/lote-ia-09c/build/ModuleCache.noindex/WidgetKit-3QIKHURFW19ANKD712TWESDY2.pcm

SwiftExplicitDependencyGeneratePcm arm64 /Users/vitorepf/orca/workspaces/traco-ios/lote-ia-09c/build/ModuleCache.noindex/CoreData-3JD4XUQ53RVLJNWI2HYSJAZ9A.pcm

SwiftExplicitDependencyGeneratePcm arm64 /Users/vitorepf/orca/workspaces/traco-ios/lote-ia-09c/build/ModuleCache.noindex/AppIntents-44PKLZED9VSAJ8YA9K2E1TPDJ.pcm

SwiftExplicitDependencyGeneratePcm arm64 /Users/vitorepf/orca/workspaces/traco-ios/lote-ia-09c/build/ModuleCache.noindex/Symbols-6FTCZKRQONCRLPPSN6BGI3IJQ.pcm

SwiftExplicitDependencyGeneratePcm arm64 /Users/vitorepf/orca/workspaces/traco-ios/lote-ia-09c/build/ModuleCache.noindex/UIUtilities-9STMZIL97ATH0VJDJY6WOI0XL.pcm

SwiftExplicitDependencyGeneratePcm arm64 /Users/vitorepf/orca/workspaces/traco-ios/lote-ia-09c/build/ModuleCache.noindex/DataDetection-26X823V2B3LHLB73LZNXFWGX.pcm

SwiftExplicitDependencyGeneratePcm arm64 /Users/vitorepf/orca/workspaces/traco-ios/lote-ia-09c/build/ModuleCache.noindex/RelevanceKit-C1BT21Z3Z8HW953YSVSJMN2N1.pcm

SwiftExplicitDependencyGeneratePcm arm64 /Users/vitorepf/orca/workspaces/traco-ios/lote-ia-09c/build/ModuleCache.noindex/OpenGLES-6FBGDS8W4YTBZYB49T7QD5RUA.pcm

SwiftExplicitDependencyGeneratePcm arm64 /Users/vitorepf/orca/workspaces/traco-ios/lote-ia-09c/build/ModuleCache.noindex/CoreTransferable-ANV24C3NL7GH2QV84GBJ78ITT.pcm

SwiftExplicitDependencyGeneratePcm arm64 /Users/vitorepf/orca/workspaces/traco-ios/lote-ia-09c/build/ModuleCache.noindex/_LocationEssentials-CFUI4LPFYH9GCQ0DK1DDTCP5K.pcm

SwiftExplicitDependencyGeneratePcm arm64 /Users/vitorepf/orca/workspaces/traco-ios/lote-ia-09c/build/ModuleCache.noindex/UniformTypeIdentifiers-30ZJ5ZUQMYORJV8UA3AE5P3YM.pcm

SwiftExplicitDependencyGeneratePcm arm64 /Users/vitorepf/orca/workspaces/traco-ios/lote-ia-09c/build/ModuleCache.noindex/Network-BHHNX1TFV3CG3CJQEN10086FE.pcm

SwiftExplicitDependencyGeneratePcm arm64 /Users/vitorepf/orca/workspaces/traco-ios/lote-ia-09c/build/ModuleCache.noindex/IOSurface-6LLR1WR5VCGDF220A88H6GNUC.pcm

SwiftExplicitDependencyGeneratePcm arm64 /Users/vitorepf/orca/workspaces/traco-ios/lote-ia-09c/build/ModuleCache.noindex/OSLog-E6SVYF3KY79SOCFOA6A1TMASU.pcm

SwiftExplicitDependencyGeneratePcm arm64 /Users/vitorepf/orca/workspaces/traco-ios/lote-ia-09c/build/ModuleCache.noindex/CoreLocation-DD21PDFSXY1DAFW0NVQSK9ZU7.pcm

SwiftExplicitDependencyGeneratePcm arm64 /Users/vitorepf/orca/workspaces/traco-ios/lote-ia-09c/build/ModuleCache.noindex/Metal-5ANLAVUWO2159YJU5LIWFRBDC.pcm

SwiftExplicitDependencyGeneratePcm arm64 /Users/vitorepf/orca/workspaces/traco-ios/lote-ia-09c/build/ModuleCache.noindex/CoreSpotlight-DU9KF7JV87S5DS7Z1CHXEFP2G.pcm

SwiftExplicitDependencyGeneratePcm arm64 /Users/vitorepf/orca/workspaces/traco-ios/lote-ia-09c/build/ModuleCache.noindex/Intents-15WSR482TWM1AVC5NVRRYPYH2.pcm

SwiftExplicitDependencyGeneratePcm arm64 /Users/vitorepf/orca/workspaces/traco-ios/lote-ia-09c/build/ModuleCache.noindex/CoreVideo-7UGV4VFL267HQ5L61C8OA8MGT.pcm

SwiftExplicitDependencyGeneratePcm arm64 /Users/vitorepf/orca/workspaces/traco-ios/lote-ia-09c/build/ModuleCache.noindex/QuartzCore-6OPWP3VDIXJFHPYBECUL94QDI.pcm

SwiftExplicitDependencyGeneratePcm arm64 /Users/vitorepf/orca/workspaces/traco-ios/lote-ia-09c/build/ModuleCache.noindex/CoreImage-DLNBHXX3AX2NCEGDC23OJ7UDC.pcm

SwiftExplicitDependencyGeneratePcm arm64 /Users/vitorepf/orca/workspaces/traco-ios/lote-ia-09c/build/ModuleCache.noindex/SwiftUICore-4TQPOQ7SXGJ30JSTO6JIAGXP.pcm

SwiftExplicitDependencyGeneratePcm arm64 /Users/vitorepf/orca/workspaces/traco-ios/lote-ia-09c/build/ModuleCache.noindex/UIKit-9763ZKULON87GO3HISHL28RRN.pcm

SwiftExplicitDependencyGeneratePcm arm64 /Users/vitorepf/orca/workspaces/traco-ios/lote-ia-09c/build/ModuleCache.noindex/SwiftUI-87ZRHWPL0O03H0Y0JCI33GW.pcm

SwiftCompile normal arm64 Compiling\ Tema.swift /Users/vitorepf/orca/workspaces/traco-ios/lote-ia-09c/Traco/Tema.swift (in target 'TracoWidget' from project 'Traco')

SwiftCompile normal arm64 /Users/vitorepf/orca/workspaces/traco-ios/lote-ia-09c/Traco/Tema.swift (in target 'TracoWidget' from project 'Traco')
    cd /Users/vitorepf/orca/workspaces/traco-ios/lote-ia-09c
    

SwiftEmitModule normal arm64 Emitting\ module\ for\ TracoWidget (in target 'TracoWidget' from project 'Traco')

EmitSwiftModule normal arm64 (in target 'TracoWidget' from project 'Traco')
    cd /Users/vitorepf/orca/workspaces/traco-ios/lote-ia-09c
    

SwiftCompile normal arm64 Compiling\ Relogio.swift /Users/vitorepf/orca/workspaces/traco-ios/lote-ia-09c/TracoWidget/Relogio.swift (in target 'TracoWidget' from project 'Traco')

SwiftCompile normal arm64 /Users/vitorepf/orca/workspaces/traco-ios/lote-ia-09c/TracoWidget/Relogio.swift (in target 'TracoWidget' from project 'Traco')
    cd /Users/vitorepf/orca/workspaces/traco-ios/lote-ia-09c
    

SwiftCompile normal arm64 Compiling\ TracoWidget.swift /Users/vitorepf/orca/workspaces/traco-ios/lote-ia-09c/TracoWidget/TracoWidget.swift (in target 'TracoWidget' from project 'Traco')
SwiftCompile normal arm64 /Users/vitorepf/orca/workspaces/traco-ios/lote-ia-09c/TracoWidget/TracoWidget.swift (in target 'TracoWidget' from project 'Traco')
    cd /Users/vitorepf/orca/workspaces/traco-ios/lote-ia-09c
    

SwiftCompile normal arm64 Compiling\ SuperficieFora.swift /Users/vitorepf/orca/workspaces/traco-ios/lote-ia-09c/Traco/App/Intents/Compartilhado/SuperficieFora.swift (in target 'TracoWidget' from project 'Traco')

SwiftCompile normal arm64 /Users/vitorepf/orca/workspaces/traco-ios/lote-ia-09c/Traco/App/Intents/Compartilhado/SuperficieFora.swift (in target 'TracoWidget' from project 'Traco')
    cd /Users/vitorepf/orca/workspaces/traco-ios/lote-ia-09c
    

SwiftCompile normal arm64 Compiling\ DestaqueFeitoIntent.swift /Users/vitorepf/orca/workspaces/traco-ios/lote-ia-09c/Traco/App/Intents/Compartilhado/DestaqueFeitoIntent.swift (in target 'TracoWidget' from project 'Traco')

SwiftCompile normal arm64 /Users/vitorepf/orca/workspaces/traco-ios/lote-ia-09c/Traco/App/Intents/Compartilhado/DestaqueFeitoIntent.swift (in target 'TracoWidget' from project 'Traco')
    cd /Users/vitorepf/orca/workspaces/traco-ios/lote-ia-09c
    

SwiftCompile normal arm64 Compiling\ Atividades.swift /Users/vitorepf/orca/workspaces/traco-ios/lote-ia-09c/Traco/App/Intents/Compartilhado/Atividades.swift (in target 'TracoWidget' from project 'Traco')

SwiftCompile normal arm64 /Users/vitorepf/orca/workspaces/traco-ios/lote-ia-09c/Traco/App/Intents/Compartilhado/Atividades.swift (in target 'TracoWidget' from project 'Traco')
    cd /Users/vitorepf/orca/workspaces/traco-ios/lote-ia-09c
    

SwiftCompile normal arm64 Compiling\ CapturarIntent.swift /Users/vitorepf/orca/workspaces/traco-ios/lote-ia-09c/Traco/App/Intents/Compartilhado/CapturarIntent.swift (in target 'TracoWidget' from project 'Traco')

SwiftCompile normal arm64 /Users/vitorepf/orca/workspaces/traco-ios/lote-ia-09c/Traco/App/Intents/Compartilhado/CapturarIntent.swift (in target 'TracoWidget' from project 'Traco')
    cd /Users/vitorepf/orca/workspaces/traco-ios/lote-ia-09c
    

SwiftCompile normal arm64 Compiling\ LembrarDepoisIntent.swift /Users/vitorepf/orca/workspaces/traco-ios/lote-ia-09c/Traco/App/Intents/Compartilhado/LembrarDepoisIntent.swift (in target 'TracoWidget' from project 'Traco')

SwiftCompile normal arm64 /Users/vitorepf/orca/workspaces/traco-ios/lote-ia-09c/Traco/App/Intents/Compartilhado/LembrarDepoisIntent.swift (in target 'TracoWidget' from project 'Traco')
    cd /Users/vitorepf/orca/workspaces/traco-ios/lote-ia-09c
    

SwiftDriverJobDiscovery normal arm64 Emitting module for TracoWidget (in target 'TracoWidget' from project 'Traco')

SwiftDriver\ Compilation\ Requirements TracoWidget normal arm64 com.apple.xcode.tools.swift.compiler (in target 'TracoWidget' from project 'Traco')
    cd /Users/vitorepf/orca/workspaces/traco-ios/lote-ia-09c
    builtin-Swift-Compilation-Requirements -- /Applications/Xcode.app/Contents/Developer/Toolchains/XcodeDefault.xctoolchain/usr/bin/swiftc -module-name TracoWidget -Onone @/Users/vitorepf/orca/workspaces/traco-ios/lote-ia-09c/build/Build/Intermediates.noindex/Traco.build/Debug-iphonesimulator/TracoWidget.build/Objects-normal/arm64/TracoWidget.SwiftFileList -DDEBUG -default-isolation\=MainActor -enable-experimental-feature DebugDescriptionMacro -sdk /Applications/Xcode.app/Contents/Developer/Platforms/iPhoneSimulator.platform/Developer/SDKs/iPhoneSimulator26.5.sdk -target arm64-apple-ios26.0-simulator -g -module-cache-path /Users/vitorepf/orca/workspaces/traco-ios/lote-ia-09c/build/ModuleCache.noindex -Xfrontend -serialize-debugging-options -application-extension -enable-testing -index-store-path /Users/vitorepf/orca/workspaces/traco-ios/lote-ia-09c/build/Index.noindex/DataStore -Xcc -D_LIBCPP_HARDENING_MODE\=_LIBCPP_HARDENING_MODE_DEBUG -swift-version 6 -I /Users/vitorepf/orca/workspaces/traco-ios/lote-ia-09c/build/Build/Products/Debug-iphonesimulator -F /Users/vitorepf/orca/workspaces/traco-ios/lote-ia-09c/build/Build/Products/Debug-iphonesimulator -c -j18 -enable-batch-mode -incremental -Xcc -ivfsstatcache -Xcc /Users/vitorepf/orca/workspaces/traco-ios/lote-ia-09c/build/SDKStatCaches.noindex/iphonesimulator26.5-23F81a-6cfe768891a92b912361537c460fe42b.sdkstatcache -output-file-map /Users/vitorepf/orca/workspaces/traco-ios/lote-ia-09c/build/Build/Intermediates.noindex/Traco.build/Debug-iphonesimulator/TracoWidget.build/Objects-normal/arm64/TracoWidget-OutputFileMap.json -use-frontend-parseable-output -save-temps -no-color-diagnostics -explicit-module-build -module-cache-path /Users/vitorepf/orca/workspaces/traco-ios/lote-ia-09c/build/Build/Intermediates.noindex/SwiftExplicitPrecompiledModules -clang-scanner-module-cache-path /Users/vitorepf/orca/workspaces/traco-ios/lote-ia-09c/build/ModuleCache.noindex -sdk-module-cache-path /Users/vitorepf/orca/workspaces/traco-ios/lote-ia-09c/build/ModuleCache.noindex -serialize-diagnostics -emit-dependencies -emit-module -emit-module-path /Users/vitorepf/orca/workspaces/traco-ios/lote-ia-09c/build/Build/Intermediates.noindex/Traco.build/Debug-iphonesimulator/TracoWidget.build/Objects-normal/arm64/TracoWidget.swiftmodule -validate-clang-modules-once -clang-build-session-file /Users/vitorepf/orca/workspaces/traco-ios/lote-ia-09c/build/ModuleCache.noindex/Session.modulevalidation -Xcc -I/Users/vitorepf/orca/workspaces/traco-ios/lote-ia-09c/build/Build/Intermediates.noindex/Traco.build/Debug-iphonesimulator/TracoWidget.build/swift-overrides.hmap -emit-const-values -Xfrontend -const-gather-protocols-file -Xfrontend /Users/vitorepf/orca/workspaces/traco-ios/lote-ia-09c/build/Build/Intermediates.noindex/Traco.build/Debug-iphonesimulator/TracoWidget.build/Objects-normal/arm64/TracoWidget_const_extract_protocols.json -Xcc -iquote -Xcc /Users/vitorepf/orca/workspaces/traco-ios/lote-ia-09c/build/Build/Intermediates.noindex/Traco.build/Debug-iphonesimulator/TracoWidget.build/TracoWidget-generated-files.hmap -Xcc -I/Users/vitorepf/orca/workspaces/traco-ios/lote-ia-09c/build/Build/Intermediates.noindex/Traco.build/Debug-iphonesimulator/TracoWidget.build/TracoWidget-own-target-headers.hmap -Xcc -I/Users/vitorepf/orca/workspaces/traco-ios/lote-ia-09c/build/Build/Intermediates.noindex/Traco.build/Debug-iphonesimulator/TracoWidget.build/TracoWidget-all-target-headers.hmap -Xcc -iquote -Xcc /Users/vitorepf/orca/workspaces/traco-ios/lote-ia-09c/build/Build/Intermediates.noindex/Traco.build/Debug-iphonesimulator/TracoWidget.build/TracoWidget-project-headers.hmap -Xcc -I/Users/vitorepf/orca/workspaces/traco-ios/lote-ia-09c/build/Build/Products/Debug-iphonesimulator/include -Xcc -I/Users/vitorepf/orca/workspaces/traco-ios/lote-ia-09c/build/Build/Intermediates.noindex/Traco.build/Debug-iphonesimulator/TracoWidget.build/DerivedSources-normal/arm64 -Xcc -I/Users/vitorepf/orca/workspaces/traco-ios/lote-ia-09c/build/Build/Intermediates.noindex/Traco.build/Debug-iphonesimulator/TracoWidget.build/DerivedSources/arm64 -Xcc -I/Users/vitorepf/orca/workspaces/traco-ios/lote-ia-09c/build/Build/Intermediates.noindex/Traco.build/Debug-iphonesimulator/TracoWidget.build/DerivedSources -Xcc -DDEBUG\=1 -emit-objc-header -emit-objc-header-path /Users/vitorepf/orca/workspaces/traco-ios/lote-ia-09c/build/Build/Intermediates.noindex/Traco.build/Debug-iphonesimulator/TracoWidget.build/Objects-normal/arm64/TracoWidget-Swift.h -working-directory /Users/vitorepf/orca/workspaces/traco-ios/lote-ia-09c -experimental-emit-module-separately -disable-cmo

SwiftMergeGeneratedHeaders /Users/vitorepf/orca/workspaces/traco-ios/lote-ia-09c/build/Build/Intermediates.noindex/Traco.build/Debug-iphonesimulator/TracoWidget.build/DerivedSources/TracoWidget-Swift.h /Users/vitorepf/orca/workspaces/traco-ios/lote-ia-09c/build/Build/Intermediates.noindex/Traco.build/Debug-iphonesimulator/TracoWidget.build/Objects-normal/arm64/TracoWidget-Swift.h (in target 'TracoWidget' from project 'Traco')
    cd /Users/vitorepf/orca/workspaces/traco-ios/lote-ia-09c
    builtin-swiftHeaderTool -arch arm64 /Users/vitorepf/orca/workspaces/traco-ios/lote-ia-09c/build/Build/Intermediates.noindex/Traco.build/Debug-iphonesimulator/TracoWidget.build/Objects-normal/arm64/TracoWidget-Swift.h -o /Users/vitorepf/orca/workspaces/traco-ios/lote-ia-09c/build/Build/Intermediates.noindex/Traco.build/Debug-iphonesimulator/TracoWidget.build/DerivedSources/TracoWidget-Swift.h

Copy /Users/vitorepf/orca/workspaces/traco-ios/lote-ia-09c/build/Build/Products/Debug-iphonesimulator/TracoWidget.swiftmodule/arm64-apple-ios-simulator.abi.json /Users/vitorepf/orca/workspaces/traco-ios/lote-ia-09c/build/Build/Intermediates.noindex/Traco.build/Debug-iphonesimulator/TracoWidget.build/Objects-normal/arm64/TracoWidget.abi.json (in target 'TracoWidget' from project 'Traco')
    cd /Users/vitorepf/orca/workspaces/traco-ios/lote-ia-09c
    builtin-copy -exclude .DS_Store -exclude CVS -exclude .svn -exclude .git -exclude .hg -resolve-src-symlinks -rename /Users/vitorepf/orca/workspaces/traco-ios/lote-ia-09c/build/Build/Intermediates.noindex/Traco.build/Debug-iphonesimulator/TracoWidget.build/Objects-normal/arm64/TracoWidget.abi.json /Users/vitorepf/orca/workspaces/traco-ios/lote-ia-09c/build/Build/Products/Debug-iphonesimulator/TracoWidget.swiftmodule/arm64-apple-ios-simulator.abi.json

Copy /Users/vitorepf/orca/workspaces/traco-ios/lote-ia-09c/build/Build/Products/Debug-iphonesimulator/TracoWidget.swiftmodule/arm64-apple-ios-simulator.swiftdoc /Users/vitorepf/orca/workspaces/traco-ios/lote-ia-09c/build/Build/Intermediates.noindex/Traco.build/Debug-iphonesimulator/TracoWidget.build/Objects-normal/arm64/TracoWidget.swiftdoc (in target 'TracoWidget' from project 'Traco')
    cd /Users/vitorepf/orca/workspaces/traco-ios/lote-ia-09c
    builtin-copy -exclude .DS_Store -exclude CVS -exclude .svn -exclude .git -exclude .hg -resolve-src-symlinks -rename /Users/vitorepf/orca/workspaces/traco-ios/lote-ia-09c/build/Build/Intermediates.noindex/Traco.build/Debug-iphonesimulator/TracoWidget.build/Objects-normal/arm64/TracoWidget.swiftdoc /Users/vitorepf/orca/workspaces/traco-ios/lote-ia-09c/build/Build/Products/Debug-iphonesimulator/TracoWidget.swiftmodule/arm64-apple-ios-simulator.swiftdoc

Copy /Users/vitorepf/orca/workspaces/traco-ios/lote-ia-09c/build/Build/Products/Debug-iphonesimulator/TracoWidget.swiftmodule/arm64-apple-ios-simulator.swiftmodule /Users/vitorepf/orca/workspaces/traco-ios/lote-ia-09c/build/Build/Intermediates.noindex/Traco.build/Debug-iphonesimulator/TracoWidget.build/Objects-normal/arm64/TracoWidget.swiftmodule (in target 'TracoWidget' from project 'Traco')
    cd /Users/vitorepf/orca/workspaces/traco-ios/lote-ia-09c
    builtin-copy -exclude .DS_Store -exclude CVS -exclude .svn -exclude .git -exclude .hg -resolve-src-symlinks -rename /Users/vitorepf/orca/workspaces/traco-ios/lote-ia-09c/build/Build/Intermediates.noindex/Traco.build/Debug-iphonesimulator/TracoWidget.build/Objects-normal/arm64/TracoWidget.swiftmodule /Users/vitorepf/orca/workspaces/traco-ios/lote-ia-09c/build/Build/Products/Debug-iphonesimulator/TracoWidget.swiftmodule/arm64-apple-ios-simulator.swiftmodule

Copy /Users/vitorepf/orca/workspaces/traco-ios/lote-ia-09c/build/Build/Products/Debug-iphonesimulator/TracoWidget.swiftmodule/Project/arm64-apple-ios-simulator.swiftsourceinfo /Users/vitorepf/orca/workspaces/traco-ios/lote-ia-09c/build/Build/Intermediates.noindex/Traco.build/Debug-iphonesimulator/TracoWidget.build/Objects-normal/arm64/TracoWidget.swiftsourceinfo (in target 'TracoWidget' from project 'Traco')
    cd /Users/vitorepf/orca/workspaces/traco-ios/lote-ia-09c
    builtin-copy -exclude .DS_Store -exclude CVS -exclude .svn -exclude .git -exclude .hg -resolve-src-symlinks -rename /Users/vitorepf/orca/workspaces/traco-ios/lote-ia-09c/build/Build/Intermediates.noindex/Traco.build/Debug-iphonesimulator/TracoWidget.build/Objects-normal/arm64/TracoWidget.swiftsourceinfo /Users/vitorepf/orca/workspaces/traco-ios/lote-ia-09c/build/Build/Products/Debug-iphonesimulator/TracoWidget.swiftmodule/Project/arm64-apple-ios-simulator.swiftsourceinfo

ProcessProductPackaging /Users/vitorepf/orca/workspaces/traco-ios/lote-ia-09c/Traco/Traco.entitlements /Users/vitorepf/orca/workspaces/traco-ios/lote-ia-09c/build/Build/Intermediates.noindex/Traco.build/Debug-iphonesimulator/Traco.build/Traco.app.xcent (in target 'Traco' from project 'Traco')
    cd /Users/vitorepf/orca/workspaces/traco-ios/lote-ia-09c
    
    Entitlements:
    
    {
}
    
    builtin-productPackagingUtility /Users/vitorepf/orca/workspaces/traco-ios/lote-ia-09c/Traco/Traco.entitlements -entitlements -format xml -o /Users/vitorepf/orca/workspaces/traco-ios/lote-ia-09c/build/Build/Intermediates.noindex/Traco.build/Debug-iphonesimulator/Traco.build/Traco.app.xcent

ProcessProductPackaging /Users/vitorepf/orca/workspaces/traco-ios/lote-ia-09c/Traco/Traco.entitlements /Users/vitorepf/orca/workspaces/traco-ios/lote-ia-09c/build/Build/Intermediates.noindex/Traco.build/Debug-iphonesimulator/Traco.build/Traco.app-Simulated.xcent (in target 'Traco' from project 'Traco')
    cd /Users/vitorepf/orca/workspaces/traco-ios/lote-ia-09c
    
    Entitlements:
    
    {
    "application-identifier" = "W28WF9A5A2.app.traco";
    "com.apple.developer.usernotifications.time-sensitive" = 1;
    "com.apple.security.application-groups" =     (
        "group.app.traco"
    );
}
    
    builtin-productPackagingUtility /Users/vitorepf/orca/workspaces/traco-ios/lote-ia-09c/Traco/Traco.entitlements -entitlements -format xml -o /Users/vitorepf/orca/workspaces/traco-ios/lote-ia-09c/build/Build/Intermediates.noindex/Traco.build/Debug-iphonesimulator/Traco.build/Traco.app-Simulated.xcent

ProcessProductPackagingDER /Users/vitorepf/orca/workspaces/traco-ios/lote-ia-09c/build/Build/Intermediates.noindex/Traco.build/Debug-iphonesimulator/Traco.build/Traco.app.xcent /Users/vitorepf/orca/workspaces/traco-ios/lote-ia-09c/build/Build/Intermediates.noindex/Traco.build/Debug-iphonesimulator/Traco.build/Traco.app.xcent.der (in target 'Traco' from project 'Traco')
    cd /Users/vitorepf/orca/workspaces/traco-ios/lote-ia-09c
    /usr/bin/derq query -f xml -i /Users/vitorepf/orca/workspaces/traco-ios/lote-ia-09c/build/Build/Intermediates.noindex/Traco.build/Debug-iphonesimulator/Traco.build/Traco.app.xcent -o /Users/vitorepf/orca/workspaces/traco-ios/lote-ia-09c/build/Build/Intermediates.noindex/Traco.build/Debug-iphonesimulator/Traco.build/Traco.app.xcent.der --raw

ProcessProductPackagingDER /Users/vitorepf/orca/workspaces/traco-ios/lote-ia-09c/build/Build/Intermediates.noindex/Traco.build/Debug-iphonesimulator/Traco.build/Traco.app-Simulated.xcent /Users/vitorepf/orca/workspaces/traco-ios/lote-ia-09c/build/Build/Intermediates.noindex/Traco.build/Debug-iphonesimulator/Traco.build/Traco.app-Simulated.xcent.der (in target 'Traco' from project 'Traco')
    cd /Users/vitorepf/orca/workspaces/traco-ios/lote-ia-09c
    /usr/bin/derq query -f xml -i /Users/vitorepf/orca/workspaces/traco-ios/lote-ia-09c/build/Build/Intermediates.noindex/Traco.build/Debug-iphonesimulator/Traco.build/Traco.app-Simulated.xcent -o /Users/vitorepf/orca/workspaces/traco-ios/lote-ia-09c/build/Build/Intermediates.noindex/Traco.build/Debug-iphonesimulator/Traco.build/Traco.app-Simulated.xcent.der --raw

GenerateAssetSymbols /Users/vitorepf/orca/workspaces/traco-ios/lote-ia-09c/Traco/Assets.xcassets (in target 'Traco' from project 'Traco')
    cd /Users/vitorepf/orca/workspaces/traco-ios/lote-ia-09c
    /Applications/Xcode.app/Contents/Developer/usr/bin/actool /Users/vitorepf/orca/workspaces/traco-ios/lote-ia-09c/Traco/Assets.xcassets --compile /Users/vitorepf/orca/workspaces/traco-ios/lote-ia-09c/build/Build/Products/Debug-iphonesimulator/Traco.app --output-format human-readable-text --notices --warnings --export-dependency-info /Users/vitorepf/orca/workspaces/traco-ios/lote-ia-09c/build/Build/Intermediates.noindex/Traco.build/Debug-iphonesimulator/Traco.build/assetcatalog_dependencies --output-partial-info-plist /Users/vitorepf/orca/workspaces/traco-ios/lote-ia-09c/build/Build/Intermediates.noindex/Traco.build/Debug-iphonesimulator/Traco.build/assetcatalog_generated_info.plist --app-icon AppIcon --accent-color AccentColor --compress-pngs --enable-on-demand-resources YES --development-region pt --target-device iphone --target-device ipad --minimum-deployment-target 26.0 --platform iphonesimulator --bundle-identifier app.traco --generate-swift-asset-symbol-extensions NO --generate-swift-asset-symbols /Users/vitorepf/orca/workspaces/traco-ios/lote-ia-09c/build/Build/Intermediates.noindex/Traco.build/Debug-iphonesimulator/Traco.build/DerivedSources/GeneratedAssetSymbols.swift --generate-objc-asset-symbols /Users/vitorepf/orca/workspaces/traco-ios/lote-ia-09c/build/Build/Intermediates.noindex/Traco.build/Debug-iphonesimulator/Traco.build/DerivedSources/GeneratedAssetSymbols.h --generate-asset-symbol-index /Users/vitorepf/orca/workspaces/traco-ios/lote-ia-09c/build/Build/Intermediates.noindex/Traco.build/Debug-iphonesimulator/Traco.build/DerivedSources/GeneratedAssetSymbols-Index.plist
/* com.apple.actool.compilation-results */
/Users/vitorepf/orca/workspaces/traco-ios/lote-ia-09c/build/Build/Intermediates.noindex/Traco.build/Debug-iphonesimulator/Traco.build/DerivedSources/GeneratedAssetSymbols-Index.plist
/Users/vitorepf/orca/workspaces/traco-ios/lote-ia-09c/build/Build/Intermediates.noindex/Traco.build/Debug-iphonesimulator/Traco.build/DerivedSources/GeneratedAssetSymbols.h
/Users/vitorepf/orca/workspaces/traco-ios/lote-ia-09c/build/Build/Intermediates.noindex/Traco.build/Debug-iphonesimulator/Traco.build/DerivedSources/GeneratedAssetSymbols.swift


MkDir /Users/vitorepf/orca/workspaces/traco-ios/lote-ia-09c/build/Build/Intermediates.noindex/Traco.build/Debug-iphonesimulator/Traco.build/assetcatalog_output/unthinned (in target 'Traco' from project 'Traco')
    cd /Users/vitorepf/orca/workspaces/traco-ios/lote-ia-09c
    /bin/mkdir -p /Users/vitorepf/orca/workspaces/traco-ios/lote-ia-09c/build/Build/Intermediates.noindex/Traco.build/Debug-iphonesimulator/Traco.build/assetcatalog_output/unthinned

MkDir /Users/vitorepf/orca/workspaces/traco-ios/lote-ia-09c/build/Build/Intermediates.noindex/Traco.build/Debug-iphonesimulator/Traco.build/assetcatalog_output/thinned (in target 'Traco' from project 'Traco')
    cd /Users/vitorepf/orca/workspaces/traco-ios/lote-ia-09c
    /bin/mkdir -p /Users/vitorepf/orca/workspaces/traco-ios/lote-ia-09c/build/Build/Intermediates.noindex/Traco.build/Debug-iphonesimulator/Traco.build/assetcatalog_output/thinned

CompileAssetCatalogVariant thinned /Users/vitorepf/orca/workspaces/traco-ios/lote-ia-09c/build/Build/Products/Debug-iphonesimulator/Traco.app /Users/vitorepf/orca/workspaces/traco-ios/lote-ia-09c/Traco/Assets.xcassets (in target 'Traco' from project 'Traco')
    cd /Users/vitorepf/orca/workspaces/traco-ios/lote-ia-09c
    /Applications/Xcode.app/Contents/Developer/usr/bin/actool /Users/vitorepf/orca/workspaces/traco-ios/lote-ia-09c/Traco/Assets.xcassets --compile /Users/vitorepf/orca/workspaces/traco-ios/lote-ia-09c/build/Build/Intermediates.noindex/Traco.build/Debug-iphonesimulator/Traco.build/assetcatalog_output/thinned --output-format human-readable-text --notices --warnings --export-dependency-info /Users/vitorepf/orca/workspaces/traco-ios/lote-ia-09c/build/Build/Intermediates.noindex/Traco.build/Debug-iphonesimulator/Traco.build/assetcatalog_dependencies_thinned --output-partial-info-plist /Users/vitorepf/orca/workspaces/traco-ios/lote-ia-09c/build/Build/Intermediates.noindex/Traco.build/Debug-iphonesimulator/Traco.build/assetcatalog_generated_info.plist_thinned --app-icon AppIcon --accent-color AccentColor --compress-pngs --enable-on-demand-resources YES --filter-for-thinning-device-configuration iPhone18,1 --filter-for-device-os-version 26.5 --development-region pt --target-device iphone --target-device ipad --minimum-deployment-target 26.0 --platform iphonesimulator
/* com.apple.actool.compilation-results */
/Users/vitorepf/orca/workspaces/traco-ios/lote-ia-09c/build/Build/Intermediates.noindex/Traco.build/Debug-iphonesimulator/Traco.build/assetcatalog_generated_info.plist_thinned
/Users/vitorepf/orca/workspaces/traco-ios/lote-ia-09c/build/Build/Intermediates.noindex/Traco.build/Debug-iphonesimulator/Traco.build/assetcatalog_output/thinned/AppIcon60x60@2x.png
/Users/vitorepf/orca/workspaces/traco-ios/lote-ia-09c/build/Build/Intermediates.noindex/Traco.build/Debug-iphonesimulator/Traco.build/assetcatalog_output/thinned/AppIcon76x76@2x~ipad.png
/Users/vitorepf/orca/workspaces/traco-ios/lote-ia-09c/build/Build/Intermediates.noindex/Traco.build/Debug-iphonesimulator/Traco.build/assetcatalog_output/thinned/Assets.car


SwiftDriver Traco normal arm64 com.apple.xcode.tools.swift.compiler (in target 'Traco' from project 'Traco')
    cd /Users/vitorepf/orca/workspaces/traco-ios/lote-ia-09c
    builtin-SwiftDriver -- /Applications/Xcode.app/Contents/Developer/Toolchains/XcodeDefault.xctoolchain/usr/bin/swiftc -module-name Traco -Onone @/Users/vitorepf/orca/workspaces/traco-ios/lote-ia-09c/build/Build/Intermediates.noindex/Traco.build/Debug-iphonesimulator/Traco.build/Objects-normal/arm64/Traco.SwiftFileList -DDEBUG -DTRACO_APP -default-isolation\=MainActor -enable-experimental-feature DebugDescriptionMacro -sdk /Applications/Xcode.app/Contents/Developer/Platforms/iPhoneSimulator.platform/Developer/SDKs/iPhoneSimulator26.5.sdk -target arm64-apple-ios26.0-simulator -g -module-cache-path /Users/vitorepf/orca/workspaces/traco-ios/lote-ia-09c/build/ModuleCache.noindex -Xfrontend -serialize-debugging-options -enable-testing -index-store-path /Users/vitorepf/orca/workspaces/traco-ios/lote-ia-09c/build/Index.noindex/DataStore -Xcc -D_LIBCPP_HARDENING_MODE\=_LIBCPP_HARDENING_MODE_DEBUG -swift-version 6 -I /Users/vitorepf/orca/workspaces/traco-ios/lote-ia-09c/build/Build/Products/Debug-iphonesimulator -F /Users/vitorepf/orca/workspaces/traco-ios/lote-ia-09c/build/Build/Products/Debug-iphonesimulator -c -j18 -enable-batch-mode -incremental -Xcc -ivfsstatcache -Xcc /Users/vitorepf/orca/workspaces/traco-ios/lote-ia-09c/build/SDKStatCaches.noindex/iphonesimulator26.5-23F81a-6cfe768891a92b912361537c460fe42b.sdkstatcache -output-file-map /Users/vitorepf/orca/workspaces/traco-ios/lote-ia-09c/build/Build/Intermediates.noindex/Traco.build/Debug-iphonesimulator/Traco.build/Objects-normal/arm64/Traco-OutputFileMap.json -use-frontend-parseable-output -save-temps -no-color-diagnostics -explicit-module-build -module-cache-path /Users/vitorepf/orca/workspaces/traco-ios/lote-ia-09c/build/Build/Intermediates.noindex/SwiftExplicitPrecompiledModules -clang-scanner-module-cache-path /Users/vitorepf/orca/workspaces/traco-ios/lote-ia-09c/build/ModuleCache.noindex -sdk-module-cache-path /Users/vitorepf/orca/workspaces/traco-ios/lote-ia-09c/build/ModuleCache.noindex -serialize-diagnostics -emit-dependencies -emit-module -emit-module-path /Users/vitorepf/orca/workspaces/traco-ios/lote-ia-09c/build/Build/Intermediates.noindex/Traco.build/Debug-iphonesimulator/Traco.build/Objects-normal/arm64/Traco.swiftmodule -validate-clang-modules-once -clang-build-session-file /Users/vitorepf/orca/workspaces/traco-ios/lote-ia-09c/build/ModuleCache.noindex/Session.modulevalidation -Xcc -I/Users/vitorepf/orca/workspaces/traco-ios/lote-ia-09c/build/Build/Intermediates.noindex/Traco.build/Debug-iphonesimulator/Traco.build/swift-overrides.hmap -emit-const-values -Xfrontend -const-gather-protocols-file -Xfrontend /Users/vitorepf/orca/workspaces/traco-ios/lote-ia-09c/build/Build/Intermediates.noindex/Traco.build/Debug-iphonesimulator/Traco.build/Objects-normal/arm64/Traco_const_extract_protocols.json -Xcc -iquote -Xcc /Users/vitorepf/orca/workspaces/traco-ios/lote-ia-09c/build/Build/Intermediates.noindex/Traco.build/Debug-iphonesimulator/Traco.build/Traco-generated-files.hmap -Xcc -I/Users/vitorepf/orca/workspaces/traco-ios/lote-ia-09c/build/Build/Intermediates.noindex/Traco.build/Debug-iphonesimulator/Traco.build/Traco-own-target-headers.hmap -Xcc -I/Users/vitorepf/orca/workspaces/traco-ios/lote-ia-09c/build/Build/Intermediates.noindex/Traco.build/Debug-iphonesimulator/Traco.build/Traco-all-target-headers.hmap -Xcc -iquote -Xcc /Users/vitorepf/orca/workspaces/traco-ios/lote-ia-09c/build/Build/Intermediates.noindex/Traco.build/Debug-iphonesimulator/Traco.build/Traco-project-headers.hmap -Xcc -I/Users/vitorepf/orca/workspaces/traco-ios/lote-ia-09c/build/Build/Products/Debug-iphonesimulator/include -Xcc -I/Users/vitorepf/orca/workspaces/traco-ios/lote-ia-09c/build/Build/Intermediates.noindex/Traco.build/Debug-iphonesimulator/Traco.build/DerivedSources-normal/arm64 -Xcc -I/Users/vitorepf/orca/workspaces/traco-ios/lote-ia-09c/build/Build/Intermediates.noindex/Traco.build/Debug-iphonesimulator/Traco.build/DerivedSources/arm64 -Xcc -I/Users/vitorepf/orca/workspaces/traco-ios/lote-ia-09c/build/Build/Intermediates.noindex/Traco.build/Debug-iphonesimulator/Traco.build/DerivedSources -Xcc -DDEBUG\=1 -emit-objc-header -emit-objc-header-path /Users/vitorepf/orca/workspaces/traco-ios/lote-ia-09c/build/Build/Intermediates.noindex/Traco.build/Debug-iphonesimulator/Traco.build/Objects-normal/arm64/Traco-Swift.h -working-directory /Users/vitorepf/orca/workspaces/traco-ios/lote-ia-09c -experimental-emit-module-separately -disable-cmo

SwiftDriverJobDiscovery normal arm64 Compiling Relogio.swift (in target 'TracoWidget' from project 'Traco')

SwiftDriverJobDiscovery normal arm64 Compiling Atividades.swift (in target 'TracoWidget' from project 'Traco')

SwiftDriverJobDiscovery normal arm64 Compiling CapturarIntent.swift (in target 'TracoWidget' from project 'Traco')

SwiftDriverJobDiscovery normal arm64 Compiling LembrarDepoisIntent.swift (in target 'TracoWidget' from project 'Traco')

SwiftDriverJobDiscovery normal arm64 Compiling DestaqueFeitoIntent.swift (in target 'TracoWidget' from project 'Traco')

SwiftExplicitDependencyGeneratePcm arm64 /Users/vitorepf/orca/workspaces/traco-ios/lote-ia-09c/build/ModuleCache.noindex/ptrauth-1T630QAEK0AHYWILZIIBETBKY.pcm

SwiftExplicitDependencyGeneratePcm arm64 /Users/vitorepf/orca/workspaces/traco-ios/lote-ia-09c/build/ModuleCache.noindex/_Builtin_stddef-DWW34BP5QVN94YJHSDE3MWM69.pcm

SwiftExplicitDependencyGeneratePcm arm64 /Users/vitorepf/orca/workspaces/traco-ios/lote-ia-09c/build/ModuleCache.noindex/_AvailabilityInternal-C731636JJF5SIQ7BCY80ORKDB.pcm

SwiftExplicitDependencyGeneratePcm arm64 /Users/vitorepf/orca/workspaces/traco-ios/lote-ia-09c/build/ModuleCache.noindex/_SwiftConcurrencyShims-5FUO3F0277SOBAQEDFRAMJLOW.pcm

SwiftExplicitDependencyGeneratePcm arm64 /Users/vitorepf/orca/workspaces/traco-ios/lote-ia-09c/build/ModuleCache.noindex/_Builtin_stdbool-9QLRHCHJYOZKB30C757C86KO6.pcm

SwiftExplicitDependencyGeneratePcm arm64 /Users/vitorepf/orca/workspaces/traco-ios/lote-ia-09c/build/ModuleCache.noindex/DeveloperToolsSupport-BA5835DGQ5KDXB8QSZIQUFP0H.pcm

SwiftExplicitDependencyGeneratePcm arm64 /Users/vitorepf/orca/workspaces/traco-ios/lote-ia-09c/build/ModuleCache.noindex/_Builtin_float-7UK9VC0MX4GRXWEJHD6IQATYD.pcm

SwiftExplicitDependencyGeneratePcm arm64 /Users/vitorepf/orca/workspaces/traco-ios/lote-ia-09c/build/ModuleCache.noindex/ptrcheck-CZ2JLID884NJEKMWMNSV8X5HJ.pcm

SwiftExplicitDependencyGeneratePcm arm64 /Users/vitorepf/orca/workspaces/traco-ios/lote-ia-09c/build/ModuleCache.noindex/SwiftShims-EWW7W67NIJ5KR6UMKPL4RFML2.pcm

SwiftExplicitDependencyGeneratePcm arm64 /Users/vitorepf/orca/workspaces/traco-ios/lote-ia-09c/build/ModuleCache.noindex/ActivityKit-4J94GJTNAI52MKKBRPYOU6SP9.pcm

SwiftExplicitDependencyGeneratePcm arm64 /Users/vitorepf/orca/workspaces/traco-ios/lote-ia-09c/build/ModuleCache.noindex/_Builtin_stdarg-1CBJLLEXH2XYK82R7FIHRT0ML.pcm

SwiftExplicitDependencyGeneratePcm arm64 /Users/vitorepf/orca/workspaces/traco-ios/lote-ia-09c/build/ModuleCache.noindex/_DarwinFoundation1-BKCP0JVIU10BEP5FIMB3ZA6H9.pcm

SwiftExplicitDependencyGeneratePcm arm64 /Users/vitorepf/orca/workspaces/traco-ios/lote-ia-09c/build/ModuleCache.noindex/_Builtin_limits-8GNNACPY21AX0T86ZQ7QTXE0Y.pcm

SwiftExplicitDependencyGeneratePcm arm64 /Users/vitorepf/orca/workspaces/traco-ios/lote-ia-09c/build/ModuleCache.noindex/ExtensionFoundation-DOCA92TFMTZ9IQMBPH3OLWMHZ.pcm

SwiftExplicitDependencyGeneratePcm arm64 /Users/vitorepf/orca/workspaces/traco-ios/lote-ia-09c/build/ModuleCache.noindex/_DarwinFoundation2-3BJMJCIV0A9ZPFDI0NRFG3QJ4.pcm

SwiftExplicitDependencyGeneratePcm arm64 /Users/vitorepf/orca/workspaces/traco-ios/lote-ia-09c/build/ModuleCache.noindex/_Builtin_stdint-A47C5JM392MDPBV9CKWQBEO6X.pcm

SwiftExplicitDependencyGeneratePcm arm64 /Users/vitorepf/orca/workspaces/traco-ios/lote-ia-09c/build/ModuleCache.noindex/sys_types-96OYXWD4XYOAUW1AEVSTBYI3I.pcm

SwiftExplicitDependencyGeneratePcm arm64 /Users/vitorepf/orca/workspaces/traco-ios/lote-ia-09c/build/ModuleCache.noindex/_Builtin_tgmath-2E47IKZ2AE9DXI78E8GL9WRFM.pcm

SwiftExplicitDependencyGeneratePcm arm64 /Users/vitorepf/orca/workspaces/traco-ios/lote-ia-09c/build/ModuleCache.noindex/_DarwinFoundation3-8SQVJZZRINOHBCVG30W0LIGGE.pcm

SwiftExplicitDependencyGeneratePcm arm64 /Users/vitorepf/orca/workspaces/traco-ios/lote-ia-09c/build/ModuleCache.noindex/_Builtin_stdatomic-9DS3CK93P41QFFCF5ZMT7BB5.pcm

SwiftExplicitDependencyGeneratePcm arm64 /Users/vitorepf/orca/workspaces/traco-ios/lote-ia-09c/build/ModuleCache.noindex/_Builtin_intrinsics-604FYL36E8L98CGS7G9H1VEOJ.pcm

SwiftExplicitDependencyGeneratePcm arm64 /Users/vitorepf/orca/workspaces/traco-ios/lote-ia-09c/build/ModuleCache.noindex/_Builtin_inttypes-5WZMJTZ4QJ132PL4RNEJFI1WU.pcm

SwiftExplicitDependencyGeneratePcm arm64 /Users/vitorepf/orca/workspaces/traco-ios/lote-ia-09c/build/ModuleCache.noindex/Darwin-CLJ8GIJK1C06W1VRSHF2W96ZY.pcm

SwiftExplicitDependencyGeneratePcm arm64 /Users/vitorepf/orca/workspaces/traco-ios/lote-ia-09c/build/ModuleCache.noindex/simd-1RB56FL1TLFABOSW443JKIRCV.pcm

SwiftDriverJobDiscovery normal arm64 Compiling Tema.swift (in target 'TracoWidget' from project 'Traco')

SwiftExplicitDependencyGeneratePcm arm64 /Users/vitorepf/orca/workspaces/traco-ios/lote-ia-09c/build/ModuleCache.noindex/MachO-45VPSPESIB1T6WF0TAL3NYLCZ.pcm

SwiftExplicitDependencyGeneratePcm arm64 /Users/vitorepf/orca/workspaces/traco-ios/lote-ia-09c/build/ModuleCache.noindex/ObjectiveC-5UET32NK64VGJX2BXJJN3MYS4.pcm

SwiftDriverJobDiscovery normal arm64 Compiling SuperficieFora.swift (in target 'TracoWidget' from project 'Traco')

SwiftExplicitDependencyGeneratePcm arm64 /Users/vitorepf/orca/workspaces/traco-ios/lote-ia-09c/build/ModuleCache.noindex/os_object-AGNFFSLECOXIKE0M17HVXWHVU.pcm

SwiftExplicitDependencyGeneratePcm arm64 /Users/vitorepf/orca/workspaces/traco-ios/lote-ia-09c/build/ModuleCache.noindex/Spatial-BZ9T2TVDY34WXA3FZ7602RKZH.pcm

SwiftExplicitDependencyGeneratePcm arm64 /Users/vitorepf/orca/workspaces/traco-ios/lote-ia-09c/build/ModuleCache.noindex/os_workgroup-3KNB9CXHU545Z30FRDQ9TPQCR.pcm

SwiftExplicitDependencyGeneratePcm arm64 /Users/vitorepf/orca/workspaces/traco-ios/lote-ia-09c/build/ModuleCache.noindex/Dispatch-ADCHUTCK7ZCP87L3ZK7CLQRXY.pcm

SwiftExplicitDependencyGeneratePcm arm64 /Users/vitorepf/orca/workspaces/traco-ios/lote-ia-09c/build/ModuleCache.noindex/XPC-6PUWHZT5I61Q5JWPVL85U6QWB.pcm

SwiftExplicitDependencyGeneratePcm arm64 /Users/vitorepf/orca/workspaces/traco-ios/lote-ia-09c/build/ModuleCache.noindex/dnssd-B9W40K9XFODMUHIMIC9UFFCU7.pcm

SwiftExplicitDependencyGeneratePcm arm64 /Users/vitorepf/orca/workspaces/traco-ios/lote-ia-09c/build/ModuleCache.noindex/CoreFoundation-3NHATL9QPVSX5QP11R3L95HWS.pcm

SwiftExplicitDependencyGeneratePcm arm64 /Users/vitorepf/orca/workspaces/traco-ios/lote-ia-09c/build/ModuleCache.noindex/os-6P688HUF3EPGJPHHU5LHAOHSQ.pcm

SwiftExplicitDependencyGeneratePcm arm64 /Users/vitorepf/orca/workspaces/traco-ios/lote-ia-09c/build/ModuleCache.noindex/CoreGraphics-B4TS7VDCFLRIB8FBVJRZDJGTS.pcm

SwiftExplicitDependencyGeneratePcm arm64 /Users/vitorepf/orca/workspaces/traco-ios/lote-ia-09c/build/ModuleCache.noindex/CoreAudioTypes-BD2JBXCQNHBYR9N4MFKUNHJ8H.pcm

SwiftExplicitDependencyGeneratePcm arm64 /Users/vitorepf/orca/workspaces/traco-ios/lote-ia-09c/build/ModuleCache.noindex/CFNetwork-EFHB2ZFQDY3KH9J1JD26E4OI.pcm

SwiftExplicitDependencyGeneratePcm arm64 /Users/vitorepf/orca/workspaces/traco-ios/lote-ia-09c/build/ModuleCache.noindex/AddressBook-24YPHGHDYL5RC53K5N0JWESYB.pcm

SwiftExplicitDependencyGeneratePcm arm64 /Users/vitorepf/orca/workspaces/traco-ios/lote-ia-09c/build/ModuleCache.noindex/Security-8OP7I8Q3UIWWD1U84PHK7S0LW.pcm

SwiftExplicitDependencyGeneratePcm arm64 /Users/vitorepf/orca/workspaces/traco-ios/lote-ia-09c/build/ModuleCache.noindex/CoreAudio-E1QIUFMNBOZFKK9KPNU5IWH7S.pcm

SwiftExplicitDependencyGeneratePcm arm64 /Users/vitorepf/orca/workspaces/traco-ios/lote-ia-09c/build/ModuleCache.noindex/Foundation-DNHLU4KD7OR22DMFYUQEM2OGQ.pcm

SwiftExplicitDependencyGeneratePcm arm64 /Users/vitorepf/orca/workspaces/traco-ios/lote-ia-09c/build/ModuleCache.noindex/ImageIO-2671PTKUDSTVEZEA9LMAL4C6I.pcm

SwiftExplicitDependencyGeneratePcm arm64 /Users/vitorepf/orca/workspaces/traco-ios/lote-ia-09c/build/ModuleCache.noindex/CoreText-3K1NRB9UKSTIKVC7MI2TWGS0V.pcm

SwiftDriverJobDiscovery normal arm64 Compiling TracoWidget.swift (in target 'TracoWidget' from project 'Traco')

SwiftDriver\ Compilation TracoWidget normal arm64 com.apple.xcode.tools.swift.compiler (in target 'TracoWidget' from project 'Traco')
    cd /Users/vitorepf/orca/workspaces/traco-ios/lote-ia-09c
    builtin-Swift-Compilation -- /Applications/Xcode.app/Contents/Developer/Toolchains/XcodeDefault.xctoolchain/usr/bin/swiftc -module-name TracoWidget -Onone @/Users/vitorepf/orca/workspaces/traco-ios/lote-ia-09c/build/Build/Intermediates.noindex/Traco.build/Debug-iphonesimulator/TracoWidget.build/Objects-normal/arm64/TracoWidget.SwiftFileList -DDEBUG -default-isolation\=MainActor -enable-experimental-feature DebugDescriptionMacro -sdk /Applications/Xcode.app/Contents/Developer/Platforms/iPhoneSimulator.platform/Developer/SDKs/iPhoneSimulator26.5.sdk -target arm64-apple-ios26.0-simulator -g -module-cache-path /Users/vitorepf/orca/workspaces/traco-ios/lote-ia-09c/build/ModuleCache.noindex -Xfrontend -serialize-debugging-options -application-extension -enable-testing -index-store-path /Users/vitorepf/orca/workspaces/traco-ios/lote-ia-09c/build/Index.noindex/DataStore -Xcc -D_LIBCPP_HARDENING_MODE\=_LIBCPP_HARDENING_MODE_DEBUG -swift-version 6 -I /Users/vitorepf/orca/workspaces/traco-ios/lote-ia-09c/build/Build/Products/Debug-iphonesimulator -F /Users/vitorepf/orca/workspaces/traco-ios/lote-ia-09c/build/Build/Products/Debug-iphonesimulator -c -j18 -enable-batch-mode -incremental -Xcc -ivfsstatcache -Xcc /Users/vitorepf/orca/workspaces/traco-ios/lote-ia-09c/build/SDKStatCaches.noindex/iphonesimulator26.5-23F81a-6cfe768891a92b912361537c460fe42b.sdkstatcache -output-file-map /Users/vitorepf/orca/workspaces/traco-ios/lote-ia-09c/build/Build/Intermediates.noindex/Traco.build/Debug-iphonesimulator/TracoWidget.build/Objects-normal/arm64/TracoWidget-OutputFileMap.json -use-frontend-parseable-output -save-temps -no-color-diagnostics -explicit-module-build -module-cache-path /Users/vitorepf/orca/workspaces/traco-ios/lote-ia-09c/build/Build/Intermediates.noindex/SwiftExplicitPrecompiledModules -clang-scanner-module-cache-path /Users/vitorepf/orca/workspaces/traco-ios/lote-ia-09c/build/ModuleCache.noindex -sdk-module-cache-path /Users/vitorepf/orca/workspaces/traco-ios/lote-ia-09c/build/ModuleCache.noindex -serialize-diagnostics -emit-dependencies -emit-module -emit-module-path /Users/vitorepf/orca/workspaces/traco-ios/lote-ia-09c/build/Build/Intermediates.noindex/Traco.build/Debug-iphonesimulator/TracoWidget.build/Objects-normal/arm64/TracoWidget.swiftmodule -validate-clang-modules-once -clang-build-session-file /Users/vitorepf/orca/workspaces/traco-ios/lote-ia-09c/build/ModuleCache.noindex/Session.modulevalidation -Xcc -I/Users/vitorepf/orca/workspaces/traco-ios/lote-ia-09c/build/Build/Intermediates.noindex/Traco.build/Debug-iphonesimulator/TracoWidget.build/swift-overrides.hmap -emit-const-values -Xfrontend -const-gather-protocols-file -Xfrontend /Users/vitorepf/orca/workspaces/traco-ios/lote-ia-09c/build/Build/Intermediates.noindex/Traco.build/Debug-iphonesimulator/TracoWidget.build/Objects-normal/arm64/TracoWidget_const_extract_protocols.json -Xcc -iquote -Xcc /Users/vitorepf/orca/workspaces/traco-ios/lote-ia-09c/build/Build/Intermediates.noindex/Traco.build/Debug-iphonesimulator/TracoWidget.build/TracoWidget-generated-files.hmap -Xcc -I/Users/vitorepf/orca/workspaces/traco-ios/lote-ia-09c/build/Build/Intermediates.noindex/Traco.build/Debug-iphonesimulator/TracoWidget.build/TracoWidget-own-target-headers.hmap -Xcc -I/Users/vitorepf/orca/workspaces/traco-ios/lote-ia-09c/build/Build/Intermediates.noindex/Traco.build/Debug-iphonesimulator/TracoWidget.build/TracoWidget-all-target-headers.hmap -Xcc -iquote -Xcc /Users/vitorepf/orca/workspaces/traco-ios/lote-ia-09c/build/Build/Intermediates.noindex/Traco.build/Debug-iphonesimulator/TracoWidget.build/TracoWidget-project-headers.hmap -Xcc -I/Users/vitorepf/orca/workspaces/traco-ios/lote-ia-09c/build/Build/Products/Debug-iphonesimulator/include -Xcc -I/Users/vitorepf/orca/workspaces/traco-ios/lote-ia-09c/build/Build/Intermediates.noindex/Traco.build/Debug-iphonesimulator/TracoWidget.build/DerivedSources-normal/arm64 -Xcc -I/Users/vitorepf/orca/workspaces/traco-ios/lote-ia-09c/build/Build/Intermediates.noindex/Traco.build/Debug-iphonesimulator/TracoWidget.build/DerivedSources/arm64 -Xcc -I/Users/vitorepf/orca/workspaces/traco-ios/lote-ia-09c/build/Build/Intermediates.noindex/Traco.build/Debug-iphonesimulator/TracoWidget.build/DerivedSources -Xcc -DDEBUG\=1 -emit-objc-header -emit-objc-header-path /Users/vitorepf/orca/workspaces/traco-ios/lote-ia-09c/build/Build/Intermediates.noindex/Traco.build/Debug-iphonesimulator/TracoWidget.build/Objects-normal/arm64/TracoWidget-Swift.h -working-directory /Users/vitorepf/orca/workspaces/traco-ios/lote-ia-09c -experimental-emit-module-separately -disable-cmo

Ld /Users/vitorepf/orca/workspaces/traco-ios/lote-ia-09c/build/Build/Products/Debug-iphonesimulator/TracoWidget.appex/TracoWidget.debug.dylib normal (in target 'TracoWidget' from project 'Traco')
    cd /Users/vitorepf/orca/workspaces/traco-ios/lote-ia-09c
    /Applications/Xcode.app/Contents/Developer/Toolchains/XcodeDefault.xctoolchain/usr/bin/clang -Xlinker -reproducible -target arm64-apple-ios26.0-simulator -dynamiclib -isysroot /Applications/Xcode.app/Contents/Developer/Platforms/iPhoneSimulator.platform/Developer/SDKs/iPhoneSimulator26.5.sdk -O0 -L/Users/vitorepf/orca/workspaces/traco-ios/lote-ia-09c/build/Build/Intermediates.noindex/EagerLinkingTBDs/Debug-iphonesimulator -L/Users/vitorepf/orca/workspaces/traco-ios/lote-ia-09c/build/Build/Products/Debug-iphonesimulator -F/Users/vitorepf/orca/workspaces/traco-ios/lote-ia-09c/build/Build/Intermediates.noindex/EagerLinkingTBDs/Debug-iphonesimulator -F/Users/vitorepf/orca/workspaces/traco-ios/lote-ia-09c/build/Build/Products/Debug-iphonesimulator -filelist /Users/vitorepf/orca/workspaces/traco-ios/lote-ia-09c/build/Build/Intermediates.noindex/Traco.build/Debug-iphonesimulator/TracoWidget.build/Objects-normal/arm64/TracoWidget.LinkFileList -install_name @rpath/TracoWidget.debug.dylib -Xlinker -rpath -Xlinker @executable_path/Frameworks -Xlinker -rpath -Xlinker @executable_path/../../Frameworks -Xlinker -dead_strip -Xlinker -object_path_lto -Xlinker /Users/vitorepf/orca/workspaces/traco-ios/lote-ia-09c/build/Build/Intermediates.noindex/Traco.build/Debug-iphonesimulator/TracoWidget.build/Objects-normal/arm64/TracoWidget_lto.o -rdynamic -Xlinker -no_deduplicate -Xlinker -objc_abi_version -Xlinker 2 -Xlinker -dependency_info -Xlinker /Users/vitorepf/orca/workspaces/traco-ios/lote-ia-09c/build/Build/Intermediates.noindex/Traco.build/Debug-iphonesimulator/TracoWidget.build/Objects-normal/arm64/TracoWidget_dependency_info.dat -fapplication-extension -fobjc-link-runtime -L/Applications/Xcode.app/Contents/Developer/Toolchains/XcodeDefault.xctoolchain/usr/lib/swift/iphonesimulator -L/usr/lib/swift -Xlinker -add_ast_path -Xlinker /Users/vitorepf/orca/workspaces/traco-ios/lote-ia-09c/build/Build/Intermediates.noindex/Traco.build/Debug-iphonesimulator/TracoWidget.build/Objects-normal/arm64/TracoWidget.swiftmodule @/Users/vitorepf/orca/workspaces/traco-ios/lote-ia-09c/build/Build/Intermediates.noindex/Traco.build/Debug-iphonesimulator/TracoWidget.build/Objects-normal/arm64/TracoWidget-linker-args.resp -Xlinker -alias -Xlinker _NSExtensionMain -Xlinker ___debug_main_executable_dylib_entry_point -Xlinker -no_adhoc_codesign -o /Users/vitorepf/orca/workspaces/traco-ios/lote-ia-09c/build/Build/Products/Debug-iphonesimulator/TracoWidget.appex/TracoWidget.debug.dylib

SwiftExplicitDependencyGeneratePcm arm64 /Users/vitorepf/orca/workspaces/traco-ios/lote-ia-09c/build/ModuleCache.noindex/LocalAuthentication-35K5W3Q0XTMO8K4RDC982OFDZ.pcm

SwiftExplicitDependencyGeneratePcm arm64 /Users/vitorepf/orca/workspaces/traco-ios/lote-ia-09c/build/ModuleCache.noindex/Symbols-AH1DGQSE0FOC40Q7XI4QBV97C.pcm

SwiftExplicitDependencyGeneratePcm arm64 /Users/vitorepf/orca/workspaces/traco-ios/lote-ia-09c/build/ModuleCache.noindex/IOSurface-PEHX5VA23B81CP1BDMCR1L38.pcm

SwiftExplicitDependencyGeneratePcm arm64 /Users/vitorepf/orca/workspaces/traco-ios/lote-ia-09c/build/ModuleCache.noindex/CoreData-29NP9DSG10DV4IG4XO2L3SS4E.pcm

SwiftExplicitDependencyGeneratePcm arm64 /Users/vitorepf/orca/workspaces/traco-ios/lote-ia-09c/build/ModuleCache.noindex/RelevanceKit-8EFZCIZNEUDK78F0VRITMM2JG.pcm

SwiftExplicitDependencyGeneratePcm arm64 /Users/vitorepf/orca/workspaces/traco-ios/lote-ia-09c/build/ModuleCache.noindex/DataDetection-9U4RCN0ZN08MCZ9ZX12OLTPVG.pcm

SwiftExplicitDependencyGeneratePcm arm64 /Users/vitorepf/orca/workspaces/traco-ios/lote-ia-09c/build/ModuleCache.noindex/Network-86JGPVB8HO7W6UK9QV0Q75U4P.pcm

SwiftExplicitDependencyGeneratePcm arm64 /Users/vitorepf/orca/workspaces/traco-ios/lote-ia-09c/build/ModuleCache.noindex/WidgetKit-5WJA94B9BU770GJA5J12SCSWG.pcm

SwiftExplicitDependencyGeneratePcm arm64 /Users/vitorepf/orca/workspaces/traco-ios/lote-ia-09c/build/ModuleCache.noindex/UserNotifications-866H4IQKNDZDMYSWYCQ91ZJLL.pcm

SwiftExplicitDependencyGeneratePcm arm64 /Users/vitorepf/orca/workspaces/traco-ios/lote-ia-09c/build/ModuleCache.noindex/UniformTypeIdentifiers-DQ5DR752NUCLHE8W4SFY4TMSM.pcm

SwiftExplicitDependencyGeneratePcm arm64 /Users/vitorepf/orca/workspaces/traco-ios/lote-ia-09c/build/ModuleCache.noindex/OSLog-AC904357D221LFRWNQLFN8OSE.pcm

SwiftExplicitDependencyGeneratePcm arm64 /Users/vitorepf/orca/workspaces/traco-ios/lote-ia-09c/build/ModuleCache.noindex/UIUtilities-A1MJCIB1641BUMTHYRJ058VMG.pcm

SwiftExplicitDependencyGeneratePcm arm64 /Users/vitorepf/orca/workspaces/traco-ios/lote-ia-09c/build/ModuleCache.noindex/FileProvider-AWJKW7MUWETXON3KDNFYMANJ9.pcm

SwiftExplicitDependencyGeneratePcm arm64 /Users/vitorepf/orca/workspaces/traco-ios/lote-ia-09c/build/ModuleCache.noindex/_LocationEssentials-PVZK6LPY29ZBXS1541AW9LZ2.pcm

SwiftExplicitDependencyGeneratePcm arm64 /Users/vitorepf/orca/workspaces/traco-ios/lote-ia-09c/build/ModuleCache.noindex/NaturalLanguage-JQT24RLCK53OCUH8MPUDESYS.pcm

SwiftExplicitDependencyGeneratePcm arm64 /Users/vitorepf/orca/workspaces/traco-ios/lote-ia-09c/build/ModuleCache.noindex/CoreMIDI-3AOMEHL7X0AKGGYRFB6KZHUNI.pcm

SwiftExplicitDependencyGeneratePcm arm64 /Users/vitorepf/orca/workspaces/traco-ios/lote-ia-09c/build/ModuleCache.noindex/OpenGLES-3XUZBS08OXH36MLS899OM9R4P.pcm

ConstructStubExecutorLinkFileList /Users/vitorepf/orca/workspaces/traco-ios/lote-ia-09c/build/Build/Intermediates.noindex/Traco.build/Debug-iphonesimulator/TracoWidget.build/TracoWidget-ExecutorLinkFileList-normal-arm64.txt (in target 'TracoWidget' from project 'Traco')
    cd /Users/vitorepf/orca/workspaces/traco-ios/lote-ia-09c
    construct-stub-executor-link-file-list /Users/vitorepf/orca/workspaces/traco-ios/lote-ia-09c/build/Build/Products/Debug-iphonesimulator/TracoWidget.appex/TracoWidget.debug.dylib /Applications/Xcode.app/Contents/Developer/Platforms/iPhoneSimulator.platform/Developer/usr/lib/libPreviewsJITStubExecutor_no_swift_entry_point.a /Applications/Xcode.app/Contents/Developer/Platforms/iPhoneSimulator.platform/Developer/usr/lib/libPreviewsJITStubExecutor.a --output /Users/vitorepf/orca/workspaces/traco-ios/lote-ia-09c/build/Build/Intermediates.noindex/Traco.build/Debug-iphonesimulator/TracoWidget.build/TracoWidget-ExecutorLinkFileList-normal-arm64.txt
note: Using stub executor library with Swift entry point. (in target 'TracoWidget' from project 'Traco')

SwiftExplicitDependencyGeneratePcm arm64 /Users/vitorepf/orca/workspaces/traco-ios/lote-ia-09c/build/ModuleCache.noindex/Accessibility-29FJCK57XZDMYKSN804YS571M.pcm

Ld /Users/vitorepf/orca/workspaces/traco-ios/lote-ia-09c/build/Build/Products/Debug-iphonesimulator/TracoWidget.appex/TracoWidget normal (in target 'TracoWidget' from project 'Traco')
    cd /Users/vitorepf/orca/workspaces/traco-ios/lote-ia-09c
    /Applications/Xcode.app/Contents/Developer/Toolchains/XcodeDefault.xctoolchain/usr/bin/clang -Xlinker -reproducible -target arm64-apple-ios26.0-simulator -isysroot /Applications/Xcode.app/Contents/Developer/Platforms/iPhoneSimulator.platform/Developer/SDKs/iPhoneSimulator26.5.sdk -O0 -L/Users/vitorepf/orca/workspaces/traco-ios/lote-ia-09c/build/Build/Products/Debug-iphonesimulator -F/Users/vitorepf/orca/workspaces/traco-ios/lote-ia-09c/build/Build/Products/Debug-iphonesimulator -Xlinker -rpath -Xlinker @executable_path -Xlinker -rpath -Xlinker @executable_path/Frameworks -Xlinker -rpath -Xlinker @executable_path/../../Frameworks -rdynamic -Xlinker -no_deduplicate -Xlinker -objc_abi_version -Xlinker 2 -e ___debug_blank_executor_main -Xlinker -sectcreate -Xlinker __TEXT -Xlinker __debug_dylib -Xlinker /Users/vitorepf/orca/workspaces/traco-ios/lote-ia-09c/build/Build/Intermediates.noindex/Traco.build/Debug-iphonesimulator/TracoWidget.build/TracoWidget-DebugDylibPath-normal-arm64.txt -Xlinker -sectcreate -Xlinker __TEXT -Xlinker __debug_entry -Xlinker /Users/vitorepf/orca/workspaces/traco-ios/lote-ia-09c/build/Build/Intermediates.noindex/Traco.build/Debug-iphonesimulator/TracoWidget.build/TracoWidget-DebugEntryPoint-normal-arm64.txt -Xlinker -sectcreate -Xlinker __TEXT -Xlinker __debug_instlnm -Xlinker /Users/vitorepf/orca/workspaces/traco-ios/lote-ia-09c/build/Build/Intermediates.noindex/Traco.build/Debug-iphonesimulator/TracoWidget.build/TracoWidget-DebugDylibInstallName-normal-arm64.txt -Xlinker -filelist -Xlinker /Users/vitorepf/orca/workspaces/traco-ios/lote-ia-09c/build/Build/Intermediates.noindex/Traco.build/Debug-iphonesimulator/TracoWidget.build/TracoWidget-ExecutorLinkFileList-normal-arm64.txt -Xlinker -sectcreate -Xlinker __TEXT -Xlinker __entitlements -Xlinker /Users/vitorepf/orca/workspaces/traco-ios/lote-ia-09c/build/Build/Intermediates.noindex/Traco.build/Debug-iphonesimulator/TracoWidget.build/TracoWidget.appex-Simulated.xcent -Xlinker -sectcreate -Xlinker __TEXT -Xlinker __ents_der -Xlinker /Users/vitorepf/orca/workspaces/traco-ios/lote-ia-09c/build/Build/Intermediates.noindex/Traco.build/Debug-iphonesimulator/TracoWidget.build/TracoWidget.appex-Simulated.xcent.der /Users/vitorepf/orca/workspaces/traco-ios/lote-ia-09c/build/Build/Products/Debug-iphonesimulator/TracoWidget.appex/TracoWidget.debug.dylib -Xlinker -no_adhoc_codesign -o /Users/vitorepf/orca/workspaces/traco-ios/lote-ia-09c/build/Build/Products/Debug-iphonesimulator/TracoWidget.appex/TracoWidget

SwiftExplicitDependencyGeneratePcm arm64 /Users/vitorepf/orca/workspaces/traco-ios/lote-ia-09c/build/ModuleCache.noindex/CoreTransferable-83UOFS5FDZ39CAOX70QNO91EC.pcm

SwiftExplicitDependencyGeneratePcm arm64 /Users/vitorepf/orca/workspaces/traco-ios/lote-ia-09c/build/ModuleCache.noindex/AppIntents-9KGIEA8NOY8KQTFJMCHGUR7YC.pcm

SwiftExplicitDependencyGeneratePcm arm64 /Users/vitorepf/orca/workspaces/traco-ios/lote-ia-09c/build/ModuleCache.noindex/CoreLocation-C8LA1093OUKTZLG604N9VXZFM.pcm

SwiftExplicitDependencyGeneratePcm arm64 /Users/vitorepf/orca/workspaces/traco-ios/lote-ia-09c/build/ModuleCache.noindex/Metal-9W06AE6N8PMJWY0I1RHPSEDHX.pcm

SwiftExplicitDependencyGeneratePcm arm64 /Users/vitorepf/orca/workspaces/traco-ios/lote-ia-09c/build/ModuleCache.noindex/MediaAccessibility-F0RZ6SMHIRAL8RY8LZPHJCF64.pcm

SwiftExplicitDependencyGeneratePcm arm64 /Users/vitorepf/orca/workspaces/traco-ios/lote-ia-09c/build/ModuleCache.noindex/CoreSpotlight-9SS5W8SS92AVXSYPOSHI2229O.pcm

SwiftExplicitDependencyGeneratePcm arm64 /Users/vitorepf/orca/workspaces/traco-ios/lote-ia-09c/build/ModuleCache.noindex/AVRouting-51L2WA3HPT7KUYLNDYR75OTS4.pcm

SwiftExplicitDependencyGeneratePcm arm64 /Users/vitorepf/orca/workspaces/traco-ios/lote-ia-09c/build/ModuleCache.noindex/AudioToolbox-9M96HKWTMY8A4111307UUJ89Z.pcm

ExtractAppIntentsMetadata (in target 'TracoWidget' from project 'Traco')
    cd /Users/vitorepf/orca/workspaces/traco-ios/lote-ia-09c
    /Applications/Xcode.app/Contents/Developer/Toolchains/XcodeDefault.xctoolchain/usr/bin/appintentsmetadataprocessor --toolchain-dir /Applications/Xcode.app/Contents/Developer/Toolchains/XcodeDefault.xctoolchain --module-name TracoWidget --sdk-root /Applications/Xcode.app/Contents/Developer/Platforms/iPhoneSimulator.platform/Developer/SDKs/iPhoneSimulator26.5.sdk --xcode-version 17F113 --platform-family iOS --deployment-target 26.0 --bundle-identifier app.traco.widget --output /Users/vitorepf/orca/workspaces/traco-ios/lote-ia-09c/build/Build/Products/Debug-iphonesimulator/TracoWidget.appex --target-triple arm64-apple-ios26.0-simulator --binary-file /Users/vitorepf/orca/workspaces/traco-ios/lote-ia-09c/build/Build/Products/Debug-iphonesimulator/TracoWidget.appex/TracoWidget --dependency-file /Users/vitorepf/orca/workspaces/traco-ios/lote-ia-09c/build/Build/Intermediates.noindex/Traco.build/Debug-iphonesimulator/TracoWidget.build/Objects-normal/arm64/TracoWidget_dependency_info.dat --stringsdata-file /Users/vitorepf/orca/workspaces/traco-ios/lote-ia-09c/build/Build/Intermediates.noindex/Traco.build/Debug-iphonesimulator/TracoWidget.build/Objects-normal/arm64/ExtractedAppShortcutsMetadata.stringsdata --source-file-list /Users/vitorepf/orca/workspaces/traco-ios/lote-ia-09c/build/Build/Intermediates.noindex/Traco.build/Debug-iphonesimulator/TracoWidget.build/Objects-normal/arm64/TracoWidget.SwiftFileList --metadata-file-list /Users/vitorepf/orca/workspaces/traco-ios/lote-ia-09c/build/Build/Intermediates.noindex/Traco.build/Debug-iphonesimulator/TracoWidget.build/TracoWidget.DependencyMetadataFileList --static-metadata-file-list /Users/vitorepf/orca/workspaces/traco-ios/lote-ia-09c/build/Build/Intermediates.noindex/Traco.build/Debug-iphonesimulator/TracoWidget.build/TracoWidget.DependencyStaticMetadataFileList --swift-const-vals-list /Users/vitorepf/orca/workspaces/traco-ios/lote-ia-09c/build/Build/Intermediates.noindex/Traco.build/Debug-iphonesimulator/TracoWidget.build/Objects-normal/arm64/TracoWidget.SwiftConstValuesFileList --compile-time-extraction --deployment-aware-processing --validate-assistant-intents --no-app-shortcuts-localization
2026-09-09 21:36:15.695 appintentsmetadataprocessor[13752:18001490] Starting appintentsmetadataprocessor export
2026-09-09 21:36:15.711 appintentsmetadataprocessor[13752:18001490] Writing Metadata.appintents
2026-09-09 21:36:15.711 appintentsmetadataprocessor[13752:18001490] Metadata root: /Users/vitorepf/orca/workspaces/traco-ios/lote-ia-09c/build/Build/Products/Debug-iphonesimulator/TracoWidget.appex/Metadata.appintents

SwiftExplicitDependencyGeneratePcm arm64 /Users/vitorepf/orca/workspaces/traco-ios/lote-ia-09c/build/ModuleCache.noindex/Intents-9NLXYHTRO2OH4RGKV69ZDUAJN.pcm

SwiftExplicitDependencyGeneratePcm arm64 /Users/vitorepf/orca/workspaces/traco-ios/lote-ia-09c/build/ModuleCache.noindex/EventKit-5PQE8IPGPD3DH94OPPEL1RG18.pcm

AppIntentsSSUTraining (in target 'TracoWidget' from project 'Traco')
    cd /Users/vitorepf/orca/workspaces/traco-ios/lote-ia-09c
    /Applications/Xcode.app/Contents/Developer/Toolchains/XcodeDefault.xctoolchain/usr/bin/appintentsnltrainingprocessor --infoplist-path /Users/vitorepf/orca/workspaces/traco-ios/lote-ia-09c/build/Build/Products/Debug-iphonesimulator/TracoWidget.appex/Info.plist --temp-dir-path /Users/vitorepf/orca/workspaces/traco-ios/lote-ia-09c/build/Build/Intermediates.noindex/Traco.build/Debug-iphonesimulator/TracoWidget.build/ssu --bundle-id app.traco.widget --product-path /Users/vitorepf/orca/workspaces/traco-ios/lote-ia-09c/build/Build/Products/Debug-iphonesimulator/TracoWidget.appex --extracted-metadata-path /Users/vitorepf/orca/workspaces/traco-ios/lote-ia-09c/build/Build/Products/Debug-iphonesimulator/TracoWidget.appex/Metadata.appintents --metadata-file-list /Users/vitorepf/orca/workspaces/traco-ios/lote-ia-09c/build/Build/Intermediates.noindex/Traco.build/Debug-iphonesimulator/TracoWidget.build/TracoWidget.DependencyMetadataFileList --source-file /Users/vitorepf/orca/workspaces/traco-ios/lote-ia-09c/build/Build/Products/Debug-iphonesimulator/TracoWidget.appex/Info.plist --archive-ssu-assets
2026-09-09 21:36:15.733 appintentsnltrainingprocessor[13755:18001497] Parsing options for appintentsnltrainingprocessor
2026-09-09 21:36:15.733 appintentsnltrainingprocessor[13755:18001497] Starting AppIntents SSU YAML Generation
2026-09-09 21:36:15.742 appintentsnltrainingprocessor[13755:18001497] No AppShortcuts found - Skipping.

CodeSign /Users/vitorepf/orca/workspaces/traco-ios/lote-ia-09c/build/Build/Products/Debug-iphonesimulator/TracoWidget.appex/TracoWidget.debug.dylib (in target 'TracoWidget' from project 'Traco')
    cd /Users/vitorepf/orca/workspaces/traco-ios/lote-ia-09c
    
    Signing Identity:     "Sign to Run Locally"
    
    /usr/bin/codesign --force --sign - --timestamp\=none --generate-entitlement-der /Users/vitorepf/orca/workspaces/traco-ios/lote-ia-09c/build/Build/Products/Debug-iphonesimulator/TracoWidget.appex/TracoWidget.debug.dylib

SwiftExplicitDependencyGeneratePcm arm64 /Users/vitorepf/orca/workspaces/traco-ios/lote-ia-09c/build/ModuleCache.noindex/CoreVideo-FCHB6LI9HBH2ZOXRFKNBNUAX.pcm

CodeSign /Users/vitorepf/orca/workspaces/traco-ios/lote-ia-09c/build/Build/Products/Debug-iphonesimulator/TracoWidget.appex/__preview.dylib (in target 'TracoWidget' from project 'Traco')
    cd /Users/vitorepf/orca/workspaces/traco-ios/lote-ia-09c
    
    Signing Identity:     "Sign to Run Locally"
    
    /usr/bin/codesign --force --sign - --timestamp\=none --generate-entitlement-der /Users/vitorepf/orca/workspaces/traco-ios/lote-ia-09c/build/Build/Products/Debug-iphonesimulator/TracoWidget.appex/__preview.dylib

CodeSign /Users/vitorepf/orca/workspaces/traco-ios/lote-ia-09c/build/Build/Products/Debug-iphonesimulator/TracoWidget.appex (in target 'TracoWidget' from project 'Traco')
    cd /Users/vitorepf/orca/workspaces/traco-ios/lote-ia-09c
    
    Signing Identity:     "Sign to Run Locally"
    
    /usr/bin/codesign --force --sign - --entitlements /Users/vitorepf/orca/workspaces/traco-ios/lote-ia-09c/build/Build/Intermediates.noindex/Traco.build/Debug-iphonesimulator/TracoWidget.build/TracoWidget.appex.xcent --timestamp\=none --generate-entitlement-der /Users/vitorepf/orca/workspaces/traco-ios/lote-ia-09c/build/Build/Products/Debug-iphonesimulator/TracoWidget.appex

SwiftExplicitDependencyGeneratePcm arm64 /Users/vitorepf/orca/workspaces/traco-ios/lote-ia-09c/build/ModuleCache.noindex/QuartzCore-6QRSLSK09I7HQO1TN2YKOZK3X.pcm

SwiftExplicitDependencyGeneratePcm arm64 /Users/vitorepf/orca/workspaces/traco-ios/lote-ia-09c/build/ModuleCache.noindex/CoreMedia-LJ63ASE0T6FM57AS94QWHT9C.pcm

SwiftExplicitDependencyGeneratePcm arm64 /Users/vitorepf/orca/workspaces/traco-ios/lote-ia-09c/build/ModuleCache.noindex/CoreImage-6IXU4VT4AB72XDO01J69O6IZ1.pcm

RegisterExecutionPolicyException /Users/vitorepf/orca/workspaces/traco-ios/lote-ia-09c/build/Build/Products/Debug-iphonesimulator/TracoWidget.appex (in target 'TracoWidget' from project 'Traco')
    cd /Users/vitorepf/orca/workspaces/traco-ios/lote-ia-09c
    builtin-RegisterExecutionPolicyException /Users/vitorepf/orca/workspaces/traco-ios/lote-ia-09c/build/Build/Products/Debug-iphonesimulator/TracoWidget.appex

Touch /Users/vitorepf/orca/workspaces/traco-ios/lote-ia-09c/build/Build/Products/Debug-iphonesimulator/TracoWidget.appex (in target 'TracoWidget' from project 'Traco')
    cd /Users/vitorepf/orca/workspaces/traco-ios/lote-ia-09c
    /usr/bin/touch -c /Users/vitorepf/orca/workspaces/traco-ios/lote-ia-09c/build/Build/Products/Debug-iphonesimulator/TracoWidget.appex

Copy /Users/vitorepf/orca/workspaces/traco-ios/lote-ia-09c/build/Build/Products/Debug-iphonesimulator/Traco.app/Frameworks/libXCTestSwiftSupport.dylib /Applications/Xcode.app/Contents/Developer/Platforms/iPhoneSimulator.platform/Developer/usr/lib/libXCTestSwiftSupport.dylib (in target 'Traco' from project 'Traco')
    cd /Users/vitorepf/orca/workspaces/traco-ios/lote-ia-09c
    builtin-copy -exclude .DS_Store -exclude CVS -exclude .svn -exclude .git -exclude .hg -exclude Headers -exclude PrivateHeaders -exclude Modules -exclude \*.tbd -resolve-src-symlinks /Applications/Xcode.app/Contents/Developer/Platforms/iPhoneSimulator.platform/Developer/usr/lib/libXCTestSwiftSupport.dylib /Users/vitorepf/orca/workspaces/traco-ios/lote-ia-09c/build/Build/Products/Debug-iphonesimulator/Traco.app/Frameworks

CpResource /Users/vitorepf/orca/workspaces/traco-ios/lote-ia-09c/build/Build/Products/Debug-iphonesimulator/Traco.app/Metodos.json /Users/vitorepf/orca/workspaces/traco-ios/lote-ia-09c/Traco/Modelo/Metodos.json (in target 'Traco' from project 'Traco')
    cd /Users/vitorepf/orca/workspaces/traco-ios/lote-ia-09c
    builtin-copy -exclude .DS_Store -exclude CVS -exclude .svn -exclude .git -exclude .hg -resolve-src-symlinks /Users/vitorepf/orca/workspaces/traco-ios/lote-ia-09c/Traco/Modelo/Metodos.json /Users/vitorepf/orca/workspaces/traco-ios/lote-ia-09c/build/Build/Products/Debug-iphonesimulator/Traco.app

CpResource /Users/vitorepf/orca/workspaces/traco-ios/lote-ia-09c/build/Build/Products/Debug-iphonesimulator/Traco.app/PrivacyInfo.xcprivacy /Users/vitorepf/orca/workspaces/traco-ios/lote-ia-09c/Traco/PrivacyInfo.xcprivacy (in target 'Traco' from project 'Traco')
    cd /Users/vitorepf/orca/workspaces/traco-ios/lote-ia-09c
    builtin-copy -exclude .DS_Store -exclude CVS -exclude .svn -exclude .git -exclude .hg -resolve-src-symlinks /Users/vitorepf/orca/workspaces/traco-ios/lote-ia-09c/Traco/PrivacyInfo.xcprivacy /Users/vitorepf/orca/workspaces/traco-ios/lote-ia-09c/build/Build/Products/Debug-iphonesimulator/Traco.app

Copy /Users/vitorepf/orca/workspaces/traco-ios/lote-ia-09c/build/Build/Products/Debug-iphonesimulator/Traco.app/Frameworks/libXCTestBundleInject.dylib /Applications/Xcode.app/Contents/Developer/Platforms/iPhoneSimulator.platform/Developer/usr/lib/libXCTestBundleInject.dylib (in target 'Traco' from project 'Traco')
    cd /Users/vitorepf/orca/workspaces/traco-ios/lote-ia-09c
    builtin-copy -exclude .DS_Store -exclude CVS -exclude .svn -exclude .git -exclude .hg -exclude Headers -exclude PrivateHeaders -exclude Modules -exclude \*.tbd -resolve-src-symlinks /Applications/Xcode.app/Contents/Developer/Platforms/iPhoneSimulator.platform/Developer/usr/lib/libXCTestBundleInject.dylib /Users/vitorepf/orca/workspaces/traco-ios/lote-ia-09c/build/Build/Products/Debug-iphonesimulator/Traco.app/Frameworks

Copy /Users/vitorepf/orca/workspaces/traco-ios/lote-ia-09c/build/Build/Products/Debug-iphonesimulator/Traco.app/Frameworks/XCUnit.framework /Applications/Xcode.app/Contents/Developer/Platforms/iPhoneSimulator.platform/Developer/Library/PrivateFrameworks/XCUnit.framework (in target 'Traco' from project 'Traco')
    cd /Users/vitorepf/orca/workspaces/traco-ios/lote-ia-09c
    builtin-copy -exclude .DS_Store -exclude CVS -exclude .svn -exclude .git -exclude .hg -exclude Headers -exclude PrivateHeaders -exclude Modules -exclude \*.tbd -resolve-src-symlinks /Applications/Xcode.app/Contents/Developer/Platforms/iPhoneSimulator.platform/Developer/Library/PrivateFrameworks/XCUnit.framework /Users/vitorepf/orca/workspaces/traco-ios/lote-ia-09c/build/Build/Products/Debug-iphonesimulator/Traco.app/Frameworks

Copy /Users/vitorepf/orca/workspaces/traco-ios/lote-ia-09c/build/Build/Products/Debug-iphonesimulator/Traco.app/Frameworks/XCUIAutomation.framework /Applications/Xcode.app/Contents/Developer/Platforms/iPhoneSimulator.platform/Developer/Library/Frameworks/XCUIAutomation.framework (in target 'Traco' from project 'Traco')
    cd /Users/vitorepf/orca/workspaces/traco-ios/lote-ia-09c
    builtin-copy -exclude .DS_Store -exclude CVS -exclude .svn -exclude .git -exclude .hg -exclude Headers -exclude PrivateHeaders -exclude Modules -exclude \*.tbd -resolve-src-symlinks /Applications/Xcode.app/Contents/Developer/Platforms/iPhoneSimulator.platform/Developer/Library/Frameworks/XCUIAutomation.framework /Users/vitorepf/orca/workspaces/traco-ios/lote-ia-09c/build/Build/Products/Debug-iphonesimulator/Traco.app/Frameworks

Copy /Users/vitorepf/orca/workspaces/traco-ios/lote-ia-09c/build/Build/Products/Debug-iphonesimulator/Traco.app/Frameworks/XCTestSupport.framework /Applications/Xcode.app/Contents/Developer/Platforms/iPhoneSimulator.platform/Developer/Library/PrivateFrameworks/XCTestSupport.framework (in target 'Traco' from project 'Traco')
    cd /Users/vitorepf/orca/workspaces/traco-ios/lote-ia-09c
    builtin-copy -exclude .DS_Store -exclude CVS -exclude .svn -exclude .git -exclude .hg -exclude Headers -exclude PrivateHeaders -exclude Modules -exclude \*.tbd -resolve-src-symlinks /Applications/Xcode.app/Contents/Developer/Platforms/iPhoneSimulator.platform/Developer/Library/PrivateFrameworks/XCTestSupport.framework /Users/vitorepf/orca/workspaces/traco-ios/lote-ia-09c/build/Build/Products/Debug-iphonesimulator/Traco.app/Frameworks

Copy /Users/vitorepf/orca/workspaces/traco-ios/lote-ia-09c/build/Build/Products/Debug-iphonesimulator/Traco.app/Frameworks/XCTestCore.framework /Applications/Xcode.app/Contents/Developer/Platforms/iPhoneSimulator.platform/Developer/Library/PrivateFrameworks/XCTestCore.framework (in target 'Traco' from project 'Traco')
    cd /Users/vitorepf/orca/workspaces/traco-ios/lote-ia-09c
    builtin-copy -exclude .DS_Store -exclude CVS -exclude .svn -exclude .git -exclude .hg -exclude Headers -exclude PrivateHeaders -exclude Modules -exclude \*.tbd -resolve-src-symlinks /Applications/Xcode.app/Contents/Developer/Platforms/iPhoneSimulator.platform/Developer/Library/PrivateFrameworks/XCTestCore.framework /Users/vitorepf/orca/workspaces/traco-ios/lote-ia-09c/build/Build/Products/Debug-iphonesimulator/Traco.app/Frameworks

Copy /Users/vitorepf/orca/workspaces/traco-ios/lote-ia-09c/build/Build/Products/Debug-iphonesimulator/Traco.app/Frameworks/Testing.framework /Applications/Xcode.app/Contents/Developer/Platforms/iPhoneSimulator.platform/Developer/Library/Frameworks/Testing.framework (in target 'Traco' from project 'Traco')
    cd /Users/vitorepf/orca/workspaces/traco-ios/lote-ia-09c
    builtin-copy -exclude .DS_Store -exclude CVS -exclude .svn -exclude .git -exclude .hg -exclude Headers -exclude PrivateHeaders -exclude Modules -exclude \*.tbd -resolve-src-symlinks /Applications/Xcode.app/Contents/Developer/Platforms/iPhoneSimulator.platform/Developer/Library/Frameworks/Testing.framework /Users/vitorepf/orca/workspaces/traco-ios/lote-ia-09c/build/Build/Products/Debug-iphonesimulator/Traco.app/Frameworks

Copy /Users/vitorepf/orca/workspaces/traco-ios/lote-ia-09c/build/Build/Products/Debug-iphonesimulator/Traco.app/Frameworks/XCTAutomationSupport.framework /Applications/Xcode.app/Contents/Developer/Platforms/iPhoneSimulator.platform/Developer/Library/PrivateFrameworks/XCTAutomationSupport.framework (in target 'Traco' from project 'Traco')
    cd /Users/vitorepf/orca/workspaces/traco-ios/lote-ia-09c
    builtin-copy -exclude .DS_Store -exclude CVS -exclude .svn -exclude .git -exclude .hg -exclude Headers -exclude PrivateHeaders -exclude Modules -exclude \*.tbd -resolve-src-symlinks /Applications/Xcode.app/Contents/Developer/Platforms/iPhoneSimulator.platform/Developer/Library/PrivateFrameworks/XCTAutomationSupport.framework /Users/vitorepf/orca/workspaces/traco-ios/lote-ia-09c/build/Build/Products/Debug-iphonesimulator/Traco.app/Frameworks

Copy /Users/vitorepf/orca/workspaces/traco-ios/lote-ia-09c/build/Build/Products/Debug-iphonesimulator/Traco.app/Frameworks/XCTest.framework /Applications/Xcode.app/Contents/Developer/Platforms/iPhoneSimulator.platform/Developer/Library/Frameworks/XCTest.framework (in target 'Traco' from project 'Traco')
    cd /Users/vitorepf/orca/workspaces/traco-ios/lote-ia-09c
    builtin-copy -exclude .DS_Store -exclude CVS -exclude .svn -exclude .git -exclude .hg -exclude Headers -exclude PrivateHeaders -exclude Modules -exclude \*.tbd -resolve-src-symlinks /Applications/Xcode.app/Contents/Developer/Platforms/iPhoneSimulator.platform/Developer/Library/Frameworks/XCTest.framework /Users/vitorepf/orca/workspaces/traco-ios/lote-ia-09c/build/Build/Products/Debug-iphonesimulator/Traco.app/Frameworks

Ld /Users/vitorepf/orca/workspaces/traco-ios/lote-ia-09c/build/Build/Products/Debug-iphonesimulator/Traco.app/__preview.dylib normal (in target 'Traco' from project 'Traco')
    cd /Users/vitorepf/orca/workspaces/traco-ios/lote-ia-09c
    /Applications/Xcode.app/Contents/Developer/Toolchains/XcodeDefault.xctoolchain/usr/bin/clang -Xlinker -reproducible -target arm64-apple-ios26.0-simulator -dynamiclib -isysroot /Applications/Xcode.app/Contents/Developer/Platforms/iPhoneSimulator.platform/Developer/SDKs/iPhoneSimulator26.5.sdk -O0 -L/Users/vitorepf/orca/workspaces/traco-ios/lote-ia-09c/build/Build/Products/Debug-iphonesimulator -F/Users/vitorepf/orca/workspaces/traco-ios/lote-ia-09c/build/Build/Products/Debug-iphonesimulator -install_name @rpath/Traco.debug.dylib -Xlinker -dead_strip -rdynamic -Xlinker -no_deduplicate -Xlinker -objc_abi_version -Xlinker 2 -Xlinker -dependency_info -Xlinker /Users/vitorepf/orca/workspaces/traco-ios/lote-ia-09c/build/Build/Intermediates.noindex/Traco.build/Debug-iphonesimulator/Traco.build/Objects-normal/arm64/Traco_dependency_info.dat -Xlinker -sectcreate -Xlinker __TEXT -Xlinker __entitlements -Xlinker /Users/vitorepf/orca/workspaces/traco-ios/lote-ia-09c/build/Build/Intermediates.noindex/Traco.build/Debug-iphonesimulator/Traco.build/Traco.app-Simulated.xcent -Xlinker -sectcreate -Xlinker __TEXT -Xlinker __ents_der -Xlinker /Users/vitorepf/orca/workspaces/traco-ios/lote-ia-09c/build/Build/Intermediates.noindex/Traco.build/Debug-iphonesimulator/Traco.build/Traco.app-Simulated.xcent.der -Xlinker -no_adhoc_codesign -o /Users/vitorepf/orca/workspaces/traco-ios/lote-ia-09c/build/Build/Products/Debug-iphonesimulator/Traco.app/__preview.dylib

SwiftExplicitDependencyGeneratePcm arm64 /Users/vitorepf/orca/workspaces/traco-ios/lote-ia-09c/build/ModuleCache.noindex/SwiftUICore-D9SJ736P51O4F6ILPRT2ZHJO4.pcm

SwiftExplicitDependencyGeneratePcm arm64 /Users/vitorepf/orca/workspaces/traco-ios/lote-ia-09c/build/ModuleCache.noindex/AVFAudio-BJ6QK0THJ3RK5Q6C3S4O0UKC9.pcm

SwiftExplicitDependencyGeneratePcm arm64 /Users/vitorepf/orca/workspaces/traco-ios/lote-ia-09c/build/ModuleCache.noindex/MediaToolbox-8LERJHCAE9IES2YER3PYLSWQP.pcm

SwiftExplicitDependencyGeneratePcm arm64 /Users/vitorepf/orca/workspaces/traco-ios/lote-ia-09c/build/ModuleCache.noindex/UIKit-BZG6F4V82EKDTO7RO9K4F95P.pcm

SwiftExplicitDependencyGeneratePcm arm64 /Users/vitorepf/orca/workspaces/traco-ios/lote-ia-09c/build/ModuleCache.noindex/AVFoundation-1IYEXM38E694RGBADC6IRGIW1.pcm

SwiftExplicitDependencyGeneratePcm arm64 /Users/vitorepf/orca/workspaces/traco-ios/lote-ia-09c/build/ModuleCache.noindex/Speech-6J8W8K5DCFREPXLZM8066JWXZ.pcm

SwiftExplicitDependencyGeneratePcm arm64 /Users/vitorepf/orca/workspaces/traco-ios/lote-ia-09c/build/ModuleCache.noindex/Photos-LHN9NLHT9604BCI993X1KEZ3.pcm

SwiftExplicitDependencyGeneratePcm arm64 /Users/vitorepf/orca/workspaces/traco-ios/lote-ia-09c/build/ModuleCache.noindex/SwiftUI-33ZEM9I5TZASC97I15XM89ISJ.pcm

SwiftExplicitDependencyGeneratePcm arm64 /Users/vitorepf/orca/workspaces/traco-ios/lote-ia-09c/build/ModuleCache.noindex/PDFKit-CTZBDLZWB75FFQ2WAM0TE1R3I.pcm

SwiftExplicitDependencyGeneratePcm arm64 /Users/vitorepf/orca/workspaces/traco-ios/lote-ia-09c/build/ModuleCache.noindex/AVKit-CJ1R2Y2IIZG0NDEMABBSZOX0Y.pcm

SwiftExplicitDependencyGeneratePcm arm64 /Users/vitorepf/orca/workspaces/traco-ios/lote-ia-09c/build/ModuleCache.noindex/PhotosUI-5898X3VR0TGRC2BVRS7E6GZ42.pcm

SwiftEmitModule normal arm64 Emitting\ module\ for\ Traco (in target 'Traco' from project 'Traco')
EmitSwiftModule normal arm64 (in target 'Traco' from project 'Traco')
    cd /Users/vitorepf/orca/workspaces/traco-ios/lote-ia-09c
    

SwiftCompile normal arm64 Compiling\ Trajetoria.swift,\ Vazio.swift,\ Versoes.swift,\ VersoesView.swift,\ Volta.swift,\ VozDoAutor.swift,\ GeneratedAssetSymbols.swift /Users/vitorepf/orca/workspaces/traco-ios/lote-ia-09c/Traco/Padroes/Trajetoria.swift /Users/vitorepf/orca/workspaces/traco-ios/lote-ia-09c/Traco/Componentes/Vazio.swift /Users/vitorepf/orca/workspaces/traco-ios/lote-ia-09c/Traco/Modelo/Versoes.swift /Users/vitorepf/orca/workspaces/traco-ios/lote-ia-09c/Traco/Notas/VersoesView.swift /Users/vitorepf/orca/workspaces/traco-ios/lote-ia-09c/Traco/Modelo/Volta.swift /Users/vitorepf/orca/workspaces/traco-ios/lote-ia-09c/Traco/Modelo/VozDoAutor.swift /Users/vitorepf/orca/workspaces/traco-ios/lote-ia-09c/build/Build/Intermediates.noindex/Traco.build/Debug-iphonesimulator/Traco.build/DerivedSources/GeneratedAssetSymbols.swift (in target 'Traco' from project 'Traco')

SwiftCompile normal arm64 /Users/vitorepf/orca/workspaces/traco-ios/lote-ia-09c/Traco/Padroes/Trajetoria.swift (in target 'Traco' from project 'Traco')
    cd /Users/vitorepf/orca/workspaces/traco-ios/lote-ia-09c
    

SwiftCompile normal arm64 /Users/vitorepf/orca/workspaces/traco-ios/lote-ia-09c/Traco/Componentes/Vazio.swift (in target 'Traco' from project 'Traco')
    cd /Users/vitorepf/orca/workspaces/traco-ios/lote-ia-09c
    

SwiftCompile normal arm64 /Users/vitorepf/orca/workspaces/traco-ios/lote-ia-09c/Traco/Modelo/Versoes.swift (in target 'Traco' from project 'Traco')
    cd /Users/vitorepf/orca/workspaces/traco-ios/lote-ia-09c
    

SwiftCompile normal arm64 /Users/vitorepf/orca/workspaces/traco-ios/lote-ia-09c/Traco/Notas/VersoesView.swift (in target 'Traco' from project 'Traco')
    cd /Users/vitorepf/orca/workspaces/traco-ios/lote-ia-09c
    

SwiftCompile normal arm64 /Users/vitorepf/orca/workspaces/traco-ios/lote-ia-09c/Traco/Modelo/Volta.swift (in target 'Traco' from project 'Traco')
    cd /Users/vitorepf/orca/workspaces/traco-ios/lote-ia-09c
    

SwiftCompile normal arm64 /Users/vitorepf/orca/workspaces/traco-ios/lote-ia-09c/Traco/Modelo/VozDoAutor.swift (in target 'Traco' from project 'Traco')
    cd /Users/vitorepf/orca/workspaces/traco-ios/lote-ia-09c
    

SwiftCompile normal arm64 /Users/vitorepf/orca/workspaces/traco-ios/lote-ia-09c/build/Build/Intermediates.noindex/Traco.build/Debug-iphonesimulator/Traco.build/DerivedSources/GeneratedAssetSymbols.swift (in target 'Traco' from project 'Traco')
    cd /Users/vitorepf/orca/workspaces/traco-ios/lote-ia-09c
    

SwiftCompile normal arm64 Compiling\ TituloTela.swift,\ Toque.swift,\ Trabalho.swift,\ TrabalhoView.swift,\ TrabalhosView.swift,\ TracoApp.swift,\ TracoAtalhos.swift /Users/vitorepf/orca/workspaces/traco-ios/lote-ia-09c/Traco/App/TituloTela.swift /Users/vitorepf/orca/workspaces/traco-ios/lote-ia-09c/Traco/App/Toque.swift /Users/vitorepf/orca/workspaces/traco-ios/lote-ia-09c/Traco/Trabalho/Trabalho.swift /Users/vitorepf/orca/workspaces/traco-ios/lote-ia-09c/Traco/Trabalho/TrabalhoView.swift /Users/vitorepf/orca/workspaces/traco-ios/lote-ia-09c/Traco/Trabalho/TrabalhosView.swift /Users/vitorepf/orca/workspaces/traco-ios/lote-ia-09c/Traco/TracoApp.swift /Users/vitorepf/orca/workspaces/traco-ios/lote-ia-09c/Traco/App/Intents/TracoAtalhos.swift (in target 'Traco' from project 'Traco')
SwiftCompile normal arm64 /Users/vitorepf/orca/workspaces/traco-ios/lote-ia-09c/Traco/App/TituloTela.swift (in target 'Traco' from project 'Traco')
    cd /Users/vitorepf/orca/workspaces/traco-ios/lote-ia-09c
    

SwiftCompile normal arm64 /Users/vitorepf/orca/workspaces/traco-ios/lote-ia-09c/Traco/App/Toque.swift (in target 'Traco' from project 'Traco')
    cd /Users/vitorepf/orca/workspaces/traco-ios/lote-ia-09c
    

SwiftCompile normal arm64 /Users/vitorepf/orca/workspaces/traco-ios/lote-ia-09c/Traco/Trabalho/Trabalho.swift (in target 'Traco' from project 'Traco')
    cd /Users/vitorepf/orca/workspaces/traco-ios/lote-ia-09c
    

SwiftCompile normal arm64 /Users/vitorepf/orca/workspaces/traco-ios/lote-ia-09c/Traco/Trabalho/TrabalhoView.swift (in target 'Traco' from project 'Traco')
    cd /Users/vitorepf/orca/workspaces/traco-ios/lote-ia-09c
    

SwiftCompile normal arm64 /Users/vitorepf/orca/workspaces/traco-ios/lote-ia-09c/Traco/Trabalho/TrabalhosView.swift (in target 'Traco' from project 'Traco')
    cd /Users/vitorepf/orca/workspaces/traco-ios/lote-ia-09c
    

SwiftCompile normal arm64 /Users/vitorepf/orca/workspaces/traco-ios/lote-ia-09c/Traco/TracoApp.swift (in target 'Traco' from project 'Traco')
    cd /Users/vitorepf/orca/workspaces/traco-ios/lote-ia-09c
    

SwiftCompile normal arm64 /Users/vitorepf/orca/workspaces/traco-ios/lote-ia-09c/Traco/App/Intents/TracoAtalhos.swift (in target 'Traco' from project 'Traco')
    cd /Users/vitorepf/orca/workspaces/traco-ios/lote-ia-09c
    

SwiftCompile normal arm64 Compiling\ Politica.swift,\ PortalArquivoView.swift,\ PortalCodigoView.swift,\ PortalFormulaView.swift,\ PraticaTrabalho.swift,\ ProsaView.swift,\ Prova.swift /Users/vitorepf/orca/workspaces/traco-ios/lote-ia-09c/Traco/Analise/Politica.swift /Users/vitorepf/orca/workspaces/traco-ios/lote-ia-09c/Traco/Caderno/PortalArquivoView.swift /Users/vitorepf/orca/workspaces/traco-ios/lote-ia-09c/Traco/Caderno/PortalCodigoView.swift /Users/vitorepf/orca/workspaces/traco-ios/lote-ia-09c/Traco/Caderno/PortalFormulaView.swift /Users/vitorepf/orca/workspaces/traco-ios/lote-ia-09c/Traco/Trabalho/PraticaTrabalho.swift /Users/vitorepf/orca/workspaces/traco-ios/lote-ia-09c/Traco/Caderno/ProsaView.swift /Users/vitorepf/orca/workspaces/traco-ios/lote-ia-09c/Traco/Recordar/Prova.swift (in target 'Traco' from project 'Traco')

SwiftCompile normal arm64 /Users/vitorepf/orca/workspaces/traco-ios/lote-ia-09c/Traco/Analise/Politica.swift (in target 'Traco' from project 'Traco')
    cd /Users/vitorepf/orca/workspaces/traco-ios/lote-ia-09c
    

SwiftCompile normal arm64 /Users/vitorepf/orca/workspaces/traco-ios/lote-ia-09c/Traco/Caderno/PortalArquivoView.swift (in target 'Traco' from project 'Traco')
    cd /Users/vitorepf/orca/workspaces/traco-ios/lote-ia-09c
    

SwiftCompile normal arm64 /Users/vitorepf/orca/workspaces/traco-ios/lote-ia-09c/Traco/Caderno/PortalCodigoView.swift (in target 'Traco' from project 'Traco')
    cd /Users/vitorepf/orca/workspaces/traco-ios/lote-ia-09c
    

SwiftCompile normal arm64 /Users/vitorepf/orca/workspaces/traco-ios/lote-ia-09c/Traco/Caderno/PortalFormulaView.swift (in target 'Traco' from project 'Traco')
    cd /Users/vitorepf/orca/workspaces/traco-ios/lote-ia-09c
    

SwiftCompile normal arm64 /Users/vitorepf/orca/workspaces/traco-ios/lote-ia-09c/Traco/Trabalho/PraticaTrabalho.swift (in target 'Traco' from project 'Traco')
    cd /Users/vitorepf/orca/workspaces/traco-ios/lote-ia-09c
    

SwiftCompile normal arm64 /Users/vitorepf/orca/workspaces/traco-ios/lote-ia-09c/Traco/Caderno/ProsaView.swift (in target 'Traco' from project 'Traco')
    cd /Users/vitorepf/orca/workspaces/traco-ios/lote-ia-09c
    

SwiftCompile normal arm64 /Users/vitorepf/orca/workspaces/traco-ios/lote-ia-09c/Traco/Recordar/Prova.swift (in target 'Traco' from project 'Traco')
    cd /Users/vitorepf/orca/workspaces/traco-ios/lote-ia-09c
    

SwiftCompile normal arm64 Compiling\ Migracao.swift,\ Nota.swift,\ NotasFiltro.swift,\ NotasView.swift,\ OficinaTrabalho.swift,\ OrdemNotas.swift,\ PadroesLocal.swift /Users/vitorepf/orca/workspaces/traco-ios/lote-ia-09c/Traco/Modelo/Migracao.swift /Users/vitorepf/orca/workspaces/traco-ios/lote-ia-09c/Traco/Modelo/Nota.swift /Users/vitorepf/orca/workspaces/traco-ios/lote-ia-09c/Traco/Notas/NotasFiltro.swift /Users/vitorepf/orca/workspaces/traco-ios/lote-ia-09c/Traco/Notas/NotasView.swift /Users/vitorepf/orca/workspaces/traco-ios/lote-ia-09c/Traco/Trabalho/OficinaTrabalho.swift /Users/vitorepf/orca/workspaces/traco-ios/lote-ia-09c/Traco/Notas/OrdemNotas.swift /Users/vitorepf/orca/workspaces/traco-ios/lote-ia-09c/Traco/Padroes/PadroesLocal.swift (in target 'Traco' from project 'Traco')

SwiftCompile normal arm64 /Users/vitorepf/orca/workspaces/traco-ios/lote-ia-09c/Traco/Modelo/Migracao.swift (in target 'Traco' from project 'Traco')
    cd /Users/vitorepf/orca/workspaces/traco-ios/lote-ia-09c
    

SwiftCompile normal arm64 /Users/vitorepf/orca/workspaces/traco-ios/lote-ia-09c/Traco/Modelo/Nota.swift (in target 'Traco' from project 'Traco')
    cd /Users/vitorepf/orca/workspaces/traco-ios/lote-ia-09c
    

SwiftCompile normal arm64 /Users/vitorepf/orca/workspaces/traco-ios/lote-ia-09c/Traco/Notas/NotasFiltro.swift (in target 'Traco' from project 'Traco')
    cd /Users/vitorepf/orca/workspaces/traco-ios/lote-ia-09c
    

SwiftCompile normal arm64 /Users/vitorepf/orca/workspaces/traco-ios/lote-ia-09c/Traco/Notas/NotasView.swift (in target 'Traco' from project 'Traco')
    cd /Users/vitorepf/orca/workspaces/traco-ios/lote-ia-09c
    
/Users/vitorepf/orca/workspaces/traco-ios/lote-ia-09c/Traco/Notas/NotasView.swift:806:30: warning: '+' was deprecated in iOS 26.0: Use string interpolation on `Text` instead: `Text("Hello \(name)")`
                             + (comSub ? DestaqueBusca.texto(sub, termo: busca, base: Tema.tintaFraca) : Text("")))
                             ^

SwiftCompile normal arm64 /Users/vitorepf/orca/workspaces/traco-ios/lote-ia-09c/Traco/Trabalho/OficinaTrabalho.swift (in target 'Traco' from project 'Traco')
    cd /Users/vitorepf/orca/workspaces/traco-ios/lote-ia-09c
    

SwiftCompile normal arm64 /Users/vitorepf/orca/workspaces/traco-ios/lote-ia-09c/Traco/Notas/OrdemNotas.swift (in target 'Traco' from project 'Traco')
    cd /Users/vitorepf/orca/workspaces/traco-ios/lote-ia-09c
    

SwiftCompile normal arm64 /Users/vitorepf/orca/workspaces/traco-ios/lote-ia-09c/Traco/Padroes/PadroesLocal.swift (in target 'Traco' from project 'Traco')
    cd /Users/vitorepf/orca/workspaces/traco-ios/lote-ia-09c
    

SwiftCompile normal arm64 Compiling\ Sessao.swift,\ Sinais.swift,\ SintaxeLocal.swift,\ Superficie.swift,\ SuperficieFora.swift,\ Tema.swift,\ TextoDoDitado.swift /Users/vitorepf/orca/workspaces/traco-ios/lote-ia-09c/Traco/App/Sessao.swift /Users/vitorepf/orca/workspaces/traco-ios/lote-ia-09c/Traco/Modelo/Sinais.swift /Users/vitorepf/orca/workspaces/traco-ios/lote-ia-09c/Traco/Caderno/SintaxeLocal.swift /Users/vitorepf/orca/workspaces/traco-ios/lote-ia-09c/Traco/Superficie.swift /Users/vitorepf/orca/workspaces/traco-ios/lote-ia-09c/Traco/App/Intents/Compartilhado/SuperficieFora.swift /Users/vitorepf/orca/workspaces/traco-ios/lote-ia-09c/Traco/Tema.swift /Users/vitorepf/orca/workspaces/traco-ios/lote-ia-09c/Traco/Ditado/TextoDoDitado.swift (in target 'Traco' from project 'Traco')

SwiftCompile normal arm64 /Users/vitorepf/orca/workspaces/traco-ios/lote-ia-09c/Traco/App/Sessao.swift (in target 'Traco' from project 'Traco')
    cd /Users/vitorepf/orca/workspaces/traco-ios/lote-ia-09c
    

SwiftCompile normal arm64 /Users/vitorepf/orca/workspaces/traco-ios/lote-ia-09c/Traco/Modelo/Sinais.swift (in target 'Traco' from project 'Traco')
    cd /Users/vitorepf/orca/workspaces/traco-ios/lote-ia-09c
    

SwiftCompile normal arm64 /Users/vitorepf/orca/workspaces/traco-ios/lote-ia-09c/Traco/Caderno/SintaxeLocal.swift (in target 'Traco' from project 'Traco')
    cd /Users/vitorepf/orca/workspaces/traco-ios/lote-ia-09c
    

SwiftCompile normal arm64 /Users/vitorepf/orca/workspaces/traco-ios/lote-ia-09c/Traco/Superficie.swift (in target 'Traco' from project 'Traco')
    cd /Users/vitorepf/orca/workspaces/traco-ios/lote-ia-09c
    

SwiftCompile normal arm64 /Users/vitorepf/orca/workspaces/traco-ios/lote-ia-09c/Traco/App/Intents/Compartilhado/SuperficieFora.swift (in target 'Traco' from project 'Traco')
    cd /Users/vitorepf/orca/workspaces/traco-ios/lote-ia-09c
    

SwiftCompile normal arm64 /Users/vitorepf/orca/workspaces/traco-ios/lote-ia-09c/Traco/Tema.swift (in target 'Traco' from project 'Traco')
    cd /Users/vitorepf/orca/workspaces/traco-ios/lote-ia-09c
    

SwiftCompile normal arm64 /Users/vitorepf/orca/workspaces/traco-ios/lote-ia-09c/Traco/Ditado/TextoDoDitado.swift (in target 'Traco' from project 'Traco')
    cd /Users/vitorepf/orca/workspaces/traco-ios/lote-ia-09c
    

SwiftCompile normal arm64 Compiling\ PadroesRemoto.swift,\ PadroesView.swift,\ PaginaView.swift,\ PapelForma.swift,\ PastaEspelho.swift,\ PerfilView.swift,\ Pilula.swift /Users/vitorepf/orca/workspaces/traco-ios/lote-ia-09c/Traco/Padroes/PadroesRemoto.swift /Users/vitorepf/orca/workspaces/traco-ios/lote-ia-09c/Traco/Padroes/PadroesView.swift /Users/vitorepf/orca/workspaces/traco-ios/lote-ia-09c/Traco/Pagina/PaginaView.swift /Users/vitorepf/orca/workspaces/traco-ios/lote-ia-09c/Traco/Caderno/PapelForma.swift /Users/vitorepf/orca/workspaces/traco-ios/lote-ia-09c/Traco/Notas/PastaEspelho.swift /Users/vitorepf/orca/workspaces/traco-ios/lote-ia-09c/Traco/Perfil/PerfilView.swift /Users/vitorepf/orca/workspaces/traco-ios/lote-ia-09c/Traco/Componentes/Pilula.swift (in target 'Traco' from project 'Traco')
SwiftCompile normal arm64 /Users/vitorepf/orca/workspaces/traco-ios/lote-ia-09c/Traco/Padroes/PadroesRemoto.swift (in target 'Traco' from project 'Traco')
    cd /Users/vitorepf/orca/workspaces/traco-ios/lote-ia-09c
    

SwiftCompile normal arm64 /Users/vitorepf/orca/workspaces/traco-ios/lote-ia-09c/Traco/Padroes/PadroesView.swift (in target 'Traco' from project 'Traco')
    cd /Users/vitorepf/orca/workspaces/traco-ios/lote-ia-09c
    

SwiftCompile normal arm64 /Users/vitorepf/orca/workspaces/traco-ios/lote-ia-09c/Traco/Pagina/PaginaView.swift (in target 'Traco' from project 'Traco')
    cd /Users/vitorepf/orca/workspaces/traco-ios/lote-ia-09c
    

SwiftCompile normal arm64 /Users/vitorepf/orca/workspaces/traco-ios/lote-ia-09c/Traco/Caderno/PapelForma.swift (in target 'Traco' from project 'Traco')
    cd /Users/vitorepf/orca/workspaces/traco-ios/lote-ia-09c
    

SwiftCompile normal arm64 /Users/vitorepf/orca/workspaces/traco-ios/lote-ia-09c/Traco/Notas/PastaEspelho.swift (in target 'Traco' from project 'Traco')
    cd /Users/vitorepf/orca/workspaces/traco-ios/lote-ia-09c
    

SwiftCompile normal arm64 /Users/vitorepf/orca/workspaces/traco-ios/lote-ia-09c/Traco/Perfil/PerfilView.swift (in target 'Traco' from project 'Traco')
    cd /Users/vitorepf/orca/workspaces/traco-ios/lote-ia-09c
    

SwiftCompile normal arm64 /Users/vitorepf/orca/workspaces/traco-ios/lote-ia-09c/Traco/Componentes/Pilula.swift (in target 'Traco' from project 'Traco')
    cd /Users/vitorepf/orca/workspaces/traco-ios/lote-ia-09c
    

SwiftCompile normal arm64 Compiling\ Retrato.swift,\ RevisaoSemanal.swift,\ RevisaoTrabalho.swift,\ Revisoes.swift,\ Rotulo.swift,\ Sabia.swift,\ SerieView.swift /Users/vitorepf/orca/workspaces/traco-ios/lote-ia-09c/Traco/Modelo/Retrato.swift /Users/vitorepf/orca/workspaces/traco-ios/lote-ia-09c/Traco/Padroes/RevisaoSemanal.swift /Users/vitorepf/orca/workspaces/traco-ios/lote-ia-09c/Traco/Trabalho/RevisaoTrabalho.swift /Users/vitorepf/orca/workspaces/traco-ios/lote-ia-09c/Traco/Recordar/Revisoes.swift /Users/vitorepf/orca/workspaces/traco-ios/lote-ia-09c/Traco/Componentes/Rotulo.swift /Users/vitorepf/orca/workspaces/traco-ios/lote-ia-09c/Traco/Analise/Sabia.swift /Users/vitorepf/orca/workspaces/traco-ios/lote-ia-09c/Traco/Recordar/SerieView.swift (in target 'Traco' from project 'Traco')

SwiftCompile normal arm64 /Users/vitorepf/orca/workspaces/traco-ios/lote-ia-09c/Traco/Modelo/Retrato.swift (in target 'Traco' from project 'Traco')
    cd /Users/vitorepf/orca/workspaces/traco-ios/lote-ia-09c
    

SwiftCompile normal arm64 /Users/vitorepf/orca/workspaces/traco-ios/lote-ia-09c/Traco/Padroes/RevisaoSemanal.swift (in target 'Traco' from project 'Traco')
    cd /Users/vitorepf/orca/workspaces/traco-ios/lote-ia-09c
    

SwiftCompile normal arm64 /Users/vitorepf/orca/workspaces/traco-ios/lote-ia-09c/Traco/Trabalho/RevisaoTrabalho.swift (in target 'Traco' from project 'Traco')
    cd /Users/vitorepf/orca/workspaces/traco-ios/lote-ia-09c
    

SwiftCompile normal arm64 /Users/vitorepf/orca/workspaces/traco-ios/lote-ia-09c/Traco/Recordar/Revisoes.swift (in target 'Traco' from project 'Traco')
    cd /Users/vitorepf/orca/workspaces/traco-ios/lote-ia-09c
    

SwiftCompile normal arm64 /Users/vitorepf/orca/workspaces/traco-ios/lote-ia-09c/Traco/Componentes/Rotulo.swift (in target 'Traco' from project 'Traco')
    cd /Users/vitorepf/orca/workspaces/traco-ios/lote-ia-09c
    

SwiftCompile normal arm64 /Users/vitorepf/orca/workspaces/traco-ios/lote-ia-09c/Traco/Analise/Sabia.swift (in target 'Traco' from project 'Traco')
    cd /Users/vitorepf/orca/workspaces/traco-ios/lote-ia-09c
    

SwiftCompile normal arm64 /Users/vitorepf/orca/workspaces/traco-ios/lote-ia-09c/Traco/Recordar/SerieView.swift (in target 'Traco' from project 'Traco')
    cd /Users/vitorepf/orca/workspaces/traco-ios/lote-ia-09c
    

SwiftCompile normal arm64 Compiling\ ProximoCompromisso.swift,\ Queima.swift,\ RaizView.swift,\ ReciboEntrada.swift,\ RecordarView.swift,\ Rede.swift,\ RedeView.swift /Users/vitorepf/orca/workspaces/traco-ios/lote-ia-09c/Traco/Modelo/ProximoCompromisso.swift /Users/vitorepf/orca/workspaces/traco-ios/lote-ia-09c/Traco/Confirmacao/Queima.swift /Users/vitorepf/orca/workspaces/traco-ios/lote-ia-09c/Traco/App/RaizView.swift /Users/vitorepf/orca/workspaces/traco-ios/lote-ia-09c/Traco/Modelo/ReciboEntrada.swift /Users/vitorepf/orca/workspaces/traco-ios/lote-ia-09c/Traco/Recordar/RecordarView.swift /Users/vitorepf/orca/workspaces/traco-ios/lote-ia-09c/Traco/Notas/Rede.swift /Users/vitorepf/orca/workspaces/traco-ios/lote-ia-09c/Traco/Notas/RedeView.swift (in target 'Traco' from project 'Traco')

SwiftCompile normal arm64 /Users/vitorepf/orca/workspaces/traco-ios/lote-ia-09c/Traco/Modelo/ProximoCompromisso.swift (in target 'Traco' from project 'Traco')
    cd /Users/vitorepf/orca/workspaces/traco-ios/lote-ia-09c
    

SwiftCompile normal arm64 /Users/vitorepf/orca/workspaces/traco-ios/lote-ia-09c/Traco/Confirmacao/Queima.swift (in target 'Traco' from project 'Traco')
    cd /Users/vitorepf/orca/workspaces/traco-ios/lote-ia-09c
    

SwiftCompile normal arm64 /Users/vitorepf/orca/workspaces/traco-ios/lote-ia-09c/Traco/App/RaizView.swift (in target 'Traco' from project 'Traco')
    cd /Users/vitorepf/orca/workspaces/traco-ios/lote-ia-09c
    

SwiftCompile normal arm64 /Users/vitorepf/orca/workspaces/traco-ios/lote-ia-09c/Traco/Modelo/ReciboEntrada.swift (in target 'Traco' from project 'Traco')
    cd /Users/vitorepf/orca/workspaces/traco-ios/lote-ia-09c
    

SwiftCompile normal arm64 /Users/vitorepf/orca/workspaces/traco-ios/lote-ia-09c/Traco/Recordar/RecordarView.swift (in target 'Traco' from project 'Traco')
    cd /Users/vitorepf/orca/workspaces/traco-ios/lote-ia-09c
    

SwiftCompile normal arm64 /Users/vitorepf/orca/workspaces/traco-ios/lote-ia-09c/Traco/Notas/Rede.swift (in target 'Traco' from project 'Traco')
    cd /Users/vitorepf/orca/workspaces/traco-ios/lote-ia-09c
    

SwiftCompile normal arm64 /Users/vitorepf/orca/workspaces/traco-ios/lote-ia-09c/Traco/Notas/RedeView.swift (in target 'Traco' from project 'Traco')
    cd /Users/vitorepf/orca/workspaces/traco-ios/lote-ia-09c
    

SwiftCompile normal arm64 Compiling\ Lente.swift,\ LenteView.swift,\ LinhaDeEstado.swift,\ LinhaQueAbre.swift,\ LinhasDeProveniencia.swift,\ MenuFormasView.swift,\ Metodo.swift /Users/vitorepf/orca/workspaces/traco-ios/lote-ia-09c/Traco/Analise/Lente.swift /Users/vitorepf/orca/workspaces/traco-ios/lote-ia-09c/Traco/Pagina/LenteView.swift /Users/vitorepf/orca/workspaces/traco-ios/lote-ia-09c/Traco/Componentes/LinhaDeEstado.swift /Users/vitorepf/orca/workspaces/traco-ios/lote-ia-09c/Traco/Componentes/LinhaQueAbre.swift /Users/vitorepf/orca/workspaces/traco-ios/lote-ia-09c/Traco/Componentes/LinhasDeProveniencia.swift /Users/vitorepf/orca/workspaces/traco-ios/lote-ia-09c/Traco/Caderno/MenuFormasView.swift /Users/vitorepf/orca/workspaces/traco-ios/lote-ia-09c/Traco/Modelo/Metodo.swift (in target 'Traco' from project 'Traco')

SwiftCompile normal arm64 /Users/vitorepf/orca/workspaces/traco-ios/lote-ia-09c/Traco/Analise/Lente.swift (in target 'Traco' from project 'Traco')
    cd /Users/vitorepf/orca/workspaces/traco-ios/lote-ia-09c
    

SwiftCompile normal arm64 /Users/vitorepf/orca/workspaces/traco-ios/lote-ia-09c/Traco/Pagina/LenteView.swift (in target 'Traco' from project 'Traco')
    cd /Users/vitorepf/orca/workspaces/traco-ios/lote-ia-09c
    

SwiftCompile normal arm64 /Users/vitorepf/orca/workspaces/traco-ios/lote-ia-09c/Traco/Componentes/LinhaDeEstado.swift (in target 'Traco' from project 'Traco')
    cd /Users/vitorepf/orca/workspaces/traco-ios/lote-ia-09c
    

SwiftCompile normal arm64 /Users/vitorepf/orca/workspaces/traco-ios/lote-ia-09c/Traco/Componentes/LinhaQueAbre.swift (in target 'Traco' from project 'Traco')
    cd /Users/vitorepf/orca/workspaces/traco-ios/lote-ia-09c
    

SwiftCompile normal arm64 /Users/vitorepf/orca/workspaces/traco-ios/lote-ia-09c/Traco/Componentes/LinhasDeProveniencia.swift (in target 'Traco' from project 'Traco')
    cd /Users/vitorepf/orca/workspaces/traco-ios/lote-ia-09c
    

SwiftCompile normal arm64 /Users/vitorepf/orca/workspaces/traco-ios/lote-ia-09c/Traco/Caderno/MenuFormasView.swift (in target 'Traco' from project 'Traco')
    cd /Users/vitorepf/orca/workspaces/traco-ios/lote-ia-09c
    

SwiftCompile normal arm64 /Users/vitorepf/orca/workspaces/traco-ios/lote-ia-09c/Traco/Modelo/Metodo.swift (in target 'Traco' from project 'Traco')
    cd /Users/vitorepf/orca/workspaces/traco-ios/lote-ia-09c
    

SwiftCompile normal arm64 Compiling\ Holofote.swift,\ Indice.swift,\ Intencoes.swift,\ IntercambioTrabalho.swift,\ IntercambioTrabalhoView.swift,\ Latencia.swift,\ LembrarDepoisIntent.swift /Users/vitorepf/orca/workspaces/traco-ios/lote-ia-09c/Traco/Notas/Holofote.swift /Users/vitorepf/orca/workspaces/traco-ios/lote-ia-09c/Traco/Notas/Indice.swift /Users/vitorepf/orca/workspaces/traco-ios/lote-ia-09c/Traco/App/Intents/Intencoes.swift /Users/vitorepf/orca/workspaces/traco-ios/lote-ia-09c/Traco/Trabalho/IntercambioTrabalho.swift /Users/vitorepf/orca/workspaces/traco-ios/lote-ia-09c/Traco/Trabalho/IntercambioTrabalhoView.swift /Users/vitorepf/orca/workspaces/traco-ios/lote-ia-09c/Traco/Modelo/Latencia.swift /Users/vitorepf/orca/workspaces/traco-ios/lote-ia-09c/Traco/App/Intents/Compartilhado/LembrarDepoisIntent.swift (in target 'Traco' from project 'Traco')

SwiftCompile normal arm64 /Users/vitorepf/orca/workspaces/traco-ios/lote-ia-09c/Traco/Notas/Holofote.swift (in target 'Traco' from project 'Traco')
    cd /Users/vitorepf/orca/workspaces/traco-ios/lote-ia-09c
    

SwiftCompile normal arm64 /Users/vitorepf/orca/workspaces/traco-ios/lote-ia-09c/Traco/Notas/Indice.swift (in target 'Traco' from project 'Traco')
    cd /Users/vitorepf/orca/workspaces/traco-ios/lote-ia-09c
    

SwiftCompile normal arm64 /Users/vitorepf/orca/workspaces/traco-ios/lote-ia-09c/Traco/App/Intents/Intencoes.swift (in target 'Traco' from project 'Traco')
    cd /Users/vitorepf/orca/workspaces/traco-ios/lote-ia-09c
    

SwiftCompile normal arm64 /Users/vitorepf/orca/workspaces/traco-ios/lote-ia-09c/Traco/Trabalho/IntercambioTrabalho.swift (in target 'Traco' from project 'Traco')
    cd /Users/vitorepf/orca/workspaces/traco-ios/lote-ia-09c
    

SwiftCompile normal arm64 /Users/vitorepf/orca/workspaces/traco-ios/lote-ia-09c/Traco/Trabalho/IntercambioTrabalhoView.swift (in target 'Traco' from project 'Traco')
    cd /Users/vitorepf/orca/workspaces/traco-ios/lote-ia-09c
    

SwiftCompile normal arm64 /Users/vitorepf/orca/workspaces/traco-ios/lote-ia-09c/Traco/Modelo/Latencia.swift (in target 'Traco' from project 'Traco')
    cd /Users/vitorepf/orca/workspaces/traco-ios/lote-ia-09c
    

SwiftCompile normal arm64 /Users/vitorepf/orca/workspaces/traco-ios/lote-ia-09c/Traco/App/Intents/Compartilhado/LembrarDepoisIntent.swift (in target 'Traco' from project 'Traco')
    cd /Users/vitorepf/orca/workspaces/traco-ios/lote-ia-09c
    

SwiftCompile normal arm64 Compiling\ DitadoProprioView.swift,\ DoCadernoView.swift,\ Dominio.swift,\ EditorBlocoView.swift,\ Entidades.swift,\ Entrada.swift,\ EscritaVisivel.swift /Users/vitorepf/orca/workspaces/traco-ios/lote-ia-09c/Traco/Ditado/DitadoProprioView.swift /Users/vitorepf/orca/workspaces/traco-ios/lote-ia-09c/Traco/Calendario/DoCadernoView.swift /Users/vitorepf/orca/workspaces/traco-ios/lote-ia-09c/Traco/Modelo/Dominio.swift /Users/vitorepf/orca/workspaces/traco-ios/lote-ia-09c/Traco/Caderno/EditorBlocoView.swift /Users/vitorepf/orca/workspaces/traco-ios/lote-ia-09c/Traco/App/Intents/Entidades.swift /Users/vitorepf/orca/workspaces/traco-ios/lote-ia-09c/Traco/Notas/Entrada.swift /Users/vitorepf/orca/workspaces/traco-ios/lote-ia-09c/Traco/Caderno/EscritaVisivel.swift (in target 'Traco' from project 'Traco')

SwiftCompile normal arm64 /Users/vitorepf/orca/workspaces/traco-ios/lote-ia-09c/Traco/Ditado/DitadoProprioView.swift (in target 'Traco' from project 'Traco')
    cd /Users/vitorepf/orca/workspaces/traco-ios/lote-ia-09c
    

SwiftCompile normal arm64 /Users/vitorepf/orca/workspaces/traco-ios/lote-ia-09c/Traco/Calendario/DoCadernoView.swift (in target 'Traco' from project 'Traco')
    cd /Users/vitorepf/orca/workspaces/traco-ios/lote-ia-09c
    

SwiftCompile normal arm64 /Users/vitorepf/orca/workspaces/traco-ios/lote-ia-09c/Traco/Modelo/Dominio.swift (in target 'Traco' from project 'Traco')
    cd /Users/vitorepf/orca/workspaces/traco-ios/lote-ia-09c
    

SwiftCompile normal arm64 /Users/vitorepf/orca/workspaces/traco-ios/lote-ia-09c/Traco/Caderno/EditorBlocoView.swift (in target 'Traco' from project 'Traco')
    cd /Users/vitorepf/orca/workspaces/traco-ios/lote-ia-09c
    

SwiftCompile normal arm64 /Users/vitorepf/orca/workspaces/traco-ios/lote-ia-09c/Traco/App/Intents/Entidades.swift (in target 'Traco' from project 'Traco')
    cd /Users/vitorepf/orca/workspaces/traco-ios/lote-ia-09c
    

SwiftCompile normal arm64 /Users/vitorepf/orca/workspaces/traco-ios/lote-ia-09c/Traco/Notas/Entrada.swift (in target 'Traco' from project 'Traco')
    cd /Users/vitorepf/orca/workspaces/traco-ios/lote-ia-09c
    

SwiftCompile normal arm64 /Users/vitorepf/orca/workspaces/traco-ios/lote-ia-09c/Traco/Caderno/EscritaVisivel.swift (in target 'Traco' from project 'Traco')
    cd /Users/vitorepf/orca/workspaces/traco-ios/lote-ia-09c
    

SwiftCompile normal arm64 Compiling\ FechoExpressivaView.swift,\ Feriados.swift,\ Ferias.swift,\ FolhaDeConfirmacao.swift,\ FonteNotas.swift,\ Gesto.swift,\ Grok.swift /Users/vitorepf/orca/workspaces/traco-ios/lote-ia-09c/Traco/Confirmacao/FechoExpressivaView.swift /Users/vitorepf/orca/workspaces/traco-ios/lote-ia-09c/Traco/Calendario/Feriados.swift /Users/vitorepf/orca/workspaces/traco-ios/lote-ia-09c/Traco/Modelo/Ferias.swift /Users/vitorepf/orca/workspaces/traco-ios/lote-ia-09c/Traco/Ditado/FolhaDeConfirmacao.swift /Users/vitorepf/orca/workspaces/traco-ios/lote-ia-09c/Traco/Analise/FonteNotas.swift /Users/vitorepf/orca/workspaces/traco-ios/lote-ia-09c/Traco/Modelo/Gesto.swift /Users/vitorepf/orca/workspaces/traco-ios/lote-ia-09c/Traco/Analise/Grok.swift (in target 'Traco' from project 'Traco')

SwiftCompile normal arm64 /Users/vitorepf/orca/workspaces/traco-ios/lote-ia-09c/Traco/Confirmacao/FechoExpressivaView.swift (in target 'Traco' from project 'Traco')
    cd /Users/vitorepf/orca/workspaces/traco-ios/lote-ia-09c
    

SwiftCompile normal arm64 /Users/vitorepf/orca/workspaces/traco-ios/lote-ia-09c/Traco/Calendario/Feriados.swift (in target 'Traco' from project 'Traco')
    cd /Users/vitorepf/orca/workspaces/traco-ios/lote-ia-09c
    

SwiftCompile normal arm64 /Users/vitorepf/orca/workspaces/traco-ios/lote-ia-09c/Traco/Modelo/Ferias.swift (in target 'Traco' from project 'Traco')
    cd /Users/vitorepf/orca/workspaces/traco-ios/lote-ia-09c
    

SwiftCompile normal arm64 /Users/vitorepf/orca/workspaces/traco-ios/lote-ia-09c/Traco/Ditado/FolhaDeConfirmacao.swift (in target 'Traco' from project 'Traco')
    cd /Users/vitorepf/orca/workspaces/traco-ios/lote-ia-09c
    

SwiftCompile normal arm64 /Users/vitorepf/orca/workspaces/traco-ios/lote-ia-09c/Traco/Analise/FonteNotas.swift (in target 'Traco' from project 'Traco')
    cd /Users/vitorepf/orca/workspaces/traco-ios/lote-ia-09c
    

SwiftCompile normal arm64 /Users/vitorepf/orca/workspaces/traco-ios/lote-ia-09c/Traco/Modelo/Gesto.swift (in target 'Traco' from project 'Traco')
    cd /Users/vitorepf/orca/workspaces/traco-ios/lote-ia-09c
    

SwiftCompile normal arm64 /Users/vitorepf/orca/workspaces/traco-ios/lote-ia-09c/Traco/Analise/Grok.swift (in target 'Traco' from project 'Traco')
    cd /Users/vitorepf/orca/workspaces/traco-ios/lote-ia-09c
    

SwiftCompile normal arm64 Compiling\ CartaoAnaliseView.swift,\ ChipDominio.swift,\ ConferenciaTrabalho.swift,\ ConfirmacaoView.swift,\ ContaGrok.swift,\ ConteudoTrabalhoView.swift,\ ConversaNotas.swift /Users/vitorepf/orca/workspaces/traco-ios/lote-ia-09c/Traco/Pagina/CartaoAnaliseView.swift /Users/vitorepf/orca/workspaces/traco-ios/lote-ia-09c/Traco/Componentes/ChipDominio.swift /Users/vitorepf/orca/workspaces/traco-ios/lote-ia-09c/Traco/Trabalho/ConferenciaTrabalho.swift /Users/vitorepf/orca/workspaces/traco-ios/lote-ia-09c/Traco/Confirmacao/ConfirmacaoView.swift /Users/vitorepf/orca/workspaces/traco-ios/lote-ia-09c/Traco/Analise/ContaGrok.swift /Users/vitorepf/orca/workspaces/traco-ios/lote-ia-09c/Traco/Trabalho/ConteudoTrabalhoView.swift /Users/vitorepf/orca/workspaces/traco-ios/lote-ia-09c/Traco/Notas/ConversaNotas.swift (in target 'Traco' from project 'Traco')

SwiftCompile normal arm64 /Users/vitorepf/orca/workspaces/traco-ios/lote-ia-09c/Traco/Pagina/CartaoAnaliseView.swift (in target 'Traco' from project 'Traco')
    cd /Users/vitorepf/orca/workspaces/traco-ios/lote-ia-09c
    

SwiftCompile normal arm64 /Users/vitorepf/orca/workspaces/traco-ios/lote-ia-09c/Traco/Componentes/ChipDominio.swift (in target 'Traco' from project 'Traco')
    cd /Users/vitorepf/orca/workspaces/traco-ios/lote-ia-09c
    

SwiftCompile normal arm64 /Users/vitorepf/orca/workspaces/traco-ios/lote-ia-09c/Traco/Trabalho/ConferenciaTrabalho.swift (in target 'Traco' from project 'Traco')
    cd /Users/vitorepf/orca/workspaces/traco-ios/lote-ia-09c
    

SwiftCompile normal arm64 /Users/vitorepf/orca/workspaces/traco-ios/lote-ia-09c/Traco/Confirmacao/ConfirmacaoView.swift (in target 'Traco' from project 'Traco')
    cd /Users/vitorepf/orca/workspaces/traco-ios/lote-ia-09c
    

SwiftCompile normal arm64 /Users/vitorepf/orca/workspaces/traco-ios/lote-ia-09c/Traco/Analise/ContaGrok.swift (in target 'Traco' from project 'Traco')
    cd /Users/vitorepf/orca/workspaces/traco-ios/lote-ia-09c
    

SwiftCompile normal arm64 /Users/vitorepf/orca/workspaces/traco-ios/lote-ia-09c/Traco/Trabalho/ConteudoTrabalhoView.swift (in target 'Traco' from project 'Traco')
    cd /Users/vitorepf/orca/workspaces/traco-ios/lote-ia-09c
    

SwiftCompile normal arm64 /Users/vitorepf/orca/workspaces/traco-ios/lote-ia-09c/Traco/Notas/ConversaNotas.swift (in target 'Traco' from project 'Traco')
    cd /Users/vitorepf/orca/workspaces/traco-ios/lote-ia-09c
    

SwiftCompile normal arm64 Compiling\ CalendarioTema.swift,\ CalendarioTrabalho.swift,\ CalendarioView.swift,\ Camadas.swift,\ CamposFormaView.swift,\ CapturarIntent.swift,\ Cartao.swift /Users/vitorepf/orca/workspaces/traco-ios/lote-ia-09c/Traco/Calendario/CalendarioTema.swift /Users/vitorepf/orca/workspaces/traco-ios/lote-ia-09c/Traco/Calendario/CalendarioTrabalho.swift /Users/vitorepf/orca/workspaces/traco-ios/lote-ia-09c/Traco/Calendario/CalendarioView.swift /Users/vitorepf/orca/workspaces/traco-ios/lote-ia-09c/Traco/App/Camadas.swift /Users/vitorepf/orca/workspaces/traco-ios/lote-ia-09c/Traco/Pagina/CamposFormaView.swift /Users/vitorepf/orca/workspaces/traco-ios/lote-ia-09c/Traco/App/Intents/Compartilhado/CapturarIntent.swift /Users/vitorepf/orca/workspaces/traco-ios/lote-ia-09c/Traco/Componentes/Cartao.swift (in target 'Traco' from project 'Traco')

SwiftCompile normal arm64 /Users/vitorepf/orca/workspaces/traco-ios/lote-ia-09c/Traco/Calendario/CalendarioTema.swift (in target 'Traco' from project 'Traco')
    cd /Users/vitorepf/orca/workspaces/traco-ios/lote-ia-09c
    

SwiftCompile normal arm64 /Users/vitorepf/orca/workspaces/traco-ios/lote-ia-09c/Traco/Calendario/CalendarioTrabalho.swift (in target 'Traco' from project 'Traco')
    cd /Users/vitorepf/orca/workspaces/traco-ios/lote-ia-09c
    

SwiftCompile normal arm64 /Users/vitorepf/orca/workspaces/traco-ios/lote-ia-09c/Traco/Calendario/CalendarioView.swift (in target 'Traco' from project 'Traco')
    cd /Users/vitorepf/orca/workspaces/traco-ios/lote-ia-09c
    

SwiftCompile normal arm64 /Users/vitorepf/orca/workspaces/traco-ios/lote-ia-09c/Traco/App/Camadas.swift (in target 'Traco' from project 'Traco')
    cd /Users/vitorepf/orca/workspaces/traco-ios/lote-ia-09c
    

SwiftCompile normal arm64 /Users/vitorepf/orca/workspaces/traco-ios/lote-ia-09c/Traco/Pagina/CamposFormaView.swift (in target 'Traco' from project 'Traco')
    cd /Users/vitorepf/orca/workspaces/traco-ios/lote-ia-09c
    

SwiftCompile normal arm64 /Users/vitorepf/orca/workspaces/traco-ios/lote-ia-09c/Traco/App/Intents/Compartilhado/CapturarIntent.swift (in target 'Traco' from project 'Traco')
    cd /Users/vitorepf/orca/workspaces/traco-ios/lote-ia-09c
    

SwiftCompile normal arm64 /Users/vitorepf/orca/workspaces/traco-ios/lote-ia-09c/Traco/Componentes/Cartao.swift (in target 'Traco' from project 'Traco')
    cd /Users/vitorepf/orca/workspaces/traco-ios/lote-ia-09c
    

SwiftCompile normal arm64 Compiling\ CadernoView.swift,\ Calendario.swift,\ CalendarioAgenda.swift,\ CalendarioEscalas.swift,\ CalendarioFicha.swift,\ CalendarioFichaSistema.swift,\ CalendarioSistema.swift /Users/vitorepf/orca/workspaces/traco-ios/lote-ia-09c/Traco/Caderno/CadernoView.swift /Users/vitorepf/orca/workspaces/traco-ios/lote-ia-09c/Traco/Calendario/Calendario.swift /Users/vitorepf/orca/workspaces/traco-ios/lote-ia-09c/Traco/Calendario/CalendarioAgenda.swift /Users/vitorepf/orca/workspaces/traco-ios/lote-ia-09c/Traco/Calendario/CalendarioEscalas.swift /Users/vitorepf/orca/workspaces/traco-ios/lote-ia-09c/Traco/Calendario/CalendarioFicha.swift /Users/vitorepf/orca/workspaces/traco-ios/lote-ia-09c/Traco/Calendario/CalendarioFichaSistema.swift /Users/vitorepf/orca/workspaces/traco-ios/lote-ia-09c/Traco/Calendario/CalendarioSistema.swift (in target 'Traco' from project 'Traco')

SwiftCompile normal arm64 /Users/vitorepf/orca/workspaces/traco-ios/lote-ia-09c/Traco/Caderno/CadernoView.swift (in target 'Traco' from project 'Traco')
    cd /Users/vitorepf/orca/workspaces/traco-ios/lote-ia-09c
    

SwiftCompile normal arm64 /Users/vitorepf/orca/workspaces/traco-ios/lote-ia-09c/Traco/Calendario/Calendario.swift (in target 'Traco' from project 'Traco')
    cd /Users/vitorepf/orca/workspaces/traco-ios/lote-ia-09c
    

SwiftCompile normal arm64 /Users/vitorepf/orca/workspaces/traco-ios/lote-ia-09c/Traco/Calendario/CalendarioAgenda.swift (in target 'Traco' from project 'Traco')
    cd /Users/vitorepf/orca/workspaces/traco-ios/lote-ia-09c
    

SwiftCompile normal arm64 /Users/vitorepf/orca/workspaces/traco-ios/lote-ia-09c/Traco/Calendario/CalendarioEscalas.swift (in target 'Traco' from project 'Traco')
    cd /Users/vitorepf/orca/workspaces/traco-ios/lote-ia-09c
    

SwiftCompile normal arm64 /Users/vitorepf/orca/workspaces/traco-ios/lote-ia-09c/Traco/Calendario/CalendarioFicha.swift (in target 'Traco' from project 'Traco')
    cd /Users/vitorepf/orca/workspaces/traco-ios/lote-ia-09c
    

SwiftCompile normal arm64 /Users/vitorepf/orca/workspaces/traco-ios/lote-ia-09c/Traco/Calendario/CalendarioFichaSistema.swift (in target 'Traco' from project 'Traco')
    cd /Users/vitorepf/orca/workspaces/traco-ios/lote-ia-09c
    

SwiftCompile normal arm64 /Users/vitorepf/orca/workspaces/traco-ios/lote-ia-09c/Traco/Calendario/CalendarioSistema.swift (in target 'Traco' from project 'Traco')
    cd /Users/vitorepf/orca/workspaces/traco-ios/lote-ia-09c
    

SwiftCompile normal arm64 Compiling\ AcessoTrabalho.swift,\ AgendamentoAcaoView.swift,\ AnaliseDeBordo.swift,\ AnaliseLocal.swift,\ AnaliseRemota.swift,\ AnexoDisco.swift,\ ArquivoMarkdownTrabalho.swift,\ ArranqueFalhouView.swift /Users/vitorepf/orca/workspaces/traco-ios/lote-ia-09c/Traco/Trabalho/AcessoTrabalho.swift /Users/vitorepf/orca/workspaces/traco-ios/lote-ia-09c/Traco/Trabalho/AgendamentoAcaoView.swift /Users/vitorepf/orca/workspaces/traco-ios/lote-ia-09c/Traco/Analise/AnaliseDeBordo.swift /Users/vitorepf/orca/workspaces/traco-ios/lote-ia-09c/Traco/Analise/AnaliseLocal.swift /Users/vitorepf/orca/workspaces/traco-ios/lote-ia-09c/Traco/Analise/AnaliseRemota.swift /Users/vitorepf/orca/workspaces/traco-ios/lote-ia-09c/Traco/Caderno/AnexoDisco.swift /Users/vitorepf/orca/workspaces/traco-ios/lote-ia-09c/Traco/Trabalho/ArquivoMarkdownTrabalho.swift /Users/vitorepf/orca/workspaces/traco-ios/lote-ia-09c/Traco/App/ArranqueFalhouView.swift (in target 'Traco' from project 'Traco')

SwiftCompile normal arm64 /Users/vitorepf/orca/workspaces/traco-ios/lote-ia-09c/Traco/Trabalho/AcessoTrabalho.swift (in target 'Traco' from project 'Traco')
    cd /Users/vitorepf/orca/workspaces/traco-ios/lote-ia-09c
    

SwiftCompile normal arm64 /Users/vitorepf/orca/workspaces/traco-ios/lote-ia-09c/Traco/Trabalho/AgendamentoAcaoView.swift (in target 'Traco' from project 'Traco')
    cd /Users/vitorepf/orca/workspaces/traco-ios/lote-ia-09c
    

SwiftCompile normal arm64 /Users/vitorepf/orca/workspaces/traco-ios/lote-ia-09c/Traco/Analise/AnaliseDeBordo.swift (in target 'Traco' from project 'Traco')
    cd /Users/vitorepf/orca/workspaces/traco-ios/lote-ia-09c
    

SwiftCompile normal arm64 /Users/vitorepf/orca/workspaces/traco-ios/lote-ia-09c/Traco/Analise/AnaliseLocal.swift (in target 'Traco' from project 'Traco')
    cd /Users/vitorepf/orca/workspaces/traco-ios/lote-ia-09c
    

SwiftCompile normal arm64 /Users/vitorepf/orca/workspaces/traco-ios/lote-ia-09c/Traco/Analise/AnaliseRemota.swift (in target 'Traco' from project 'Traco')
    cd /Users/vitorepf/orca/workspaces/traco-ios/lote-ia-09c
    

SwiftCompile normal arm64 /Users/vitorepf/orca/workspaces/traco-ios/lote-ia-09c/Traco/Caderno/AnexoDisco.swift (in target 'Traco' from project 'Traco')
    cd /Users/vitorepf/orca/workspaces/traco-ios/lote-ia-09c
    

SwiftCompile normal arm64 /Users/vitorepf/orca/workspaces/traco-ios/lote-ia-09c/Traco/Trabalho/ArquivoMarkdownTrabalho.swift (in target 'Traco' from project 'Traco')
    cd /Users/vitorepf/orca/workspaces/traco-ios/lote-ia-09c
    

SwiftCompile normal arm64 /Users/vitorepf/orca/workspaces/traco-ios/lote-ia-09c/Traco/App/ArranqueFalhouView.swift (in target 'Traco' from project 'Traco')
    cd /Users/vitorepf/orca/workspaces/traco-ios/lote-ia-09c
    

SwiftCompile normal arm64 Compiling\ Corpus.swift,\ Degraus.swift,\ DestaqueBusca.swift,\ DestaqueDoDia.swift,\ DestaqueFeitoIntent.swift,\ Ditado.swift,\ DitadoProprio.swift /Users/vitorepf/orca/workspaces/traco-ios/lote-ia-09c/Traco/Notas/Corpus.swift /Users/vitorepf/orca/workspaces/traco-ios/lote-ia-09c/Traco/Modelo/Degraus.swift /Users/vitorepf/orca/workspaces/traco-ios/lote-ia-09c/Traco/Notas/DestaqueBusca.swift /Users/vitorepf/orca/workspaces/traco-ios/lote-ia-09c/Traco/Modelo/DestaqueDoDia.swift /Users/vitorepf/orca/workspaces/traco-ios/lote-ia-09c/Traco/App/Intents/Compartilhado/DestaqueFeitoIntent.swift /Users/vitorepf/orca/workspaces/traco-ios/lote-ia-09c/Traco/Calendario/Ditado.swift /Users/vitorepf/orca/workspaces/traco-ios/lote-ia-09c/Traco/Ditado/DitadoProprio.swift (in target 'Traco' from project 'Traco')

SwiftCompile normal arm64 /Users/vitorepf/orca/workspaces/traco-ios/lote-ia-09c/Traco/Notas/Corpus.swift (in target 'Traco' from project 'Traco')
    cd /Users/vitorepf/orca/workspaces/traco-ios/lote-ia-09c
    

SwiftCompile normal arm64 /Users/vitorepf/orca/workspaces/traco-ios/lote-ia-09c/Traco/Modelo/Degraus.swift (in target 'Traco' from project 'Traco')
    cd /Users/vitorepf/orca/workspaces/traco-ios/lote-ia-09c
    

SwiftCompile normal arm64 /Users/vitorepf/orca/workspaces/traco-ios/lote-ia-09c/Traco/Notas/DestaqueBusca.swift (in target 'Traco' from project 'Traco')
    cd /Users/vitorepf/orca/workspaces/traco-ios/lote-ia-09c
    

SwiftCompile normal arm64 /Users/vitorepf/orca/workspaces/traco-ios/lote-ia-09c/Traco/Modelo/DestaqueDoDia.swift (in target 'Traco' from project 'Traco')
    cd /Users/vitorepf/orca/workspaces/traco-ios/lote-ia-09c
    

SwiftCompile normal arm64 /Users/vitorepf/orca/workspaces/traco-ios/lote-ia-09c/Traco/App/Intents/Compartilhado/DestaqueFeitoIntent.swift (in target 'Traco' from project 'Traco')
    cd /Users/vitorepf/orca/workspaces/traco-ios/lote-ia-09c
    

SwiftCompile normal arm64 /Users/vitorepf/orca/workspaces/traco-ios/lote-ia-09c/Traco/Calendario/Ditado.swift (in target 'Traco' from project 'Traco')
    cd /Users/vitorepf/orca/workspaces/traco-ios/lote-ia-09c
    

SwiftCompile normal arm64 /Users/vitorepf/orca/workspaces/traco-ios/lote-ia-09c/Traco/Ditado/DitadoProprio.swift (in target 'Traco' from project 'Traco')
    cd /Users/vitorepf/orca/workspaces/traco-ios/lote-ia-09c
    

LinkAssetCatalog /Users/vitorepf/orca/workspaces/traco-ios/lote-ia-09c/Traco/Assets.xcassets (in target 'Traco' from project 'Traco')
    cd /Users/vitorepf/orca/workspaces/traco-ios/lote-ia-09c
    builtin-linkAssetCatalog --thinned /Users/vitorepf/orca/workspaces/traco-ios/lote-ia-09c/build/Build/Intermediates.noindex/Traco.build/Debug-iphonesimulator/Traco.build/assetcatalog_output/thinned --thinned-dependencies /Users/vitorepf/orca/workspaces/traco-ios/lote-ia-09c/build/Build/Intermediates.noindex/Traco.build/Debug-iphonesimulator/Traco.build/assetcatalog_dependencies_thinned --thinned-info-plist-content /Users/vitorepf/orca/workspaces/traco-ios/lote-ia-09c/build/Build/Intermediates.noindex/Traco.build/Debug-iphonesimulator/Traco.build/assetcatalog_generated_info.plist_thinned --unthinned /Users/vitorepf/orca/workspaces/traco-ios/lote-ia-09c/build/Build/Intermediates.noindex/Traco.build/Debug-iphonesimulator/Traco.build/assetcatalog_output/unthinned --unthinned-dependencies /Users/vitorepf/orca/workspaces/traco-ios/lote-ia-09c/build/Build/Intermediates.noindex/Traco.build/Debug-iphonesimulator/Traco.build/assetcatalog_dependencies_unthinned --unthinned-info-plist-content /Users/vitorepf/orca/workspaces/traco-ios/lote-ia-09c/build/Build/Intermediates.noindex/Traco.build/Debug-iphonesimulator/Traco.build/assetcatalog_generated_info.plist_unthinned --output /Users/vitorepf/orca/workspaces/traco-ios/lote-ia-09c/build/Build/Products/Debug-iphonesimulator/Traco.app --plist-output /Users/vitorepf/orca/workspaces/traco-ios/lote-ia-09c/build/Build/Intermediates.noindex/Traco.build/Debug-iphonesimulator/Traco.build/assetcatalog_generated_info.plist
note: Emplaced /Users/vitorepf/orca/workspaces/traco-ios/lote-ia-09c/build/Build/Products/Debug-iphonesimulator/Traco.app/Assets.car (in target 'Traco' from project 'Traco')
note: Emplaced /Users/vitorepf/orca/workspaces/traco-ios/lote-ia-09c/build/Build/Products/Debug-iphonesimulator/Traco.app/AppIcon76x76@2x~ipad.png (in target 'Traco' from project 'Traco')
note: Emplaced /Users/vitorepf/orca/workspaces/traco-ios/lote-ia-09c/build/Build/Products/Debug-iphonesimulator/Traco.app/AppIcon60x60@2x.png (in target 'Traco' from project 'Traco')

SwiftDriverJobDiscovery normal arm64 Compiling Trajetoria.swift, Vazio.swift, Versoes.swift, VersoesView.swift, Volta.swift, VozDoAutor.swift, GeneratedAssetSymbols.swift (in target 'Traco' from project 'Traco')

SwiftCompile normal arm64 Compiling\ Atividades.swift,\ AvaliacaoIA.swift,\ BarraNavegacao.swift,\ Biometria.swift,\ BlocoCaderno.swift,\ Botao.swift,\ CabecalhoDeFolha.swift /Users/vitorepf/orca/workspaces/traco-ios/lote-ia-09c/Traco/App/Intents/Compartilhado/Atividades.swift /Users/vitorepf/orca/workspaces/traco-ios/lote-ia-09c/Traco/Analise/AvaliacaoIA.swift /Users/vitorepf/orca/workspaces/traco-ios/lote-ia-09c/Traco/App/BarraNavegacao.swift /Users/vitorepf/orca/workspaces/traco-ios/lote-ia-09c/Traco/Confirmacao/Biometria.swift /Users/vitorepf/orca/workspaces/traco-ios/lote-ia-09c/Traco/Caderno/BlocoCaderno.swift /Users/vitorepf/orca/workspaces/traco-ios/lote-ia-09c/Traco/Componentes/Botao.swift /Users/vitorepf/orca/workspaces/traco-ios/lote-ia-09c/Traco/Componentes/CabecalhoDeFolha.swift (in target 'Traco' from project 'Traco')

SwiftCompile normal arm64 /Users/vitorepf/orca/workspaces/traco-ios/lote-ia-09c/Traco/App/Intents/Compartilhado/Atividades.swift (in target 'Traco' from project 'Traco')
    cd /Users/vitorepf/orca/workspaces/traco-ios/lote-ia-09c
    

SwiftCompile normal arm64 /Users/vitorepf/orca/workspaces/traco-ios/lote-ia-09c/Traco/Analise/AvaliacaoIA.swift (in target 'Traco' from project 'Traco')
    cd /Users/vitorepf/orca/workspaces/traco-ios/lote-ia-09c
    

SwiftCompile normal arm64 /Users/vitorepf/orca/workspaces/traco-ios/lote-ia-09c/Traco/App/BarraNavegacao.swift (in target 'Traco' from project 'Traco')
    cd /Users/vitorepf/orca/workspaces/traco-ios/lote-ia-09c
    

SwiftCompile normal arm64 /Users/vitorepf/orca/workspaces/traco-ios/lote-ia-09c/Traco/Confirmacao/Biometria.swift (in target 'Traco' from project 'Traco')
    cd /Users/vitorepf/orca/workspaces/traco-ios/lote-ia-09c
    

SwiftCompile normal arm64 /Users/vitorepf/orca/workspaces/traco-ios/lote-ia-09c/Traco/Caderno/BlocoCaderno.swift (in target 'Traco' from project 'Traco')
    cd /Users/vitorepf/orca/workspaces/traco-ios/lote-ia-09c
    

SwiftCompile normal arm64 /Users/vitorepf/orca/workspaces/traco-ios/lote-ia-09c/Traco/Componentes/Botao.swift (in target 'Traco' from project 'Traco')
    cd /Users/vitorepf/orca/workspaces/traco-ios/lote-ia-09c
    

SwiftCompile normal arm64 /Users/vitorepf/orca/workspaces/traco-ios/lote-ia-09c/Traco/Componentes/CabecalhoDeFolha.swift (in target 'Traco' from project 'Traco')
    cd /Users/vitorepf/orca/workspaces/traco-ios/lote-ia-09c
    

SwiftDriverJobDiscovery normal arm64 Compiling FechoExpressivaView.swift, Feriados.swift, Ferias.swift, FolhaDeConfirmacao.swift, FonteNotas.swift, Gesto.swift, Grok.swift (in target 'Traco' from project 'Traco')

SwiftDriverJobDiscovery normal arm64 Compiling AcessoTrabalho.swift, AgendamentoAcaoView.swift, AnaliseDeBordo.swift, AnaliseLocal.swift, AnaliseRemota.swift, AnexoDisco.swift, ArquivoMarkdownTrabalho.swift, ArranqueFalhouView.swift (in target 'Traco' from project 'Traco')

SwiftDriverJobDiscovery normal arm64 Compiling DitadoProprioView.swift, DoCadernoView.swift, Dominio.swift, EditorBlocoView.swift, Entidades.swift, Entrada.swift, EscritaVisivel.swift (in target 'Traco' from project 'Traco')

SwiftDriverJobDiscovery normal arm64 Compiling Holofote.swift, Indice.swift, Intencoes.swift, IntercambioTrabalho.swift, IntercambioTrabalhoView.swift, Latencia.swift, LembrarDepoisIntent.swift (in target 'Traco' from project 'Traco')

SwiftDriverJobDiscovery normal arm64 Compiling Retrato.swift, RevisaoSemanal.swift, RevisaoTrabalho.swift, Revisoes.swift, Rotulo.swift, Sabia.swift, SerieView.swift (in target 'Traco' from project 'Traco')

SwiftDriverJobDiscovery normal arm64 Compiling Corpus.swift, Degraus.swift, DestaqueBusca.swift, DestaqueDoDia.swift, DestaqueFeitoIntent.swift, Ditado.swift, DitadoProprio.swift (in target 'Traco' from project 'Traco')

SwiftDriverJobDiscovery normal arm64 Emitting module for Traco (in target 'Traco' from project 'Traco')

SwiftDriver\ Compilation\ Requirements Traco normal arm64 com.apple.xcode.tools.swift.compiler (in target 'Traco' from project 'Traco')
    cd /Users/vitorepf/orca/workspaces/traco-ios/lote-ia-09c
    builtin-Swift-Compilation-Requirements -- /Applications/Xcode.app/Contents/Developer/Toolchains/XcodeDefault.xctoolchain/usr/bin/swiftc -module-name Traco -Onone @/Users/vitorepf/orca/workspaces/traco-ios/lote-ia-09c/build/Build/Intermediates.noindex/Traco.build/Debug-iphonesimulator/Traco.build/Objects-normal/arm64/Traco.SwiftFileList -DDEBUG -DTRACO_APP -default-isolation\=MainActor -enable-experimental-feature DebugDescriptionMacro -sdk /Applications/Xcode.app/Contents/Developer/Platforms/iPhoneSimulator.platform/Developer/SDKs/iPhoneSimulator26.5.sdk -target arm64-apple-ios26.0-simulator -g -module-cache-path /Users/vitorepf/orca/workspaces/traco-ios/lote-ia-09c/build/ModuleCache.noindex -Xfrontend -serialize-debugging-options -enable-testing -index-store-path /Users/vitorepf/orca/workspaces/traco-ios/lote-ia-09c/build/Index.noindex/DataStore -Xcc -D_LIBCPP_HARDENING_MODE\=_LIBCPP_HARDENING_MODE_DEBUG -swift-version 6 -I /Users/vitorepf/orca/workspaces/traco-ios/lote-ia-09c/build/Build/Products/Debug-iphonesimulator -F /Users/vitorepf/orca/workspaces/traco-ios/lote-ia-09c/build/Build/Products/Debug-iphonesimulator -c -j18 -enable-batch-mode -incremental -Xcc -ivfsstatcache -Xcc /Users/vitorepf/orca/workspaces/traco-ios/lote-ia-09c/build/SDKStatCaches.noindex/iphonesimulator26.5-23F81a-6cfe768891a92b912361537c460fe42b.sdkstatcache -output-file-map /Users/vitorepf/orca/workspaces/traco-ios/lote-ia-09c/build/Build/Intermediates.noindex/Traco.build/Debug-iphonesimulator/Traco.build/Objects-normal/arm64/Traco-OutputFileMap.json -use-frontend-parseable-output -save-temps -no-color-diagnostics -explicit-module-build -module-cache-path /Users/vitorepf/orca/workspaces/traco-ios/lote-ia-09c/build/Build/Intermediates.noindex/SwiftExplicitPrecompiledModules -clang-scanner-module-cache-path /Users/vitorepf/orca/workspaces/traco-ios/lote-ia-09c/build/ModuleCache.noindex -sdk-module-cache-path /Users/vitorepf/orca/workspaces/traco-ios/lote-ia-09c/build/ModuleCache.noindex -serialize-diagnostics -emit-dependencies -emit-module -emit-module-path /Users/vitorepf/orca/workspaces/traco-ios/lote-ia-09c/build/Build/Intermediates.noindex/Traco.build/Debug-iphonesimulator/Traco.build/Objects-normal/arm64/Traco.swiftmodule -validate-clang-modules-once -clang-build-session-file /Users/vitorepf/orca/workspaces/traco-ios/lote-ia-09c/build/ModuleCache.noindex/Session.modulevalidation -Xcc -I/Users/vitorepf/orca/workspaces/traco-ios/lote-ia-09c/build/Build/Intermediates.noindex/Traco.build/Debug-iphonesimulator/Traco.build/swift-overrides.hmap -emit-const-values -Xfrontend -const-gather-protocols-file -Xfrontend /Users/vitorepf/orca/workspaces/traco-ios/lote-ia-09c/build/Build/Intermediates.noindex/Traco.build/Debug-iphonesimulator/Traco.build/Objects-normal/arm64/Traco_const_extract_protocols.json -Xcc -iquote -Xcc /Users/vitorepf/orca/workspaces/traco-ios/lote-ia-09c/build/Build/Intermediates.noindex/Traco.build/Debug-iphonesimulator/Traco.build/Traco-generated-files.hmap -Xcc -I/Users/vitorepf/orca/workspaces/traco-ios/lote-ia-09c/build/Build/Intermediates.noindex/Traco.build/Debug-iphonesimulator/Traco.build/Traco-own-target-headers.hmap -Xcc -I/Users/vitorepf/orca/workspaces/traco-ios/lote-ia-09c/build/Build/Intermediates.noindex/Traco.build/Debug-iphonesimulator/Traco.build/Traco-all-target-headers.hmap -Xcc -iquote -Xcc /Users/vitorepf/orca/workspaces/traco-ios/lote-ia-09c/build/Build/Intermediates.noindex/Traco.build/Debug-iphonesimulator/Traco.build/Traco-project-headers.hmap -Xcc -I/Users/vitorepf/orca/workspaces/traco-ios/lote-ia-09c/build/Build/Products/Debug-iphonesimulator/include -Xcc -I/Users/vitorepf/orca/workspaces/traco-ios/lote-ia-09c/build/Build/Intermediates.noindex/Traco.build/Debug-iphonesimulator/Traco.build/DerivedSources-normal/arm64 -Xcc -I/Users/vitorepf/orca/workspaces/traco-ios/lote-ia-09c/build/Build/Intermediates.noindex/Traco.build/Debug-iphonesimulator/Traco.build/DerivedSources/arm64 -Xcc -I/Users/vitorepf/orca/workspaces/traco-ios/lote-ia-09c/build/Build/Intermediates.noindex/Traco.build/Debug-iphonesimulator/Traco.build/DerivedSources -Xcc -DDEBUG\=1 -emit-objc-header -emit-objc-header-path /Users/vitorepf/orca/workspaces/traco-ios/lote-ia-09c/build/Build/Intermediates.noindex/Traco.build/Debug-iphonesimulator/Traco.build/Objects-normal/arm64/Traco-Swift.h -working-directory /Users/vitorepf/orca/workspaces/traco-ios/lote-ia-09c -experimental-emit-module-separately -disable-cmo

SwiftMergeGeneratedHeaders /Users/vitorepf/orca/workspaces/traco-ios/lote-ia-09c/build/Build/Intermediates.noindex/Traco.build/Debug-iphonesimulator/Traco.build/DerivedSources/Traco-Swift.h /Users/vitorepf/orca/workspaces/traco-ios/lote-ia-09c/build/Build/Intermediates.noindex/Traco.build/Debug-iphonesimulator/Traco.build/Objects-normal/arm64/Traco-Swift.h (in target 'Traco' from project 'Traco')
    cd /Users/vitorepf/orca/workspaces/traco-ios/lote-ia-09c
    builtin-swiftHeaderTool -arch arm64 /Users/vitorepf/orca/workspaces/traco-ios/lote-ia-09c/build/Build/Intermediates.noindex/Traco.build/Debug-iphonesimulator/Traco.build/Objects-normal/arm64/Traco-Swift.h -o /Users/vitorepf/orca/workspaces/traco-ios/lote-ia-09c/build/Build/Intermediates.noindex/Traco.build/Debug-iphonesimulator/Traco.build/DerivedSources/Traco-Swift.h

Copy /Users/vitorepf/orca/workspaces/traco-ios/lote-ia-09c/build/Build/Products/Debug-iphonesimulator/Traco.swiftmodule/arm64-apple-ios-simulator.swiftmodule /Users/vitorepf/orca/workspaces/traco-ios/lote-ia-09c/build/Build/Intermediates.noindex/Traco.build/Debug-iphonesimulator/Traco.build/Objects-normal/arm64/Traco.swiftmodule (in target 'Traco' from project 'Traco')
    cd /Users/vitorepf/orca/workspaces/traco-ios/lote-ia-09c
    builtin-copy -exclude .DS_Store -exclude CVS -exclude .svn -exclude .git -exclude .hg -resolve-src-symlinks -rename /Users/vitorepf/orca/workspaces/traco-ios/lote-ia-09c/build/Build/Intermediates.noindex/Traco.build/Debug-iphonesimulator/Traco.build/Objects-normal/arm64/Traco.swiftmodule /Users/vitorepf/orca/workspaces/traco-ios/lote-ia-09c/build/Build/Products/Debug-iphonesimulator/Traco.swiftmodule/arm64-apple-ios-simulator.swiftmodule

Copy /Users/vitorepf/orca/workspaces/traco-ios/lote-ia-09c/build/Build/Products/Debug-iphonesimulator/Traco.swiftmodule/arm64-apple-ios-simulator.swiftdoc /Users/vitorepf/orca/workspaces/traco-ios/lote-ia-09c/build/Build/Intermediates.noindex/Traco.build/Debug-iphonesimulator/Traco.build/Objects-normal/arm64/Traco.swiftdoc (in target 'Traco' from project 'Traco')
    cd /Users/vitorepf/orca/workspaces/traco-ios/lote-ia-09c
    builtin-copy -exclude .DS_Store -exclude CVS -exclude .svn -exclude .git -exclude .hg -resolve-src-symlinks -rename /Users/vitorepf/orca/workspaces/traco-ios/lote-ia-09c/build/Build/Intermediates.noindex/Traco.build/Debug-iphonesimulator/Traco.build/Objects-normal/arm64/Traco.swiftdoc /Users/vitorepf/orca/workspaces/traco-ios/lote-ia-09c/build/Build/Products/Debug-iphonesimulator/Traco.swiftmodule/arm64-apple-ios-simulator.swiftdoc

Copy /Users/vitorepf/orca/workspaces/traco-ios/lote-ia-09c/build/Build/Products/Debug-iphonesimulator/Traco.swiftmodule/arm64-apple-ios-simulator.abi.json /Users/vitorepf/orca/workspaces/traco-ios/lote-ia-09c/build/Build/Intermediates.noindex/Traco.build/Debug-iphonesimulator/Traco.build/Objects-normal/arm64/Traco.abi.json (in target 'Traco' from project 'Traco')
    cd /Users/vitorepf/orca/workspaces/traco-ios/lote-ia-09c
    builtin-copy -exclude .DS_Store -exclude CVS -exclude .svn -exclude .git -exclude .hg -resolve-src-symlinks -rename /Users/vitorepf/orca/workspaces/traco-ios/lote-ia-09c/build/Build/Intermediates.noindex/Traco.build/Debug-iphonesimulator/Traco.build/Objects-normal/arm64/Traco.abi.json /Users/vitorepf/orca/workspaces/traco-ios/lote-ia-09c/build/Build/Products/Debug-iphonesimulator/Traco.swiftmodule/arm64-apple-ios-simulator.abi.json

Copy /Users/vitorepf/orca/workspaces/traco-ios/lote-ia-09c/build/Build/Products/Debug-iphonesimulator/Traco.swiftmodule/Project/arm64-apple-ios-simulator.swiftsourceinfo /Users/vitorepf/orca/workspaces/traco-ios/lote-ia-09c/build/Build/Intermediates.noindex/Traco.build/Debug-iphonesimulator/Traco.build/Objects-normal/arm64/Traco.swiftsourceinfo (in target 'Traco' from project 'Traco')
    cd /Users/vitorepf/orca/workspaces/traco-ios/lote-ia-09c
    builtin-copy -exclude .DS_Store -exclude CVS -exclude .svn -exclude .git -exclude .hg -resolve-src-symlinks -rename /Users/vitorepf/orca/workspaces/traco-ios/lote-ia-09c/build/Build/Intermediates.noindex/Traco.build/Debug-iphonesimulator/Traco.build/Objects-normal/arm64/Traco.swiftsourceinfo /Users/vitorepf/orca/workspaces/traco-ios/lote-ia-09c/build/Build/Products/Debug-iphonesimulator/Traco.swiftmodule/Project/arm64-apple-ios-simulator.swiftsourceinfo

SwiftDriver TracoTests normal arm64 com.apple.xcode.tools.swift.compiler (in target 'TracoTests' from project 'Traco')
    cd /Users/vitorepf/orca/workspaces/traco-ios/lote-ia-09c
    builtin-SwiftDriver -- /Applications/Xcode.app/Contents/Developer/Toolchains/XcodeDefault.xctoolchain/usr/bin/swiftc -module-name TracoTests -Onone @/Users/vitorepf/orca/workspaces/traco-ios/lote-ia-09c/build/Build/Intermediates.noindex/Traco.build/Debug-iphonesimulator/TracoTests.build/Objects-normal/arm64/TracoTests.SwiftFileList -DDEBUG -plugin-path /Applications/Xcode.app/Contents/Developer/Toolchains/XcodeDefault.xctoolchain/usr/lib/swift/host/plugins/testing -default-isolation\=MainActor -enable-experimental-feature DebugDescriptionMacro -sdk /Applications/Xcode.app/Contents/Developer/Platforms/iPhoneSimulator.platform/Developer/SDKs/iPhoneSimulator26.5.sdk -target arm64-apple-ios26.0-simulator -g -module-cache-path /Users/vitorepf/orca/workspaces/traco-ios/lote-ia-09c/build/ModuleCache.noindex -Xfrontend -serialize-debugging-options -enable-testing -index-store-path /Users/vitorepf/orca/workspaces/traco-ios/lote-ia-09c/build/Index.noindex/DataStore -Xcc -D_LIBCPP_HARDENING_MODE\=_LIBCPP_HARDENING_MODE_DEBUG -swift-version 6 -I /Users/vitorepf/orca/workspaces/traco-ios/lote-ia-09c/build/Build/Products/Debug-iphonesimulator -Isystem /Applications/Xcode.app/Contents/Developer/Platforms/iPhoneSimulator.platform/Developer/usr/lib -F /Users/vitorepf/orca/workspaces/traco-ios/lote-ia-09c/build/Build/Products/Debug-iphonesimulator -F /Applications/Xcode.app/Contents/Developer/Platforms/iPhoneSimulator.platform/Developer/Library/Frameworks -F /Applications/Xcode.app/Contents/Developer/Platforms/iPhoneSimulator.platform/Developer/SDKs/iPhoneSimulator26.5.sdk/Developer/Library/Frameworks -c -j18 -enable-batch-mode -incremental -Xcc -ivfsstatcache -Xcc /Users/vitorepf/orca/workspaces/traco-ios/lote-ia-09c/build/SDKStatCaches.noindex/iphonesimulator26.5-23F81a-6cfe768891a92b912361537c460fe42b.sdkstatcache -output-file-map /Users/vitorepf/orca/workspaces/traco-ios/lote-ia-09c/build/Build/Intermediates.noindex/Traco.build/Debug-iphonesimulator/TracoTests.build/Objects-normal/arm64/TracoTests-OutputFileMap.json -use-frontend-parseable-output -save-temps -no-color-diagnostics -explicit-module-build -module-cache-path /Users/vitorepf/orca/workspaces/traco-ios/lote-ia-09c/build/Build/Intermediates.noindex/SwiftExplicitPrecompiledModules -clang-scanner-module-cache-path /Users/vitorepf/orca/workspaces/traco-ios/lote-ia-09c/build/ModuleCache.noindex -sdk-module-cache-path /Users/vitorepf/orca/workspaces/traco-ios/lote-ia-09c/build/ModuleCache.noindex -serialize-diagnostics -emit-dependencies -emit-module -emit-module-path /Users/vitorepf/orca/workspaces/traco-ios/lote-ia-09c/build/Build/Intermediates.noindex/Traco.build/Debug-iphonesimulator/TracoTests.build/Objects-normal/arm64/TracoTests.swiftmodule -validate-clang-modules-once -clang-build-session-file /Users/vitorepf/orca/workspaces/traco-ios/lote-ia-09c/build/ModuleCache.noindex/Session.modulevalidation -Xcc -I/Users/vitorepf/orca/workspaces/traco-ios/lote-ia-09c/build/Build/Intermediates.noindex/Traco.build/Debug-iphonesimulator/TracoTests.build/swift-overrides.hmap -emit-const-values -Xfrontend -const-gather-protocols-file -Xfrontend /Users/vitorepf/orca/workspaces/traco-ios/lote-ia-09c/build/Build/Intermediates.noindex/Traco.build/Debug-iphonesimulator/TracoTests.build/Objects-normal/arm64/TracoTests_const_extract_protocols.json -Xcc -iquote -Xcc /Users/vitorepf/orca/workspaces/traco-ios/lote-ia-09c/build/Build/Intermediates.noindex/Traco.build/Debug-iphonesimulator/TracoTests.build/TracoTests-generated-files.hmap -Xcc -I/Users/vitorepf/orca/workspaces/traco-ios/lote-ia-09c/build/Build/Intermediates.noindex/Traco.build/Debug-iphonesimulator/TracoTests.build/TracoTests-own-target-headers.hmap -Xcc -I/Users/vitorepf/orca/workspaces/traco-ios/lote-ia-09c/build/Build/Intermediates.noindex/Traco.build/Debug-iphonesimulator/TracoTests.build/TracoTests-all-target-headers.hmap -Xcc -iquote -Xcc /Users/vitorepf/orca/workspaces/traco-ios/lote-ia-09c/build/Build/Intermediates.noindex/Traco.build/Debug-iphonesimulator/TracoTests.build/TracoTests-project-headers.hmap -Xcc -I/Users/vitorepf/orca/workspaces/traco-ios/lote-ia-09c/build/Build/Products/Debug-iphonesimulator/include -Xcc -I/Users/vitorepf/orca/workspaces/traco-ios/lote-ia-09c/build/Build/Intermediates.noindex/Traco.build/Debug-iphonesimulator/TracoTests.build/DerivedSources-normal/arm64 -Xcc -I/Users/vitorepf/orca/workspaces/traco-ios/lote-ia-09c/build/Build/Intermediates.noindex/Traco.build/Debug-iphonesimulator/TracoTests.build/DerivedSources/arm64 -Xcc -I/Users/vitorepf/orca/workspaces/traco-ios/lote-ia-09c/build/Build/Intermediates.noindex/Traco.build/Debug-iphonesimulator/TracoTests.build/DerivedSources -Xcc -DDEBUG\=1 -emit-objc-header -emit-objc-header-path /Users/vitorepf/orca/workspaces/traco-ios/lote-ia-09c/build/Build/Intermediates.noindex/Traco.build/Debug-iphonesimulator/TracoTests.build/Objects-normal/arm64/TracoTests-Swift.h -working-directory /Users/vitorepf/orca/workspaces/traco-ios/lote-ia-09c -experimental-emit-module-separately -disable-cmo

SwiftDriverJobDiscovery normal arm64 Compiling CalendarioTema.swift, CalendarioTrabalho.swift, CalendarioView.swift, Camadas.swift, CamposFormaView.swift, CapturarIntent.swift, Cartao.swift (in target 'Traco' from project 'Traco')

SwiftDriverJobDiscovery normal arm64 Compiling Lente.swift, LenteView.swift, LinhaDeEstado.swift, LinhaQueAbre.swift, LinhasDeProveniencia.swift, MenuFormasView.swift, Metodo.swift (in target 'Traco' from project 'Traco')

SwiftDriverJobDiscovery normal arm64 Compiling ProximoCompromisso.swift, Queima.swift, RaizView.swift, ReciboEntrada.swift, RecordarView.swift, Rede.swift, RedeView.swift (in target 'Traco' from project 'Traco')

SwiftDriverJobDiscovery normal arm64 Compiling CartaoAnaliseView.swift, ChipDominio.swift, ConferenciaTrabalho.swift, ConfirmacaoView.swift, ContaGrok.swift, ConteudoTrabalhoView.swift, ConversaNotas.swift (in target 'Traco' from project 'Traco')

SwiftDriverJobDiscovery normal arm64 Compiling Politica.swift, PortalArquivoView.swift, PortalCodigoView.swift, PortalFormulaView.swift, PraticaTrabalho.swift, ProsaView.swift, Prova.swift (in target 'Traco' from project 'Traco')

SwiftDriverJobDiscovery normal arm64 Compiling Sessao.swift, Sinais.swift, SintaxeLocal.swift, Superficie.swift, SuperficieFora.swift, Tema.swift, TextoDoDitado.swift (in target 'Traco' from project 'Traco')

SwiftExplicitDependencyCompileModuleFromInterface arm64 /Users/vitorepf/orca/workspaces/traco-ios/lote-ia-09c/build/Build/Intermediates.noindex/SwiftExplicitPrecompiledModules/Testing-2RKGQK3AB0WPZ.swiftmodule

SwiftExplicitDependencyCompileModuleFromInterface arm64 /Users/vitorepf/orca/workspaces/traco-ios/lote-ia-09c/build/Build/Intermediates.noindex/SwiftExplicitPrecompiledModules/_Testing_Foundation-1GDJIN8ULGNAE.swiftmodule

SwiftExplicitDependencyCompileModuleFromInterface arm64 /Users/vitorepf/orca/workspaces/traco-ios/lote-ia-09c/build/Build/Intermediates.noindex/SwiftExplicitPrecompiledModules/_Testing_CoreGraphics-3US7QQLQBE9JF.swiftmodule

SwiftExplicitDependencyCompileModuleFromInterface arm64 /Users/vitorepf/orca/workspaces/traco-ios/lote-ia-09c/build/Build/Intermediates.noindex/SwiftExplicitPrecompiledModules/_Testing_UIKit-Y07265L214U9.swiftmodule

SwiftCompile normal arm64 Compiling\ RascunhoTrabalhoTests.swift,\ RecomendacaoTests.swift,\ Relogio.swift /Users/vitorepf/orca/workspaces/traco-ios/lote-ia-09c/TracoTests/RascunhoTrabalhoTests.swift /Users/vitorepf/orca/workspaces/traco-ios/lote-ia-09c/TracoTests/RecomendacaoTests.swift /Users/vitorepf/orca/workspaces/traco-ios/lote-ia-09c/TracoWidget/Relogio.swift (in target 'TracoTests' from project 'Traco')

SwiftCompile normal arm64 /Users/vitorepf/orca/workspaces/traco-ios/lote-ia-09c/TracoTests/RascunhoTrabalhoTests.swift (in target 'TracoTests' from project 'Traco')
    cd /Users/vitorepf/orca/workspaces/traco-ios/lote-ia-09c
    

SwiftCompile normal arm64 /Users/vitorepf/orca/workspaces/traco-ios/lote-ia-09c/TracoTests/RecomendacaoTests.swift (in target 'TracoTests' from project 'Traco')
    cd /Users/vitorepf/orca/workspaces/traco-ios/lote-ia-09c
    

SwiftCompile normal arm64 /Users/vitorepf/orca/workspaces/traco-ios/lote-ia-09c/TracoWidget/Relogio.swift (in target 'TracoTests' from project 'Traco')
    cd /Users/vitorepf/orca/workspaces/traco-ios/lote-ia-09c
    

SwiftCompile normal arm64 Compiling\ SabiaOrcamentoTests.swift,\ TemaTests.swift,\ TrabalhoTests.swift /Users/vitorepf/orca/workspaces/traco-ios/lote-ia-09c/TracoTests/SabiaOrcamentoTests.swift /Users/vitorepf/orca/workspaces/traco-ios/lote-ia-09c/TracoTests/TemaTests.swift /Users/vitorepf/orca/workspaces/traco-ios/lote-ia-09c/TracoTests/TrabalhoTests.swift (in target 'TracoTests' from project 'Traco')

SwiftCompile normal arm64 /Users/vitorepf/orca/workspaces/traco-ios/lote-ia-09c/TracoTests/SabiaOrcamentoTests.swift (in target 'TracoTests' from project 'Traco')
    cd /Users/vitorepf/orca/workspaces/traco-ios/lote-ia-09c
    

SwiftCompile normal arm64 /Users/vitorepf/orca/workspaces/traco-ios/lote-ia-09c/TracoTests/TemaTests.swift (in target 'TracoTests' from project 'Traco')
    cd /Users/vitorepf/orca/workspaces/traco-ios/lote-ia-09c
    

SwiftCompile normal arm64 /Users/vitorepf/orca/workspaces/traco-ios/lote-ia-09c/TracoTests/TrabalhoTests.swift (in target 'TracoTests' from project 'Traco')
    cd /Users/vitorepf/orca/workspaces/traco-ios/lote-ia-09c
    

SwiftCompile normal arm64 Compiling\ ProsaLiteralTests.swift,\ ProvaTests.swift,\ QualidadeTrabalhoTests.swift /Users/vitorepf/orca/workspaces/traco-ios/lote-ia-09c/TracoTests/ProsaLiteralTests.swift /Users/vitorepf/orca/workspaces/traco-ios/lote-ia-09c/TracoTests/ProvaTests.swift /Users/vitorepf/orca/workspaces/traco-ios/lote-ia-09c/TracoTests/QualidadeTrabalhoTests.swift (in target 'TracoTests' from project 'Traco')

SwiftCompile normal arm64 /Users/vitorepf/orca/workspaces/traco-ios/lote-ia-09c/TracoTests/ProsaLiteralTests.swift (in target 'TracoTests' from project 'Traco')
    cd /Users/vitorepf/orca/workspaces/traco-ios/lote-ia-09c
    

SwiftCompile normal arm64 /Users/vitorepf/orca/workspaces/traco-ios/lote-ia-09c/TracoTests/ProvaTests.swift (in target 'TracoTests' from project 'Traco')
    cd /Users/vitorepf/orca/workspaces/traco-ios/lote-ia-09c
    

SwiftCompile normal arm64 /Users/vitorepf/orca/workspaces/traco-ios/lote-ia-09c/TracoTests/QualidadeTrabalhoTests.swift (in target 'TracoTests' from project 'Traco')
    cd /Users/vitorepf/orca/workspaces/traco-ios/lote-ia-09c
    

SwiftEmitModule normal arm64 Emitting\ module\ for\ TracoTests (in target 'TracoTests' from project 'Traco')

EmitSwiftModule normal arm64 (in target 'TracoTests' from project 'Traco')
    cd /Users/vitorepf/orca/workspaces/traco-ios/lote-ia-09c
    

SwiftCompile normal arm64 Compiling\ RespostaNotasTests.swift,\ ResultadoObservadoTests.swift,\ RetomadaTrabalhoTests.swift /Users/vitorepf/orca/workspaces/traco-ios/lote-ia-09c/TracoTests/RespostaNotasTests.swift /Users/vitorepf/orca/workspaces/traco-ios/lote-ia-09c/TracoTests/ResultadoObservadoTests.swift /Users/vitorepf/orca/workspaces/traco-ios/lote-ia-09c/TracoTests/RetomadaTrabalhoTests.swift (in target 'TracoTests' from project 'Traco')

SwiftCompile normal arm64 /Users/vitorepf/orca/workspaces/traco-ios/lote-ia-09c/TracoTests/RespostaNotasTests.swift (in target 'TracoTests' from project 'Traco')
    cd /Users/vitorepf/orca/workspaces/traco-ios/lote-ia-09c
    

SwiftCompile normal arm64 /Users/vitorepf/orca/workspaces/traco-ios/lote-ia-09c/TracoTests/ResultadoObservadoTests.swift (in target 'TracoTests' from project 'Traco')
    cd /Users/vitorepf/orca/workspaces/traco-ios/lote-ia-09c
    

SwiftCompile normal arm64 /Users/vitorepf/orca/workspaces/traco-ios/lote-ia-09c/TracoTests/RetomadaTrabalhoTests.swift (in target 'TracoTests' from project 'Traco')
    cd /Users/vitorepf/orca/workspaces/traco-ios/lote-ia-09c
    

SwiftCompile normal arm64 Compiling\ PortaoDaRotaQueCalaTests.swift,\ PortaoDoMovimentoTests.swift,\ PortaoDoTryBangTests.swift /Users/vitorepf/orca/workspaces/traco-ios/lote-ia-09c/TracoTests/PortaoDaRotaQueCalaTests.swift /Users/vitorepf/orca/workspaces/traco-ios/lote-ia-09c/TracoTests/PortaoDoMovimentoTests.swift /Users/vitorepf/orca/workspaces/traco-ios/lote-ia-09c/TracoTests/PortaoDoTryBangTests.swift (in target 'TracoTests' from project 'Traco')

SwiftCompile normal arm64 /Users/vitorepf/orca/workspaces/traco-ios/lote-ia-09c/TracoTests/PortaoDaRotaQueCalaTests.swift (in target 'TracoTests' from project 'Traco')
    cd /Users/vitorepf/orca/workspaces/traco-ios/lote-ia-09c
    

SwiftCompile normal arm64 /Users/vitorepf/orca/workspaces/traco-ios/lote-ia-09c/TracoTests/PortaoDoMovimentoTests.swift (in target 'TracoTests' from project 'Traco')
    cd /Users/vitorepf/orca/workspaces/traco-ios/lote-ia-09c
    

SwiftCompile normal arm64 /Users/vitorepf/orca/workspaces/traco-ios/lote-ia-09c/TracoTests/PortaoDoTryBangTests.swift (in target 'TracoTests' from project 'Traco')
    cd /Users/vitorepf/orca/workspaces/traco-ios/lote-ia-09c
    

SwiftCompile normal arm64 Compiling\ PerfilQualidadeTests.swift,\ PilulaContrasteTests.swift,\ PoliticaTests.swift /Users/vitorepf/orca/workspaces/traco-ios/lote-ia-09c/TracoTests/PerfilQualidadeTests.swift /Users/vitorepf/orca/workspaces/traco-ios/lote-ia-09c/TracoTests/PilulaContrasteTests.swift /Users/vitorepf/orca/workspaces/traco-ios/lote-ia-09c/TracoTests/PoliticaTests.swift (in target 'TracoTests' from project 'Traco')

SwiftCompile normal arm64 /Users/vitorepf/orca/workspaces/traco-ios/lote-ia-09c/TracoTests/PerfilQualidadeTests.swift (in target 'TracoTests' from project 'Traco')
    cd /Users/vitorepf/orca/workspaces/traco-ios/lote-ia-09c
    

SwiftCompile normal arm64 /Users/vitorepf/orca/workspaces/traco-ios/lote-ia-09c/TracoTests/PilulaContrasteTests.swift (in target 'TracoTests' from project 'Traco')
    cd /Users/vitorepf/orca/workspaces/traco-ios/lote-ia-09c
    

SwiftCompile normal arm64 /Users/vitorepf/orca/workspaces/traco-ios/lote-ia-09c/TracoTests/PoliticaTests.swift (in target 'TracoTests' from project 'Traco')
    cd /Users/vitorepf/orca/workspaces/traco-ios/lote-ia-09c
    

SwiftCompile normal arm64 Compiling\ IntegridadeEntradaTests.swift,\ IntegridadeRotasTests.swift,\ IntercambioTrabalhoTests.swift /Users/vitorepf/orca/workspaces/traco-ios/lote-ia-09c/TracoTests/IntegridadeEntradaTests.swift /Users/vitorepf/orca/workspaces/traco-ios/lote-ia-09c/TracoTests/IntegridadeRotasTests.swift /Users/vitorepf/orca/workspaces/traco-ios/lote-ia-09c/TracoTests/IntercambioTrabalhoTests.swift (in target 'TracoTests' from project 'Traco')

SwiftCompile normal arm64 /Users/vitorepf/orca/workspaces/traco-ios/lote-ia-09c/TracoTests/IntegridadeEntradaTests.swift (in target 'TracoTests' from project 'Traco')
    cd /Users/vitorepf/orca/workspaces/traco-ios/lote-ia-09c
    

SwiftCompile normal arm64 /Users/vitorepf/orca/workspaces/traco-ios/lote-ia-09c/TracoTests/IntegridadeRotasTests.swift (in target 'TracoTests' from project 'Traco')
    cd /Users/vitorepf/orca/workspaces/traco-ios/lote-ia-09c
    

SwiftCompile normal arm64 /Users/vitorepf/orca/workspaces/traco-ios/lote-ia-09c/TracoTests/IntercambioTrabalhoTests.swift (in target 'TracoTests' from project 'Traco')
    cd /Users/vitorepf/orca/workspaces/traco-ios/lote-ia-09c
    

SwiftCompile normal arm64 Compiling\ LatenciaTests.swift,\ LeituraMarkdownTrabalhoTests.swift,\ LinhaDoTempoWidgetTests.swift /Users/vitorepf/orca/workspaces/traco-ios/lote-ia-09c/TracoTests/LatenciaTests.swift /Users/vitorepf/orca/workspaces/traco-ios/lote-ia-09c/TracoTests/LeituraMarkdownTrabalhoTests.swift /Users/vitorepf/orca/workspaces/traco-ios/lote-ia-09c/TracoTests/LinhaDoTempoWidgetTests.swift (in target 'TracoTests' from project 'Traco')

SwiftCompile normal arm64 /Users/vitorepf/orca/workspaces/traco-ios/lote-ia-09c/TracoTests/LatenciaTests.swift (in target 'TracoTests' from project 'Traco')
    cd /Users/vitorepf/orca/workspaces/traco-ios/lote-ia-09c
    

SwiftCompile normal arm64 /Users/vitorepf/orca/workspaces/traco-ios/lote-ia-09c/TracoTests/LeituraMarkdownTrabalhoTests.swift (in target 'TracoTests' from project 'Traco')
    cd /Users/vitorepf/orca/workspaces/traco-ios/lote-ia-09c
    

SwiftCompile normal arm64 /Users/vitorepf/orca/workspaces/traco-ios/lote-ia-09c/TracoTests/LinhaDoTempoWidgetTests.swift (in target 'TracoTests' from project 'Traco')
    cd /Users/vitorepf/orca/workspaces/traco-ios/lote-ia-09c
    

SwiftCompile normal arm64 Compiling\ ForaDoAppTests.swift,\ GrokContratoTests.swift,\ IntegridadeCorpusTests.swift /Users/vitorepf/orca/workspaces/traco-ios/lote-ia-09c/TracoTests/ForaDoAppTests.swift /Users/vitorepf/orca/workspaces/traco-ios/lote-ia-09c/TracoTests/GrokContratoTests.swift /Users/vitorepf/orca/workspaces/traco-ios/lote-ia-09c/TracoTests/IntegridadeCorpusTests.swift (in target 'TracoTests' from project 'Traco')

SwiftCompile normal arm64 /Users/vitorepf/orca/workspaces/traco-ios/lote-ia-09c/TracoTests/ForaDoAppTests.swift (in target 'TracoTests' from project 'Traco')
    cd /Users/vitorepf/orca/workspaces/traco-ios/lote-ia-09c
    

SwiftCompile normal arm64 /Users/vitorepf/orca/workspaces/traco-ios/lote-ia-09c/TracoTests/GrokContratoTests.swift (in target 'TracoTests' from project 'Traco')
    cd /Users/vitorepf/orca/workspaces/traco-ios/lote-ia-09c
    

SwiftCompile normal arm64 /Users/vitorepf/orca/workspaces/traco-ios/lote-ia-09c/TracoTests/IntegridadeCorpusTests.swift (in target 'TracoTests' from project 'Traco')
    cd /Users/vitorepf/orca/workspaces/traco-ios/lote-ia-09c
    

SwiftCompile normal arm64 Compiling\ MotorTrabalhoContextoTests.swift,\ NotasESessaoTests.swift,\ OrigemAcompanhaConsumidorTests.swift /Users/vitorepf/orca/workspaces/traco-ios/lote-ia-09c/TracoTests/MotorTrabalhoContextoTests.swift /Users/vitorepf/orca/workspaces/traco-ios/lote-ia-09c/TracoTests/NotasESessaoTests.swift /Users/vitorepf/orca/workspaces/traco-ios/lote-ia-09c/TracoTests/OrigemAcompanhaConsumidorTests.swift (in target 'TracoTests' from project 'Traco')

SwiftCompile normal arm64 /Users/vitorepf/orca/workspaces/traco-ios/lote-ia-09c/TracoTests/MotorTrabalhoContextoTests.swift (in target 'TracoTests' from project 'Traco')
    cd /Users/vitorepf/orca/workspaces/traco-ios/lote-ia-09c
    

SwiftCompile normal arm64 /Users/vitorepf/orca/workspaces/traco-ios/lote-ia-09c/TracoTests/NotasESessaoTests.swift (in target 'TracoTests' from project 'Traco')
    cd /Users/vitorepf/orca/workspaces/traco-ios/lote-ia-09c
    

SwiftCompile normal arm64 /Users/vitorepf/orca/workspaces/traco-ios/lote-ia-09c/TracoTests/OrigemAcompanhaConsumidorTests.swift (in target 'TracoTests' from project 'Traco')
    cd /Users/vitorepf/orca/workspaces/traco-ios/lote-ia-09c
    

SwiftCompile normal arm64 Compiling\ PraticaTrabalhoTests.swift,\ PrivacidadeTrabalhoTests.swift,\ PromessaDoAvisoTests.swift /Users/vitorepf/orca/workspaces/traco-ios/lote-ia-09c/TracoTests/PraticaTrabalhoTests.swift /Users/vitorepf/orca/workspaces/traco-ios/lote-ia-09c/TracoTests/PrivacidadeTrabalhoTests.swift /Users/vitorepf/orca/workspaces/traco-ios/lote-ia-09c/TracoTests/PromessaDoAvisoTests.swift (in target 'TracoTests' from project 'Traco')

SwiftCompile normal arm64 /Users/vitorepf/orca/workspaces/traco-ios/lote-ia-09c/TracoTests/PraticaTrabalhoTests.swift (in target 'TracoTests' from project 'Traco')
    cd /Users/vitorepf/orca/workspaces/traco-ios/lote-ia-09c
    

SwiftCompile normal arm64 /Users/vitorepf/orca/workspaces/traco-ios/lote-ia-09c/TracoTests/PrivacidadeTrabalhoTests.swift (in target 'TracoTests' from project 'Traco')
    cd /Users/vitorepf/orca/workspaces/traco-ios/lote-ia-09c
    

SwiftCompile normal arm64 /Users/vitorepf/orca/workspaces/traco-ios/lote-ia-09c/TracoTests/PromessaDoAvisoTests.swift (in target 'TracoTests' from project 'Traco')
    cd /Users/vitorepf/orca/workspaces/traco-ios/lote-ia-09c
    

SwiftCompile normal arm64 Compiling\ CadernoHitchesTests.swift,\ CadernoTests.swift,\ CalendarioTests.swift /Users/vitorepf/orca/workspaces/traco-ios/lote-ia-09c/TracoTests/CadernoHitchesTests.swift /Users/vitorepf/orca/workspaces/traco-ios/lote-ia-09c/TracoTests/CadernoTests.swift /Users/vitorepf/orca/workspaces/traco-ios/lote-ia-09c/TracoTests/CalendarioTests.swift (in target 'TracoTests' from project 'Traco')

SwiftCompile normal arm64 /Users/vitorepf/orca/workspaces/traco-ios/lote-ia-09c/TracoTests/CadernoHitchesTests.swift (in target 'TracoTests' from project 'Traco')
    cd /Users/vitorepf/orca/workspaces/traco-ios/lote-ia-09c
    

SwiftCompile normal arm64 /Users/vitorepf/orca/workspaces/traco-ios/lote-ia-09c/TracoTests/CadernoTests.swift (in target 'TracoTests' from project 'Traco')
    cd /Users/vitorepf/orca/workspaces/traco-ios/lote-ia-09c
    

SwiftCompile normal arm64 /Users/vitorepf/orca/workspaces/traco-ios/lote-ia-09c/TracoTests/CalendarioTests.swift (in target 'TracoTests' from project 'Traco')
    cd /Users/vitorepf/orca/workspaces/traco-ios/lote-ia-09c
    

SwiftCompile normal arm64 Compiling\ BuracosFuncionaisTests.swift,\ CadernoAntigoAbreTests.swift,\ CadernoDiagnostico.swift,\ CadernoFuzzTests.swift /Users/vitorepf/orca/workspaces/traco-ios/lote-ia-09c/TracoTests/BuracosFuncionaisTests.swift /Users/vitorepf/orca/workspaces/traco-ios/lote-ia-09c/TracoTests/CadernoAntigoAbreTests.swift /Users/vitorepf/orca/workspaces/traco-ios/lote-ia-09c/TracoTests/CadernoDiagnostico.swift /Users/vitorepf/orca/workspaces/traco-ios/lote-ia-09c/TracoTests/CadernoFuzzTests.swift (in target 'TracoTests' from project 'Traco')

SwiftCompile normal arm64 /Users/vitorepf/orca/workspaces/traco-ios/lote-ia-09c/TracoTests/BuracosFuncionaisTests.swift (in target 'TracoTests' from project 'Traco')
    cd /Users/vitorepf/orca/workspaces/traco-ios/lote-ia-09c
    

SwiftCompile normal arm64 /Users/vitorepf/orca/workspaces/traco-ios/lote-ia-09c/TracoTests/CadernoAntigoAbreTests.swift (in target 'TracoTests' from project 'Traco')
    cd /Users/vitorepf/orca/workspaces/traco-ios/lote-ia-09c
    

SwiftCompile normal arm64 /Users/vitorepf/orca/workspaces/traco-ios/lote-ia-09c/TracoTests/CadernoDiagnostico.swift (in target 'TracoTests' from project 'Traco')
    cd /Users/vitorepf/orca/workspaces/traco-ios/lote-ia-09c
    

SwiftCompile normal arm64 /Users/vitorepf/orca/workspaces/traco-ios/lote-ia-09c/TracoTests/CadernoFuzzTests.swift (in target 'TracoTests' from project 'Traco')
    cd /Users/vitorepf/orca/workspaces/traco-ios/lote-ia-09c
    

SwiftDriverJobDiscovery normal arm64 Compiling Atividades.swift, AvaliacaoIA.swift, BarraNavegacao.swift, Biometria.swift, BlocoCaderno.swift, Botao.swift, CabecalhoDeFolha.swift (in target 'Traco' from project 'Traco')

SwiftCompile normal arm64 Compiling\ EscritaPessoalTests.swift,\ EscritaVisivelTests.swift,\ FeriadosTests.swift /Users/vitorepf/orca/workspaces/traco-ios/lote-ia-09c/TracoTests/EscritaPessoalTests.swift /Users/vitorepf/orca/workspaces/traco-ios/lote-ia-09c/TracoTests/EscritaVisivelTests.swift /Users/vitorepf/orca/workspaces/traco-ios/lote-ia-09c/TracoTests/FeriadosTests.swift (in target 'TracoTests' from project 'Traco')

SwiftCompile normal arm64 /Users/vitorepf/orca/workspaces/traco-ios/lote-ia-09c/TracoTests/EscritaPessoalTests.swift (in target 'TracoTests' from project 'Traco')
    cd /Users/vitorepf/orca/workspaces/traco-ios/lote-ia-09c
    

SwiftCompile normal arm64 /Users/vitorepf/orca/workspaces/traco-ios/lote-ia-09c/TracoTests/EscritaVisivelTests.swift (in target 'TracoTests' from project 'Traco')
    cd /Users/vitorepf/orca/workspaces/traco-ios/lote-ia-09c
    

SwiftCompile normal arm64 /Users/vitorepf/orca/workspaces/traco-ios/lote-ia-09c/TracoTests/FeriadosTests.swift (in target 'TracoTests' from project 'Traco')
    cd /Users/vitorepf/orca/workspaces/traco-ios/lote-ia-09c
    

SwiftDriverJobDiscovery normal arm64 Compiling PerfilQualidadeTests.swift, PilulaContrasteTests.swift, PoliticaTests.swift (in target 'TracoTests' from project 'Traco')

SwiftCompile normal arm64 Compiling\ ContinuidadeTrabalhoTests.swift,\ ConversaNotasTests.swift,\ DitadoProprioTests.swift /Users/vitorepf/orca/workspaces/traco-ios/lote-ia-09c/TracoTests/ContinuidadeTrabalhoTests.swift /Users/vitorepf/orca/workspaces/traco-ios/lote-ia-09c/TracoTests/ConversaNotasTests.swift /Users/vitorepf/orca/workspaces/traco-ios/lote-ia-09c/TracoTests/DitadoProprioTests.swift (in target 'TracoTests' from project 'Traco')

SwiftCompile normal arm64 /Users/vitorepf/orca/workspaces/traco-ios/lote-ia-09c/TracoTests/ContinuidadeTrabalhoTests.swift (in target 'TracoTests' from project 'Traco')
    cd /Users/vitorepf/orca/workspaces/traco-ios/lote-ia-09c
    

SwiftCompile normal arm64 /Users/vitorepf/orca/workspaces/traco-ios/lote-ia-09c/TracoTests/ConversaNotasTests.swift (in target 'TracoTests' from project 'Traco')
    cd /Users/vitorepf/orca/workspaces/traco-ios/lote-ia-09c
    

SwiftCompile normal arm64 /Users/vitorepf/orca/workspaces/traco-ios/lote-ia-09c/TracoTests/DitadoProprioTests.swift (in target 'TracoTests' from project 'Traco')
    cd /Users/vitorepf/orca/workspaces/traco-ios/lote-ia-09c
    

SwiftDriverJobDiscovery normal arm64 Compiling RascunhoTrabalhoTests.swift, RecomendacaoTests.swift, Relogio.swift (in target 'TracoTests' from project 'Traco')

SwiftCompile normal arm64 Compiling\ CalendarioTrabalhoTests.swift,\ CatalogoTests.swift,\ CicloDaMenteTests.swift /Users/vitorepf/orca/workspaces/traco-ios/lote-ia-09c/TracoTests/CalendarioTrabalhoTests.swift /Users/vitorepf/orca/workspaces/traco-ios/lote-ia-09c/TracoTests/CatalogoTests.swift /Users/vitorepf/orca/workspaces/traco-ios/lote-ia-09c/TracoTests/CicloDaMenteTests.swift (in target 'TracoTests' from project 'Traco')

SwiftCompile normal arm64 /Users/vitorepf/orca/workspaces/traco-ios/lote-ia-09c/TracoTests/CalendarioTrabalhoTests.swift (in target 'TracoTests' from project 'Traco')
    cd /Users/vitorepf/orca/workspaces/traco-ios/lote-ia-09c
    

SwiftCompile normal arm64 /Users/vitorepf/orca/workspaces/traco-ios/lote-ia-09c/TracoTests/CatalogoTests.swift (in target 'TracoTests' from project 'Traco')
    cd /Users/vitorepf/orca/workspaces/traco-ios/lote-ia-09c
    

SwiftCompile normal arm64 /Users/vitorepf/orca/workspaces/traco-ios/lote-ia-09c/TracoTests/CicloDaMenteTests.swift (in target 'TracoTests' from project 'Traco')
    cd /Users/vitorepf/orca/workspaces/traco-ios/lote-ia-09c
    

SwiftDriverJobDiscovery normal arm64 Compiling PortaoDaRotaQueCalaTests.swift, PortaoDoMovimentoTests.swift, PortaoDoTryBangTests.swift (in target 'TracoTests' from project 'Traco')

SwiftCompile normal arm64 Compiling\ ColheitaEixosTests.swift,\ ColheitaRestanteTests.swift,\ ConferenciaTrabalhoTests.swift /Users/vitorepf/orca/workspaces/traco-ios/lote-ia-09c/TracoTests/ColheitaEixosTests.swift /Users/vitorepf/orca/workspaces/traco-ios/lote-ia-09c/TracoTests/ColheitaRestanteTests.swift /Users/vitorepf/orca/workspaces/traco-ios/lote-ia-09c/TracoTests/ConferenciaTrabalhoTests.swift (in target 'TracoTests' from project 'Traco')

SwiftCompile normal arm64 /Users/vitorepf/orca/workspaces/traco-ios/lote-ia-09c/TracoTests/ColheitaEixosTests.swift (in target 'TracoTests' from project 'Traco')
    cd /Users/vitorepf/orca/workspaces/traco-ios/lote-ia-09c
    

SwiftCompile normal arm64 /Users/vitorepf/orca/workspaces/traco-ios/lote-ia-09c/TracoTests/ColheitaRestanteTests.swift (in target 'TracoTests' from project 'Traco')
    cd /Users/vitorepf/orca/workspaces/traco-ios/lote-ia-09c
    

SwiftCompile normal arm64 /Users/vitorepf/orca/workspaces/traco-ios/lote-ia-09c/TracoTests/ConferenciaTrabalhoTests.swift (in target 'TracoTests' from project 'Traco')
    cd /Users/vitorepf/orca/workspaces/traco-ios/lote-ia-09c
    

SwiftDriverJobDiscovery normal arm64 Compiling RespostaNotasTests.swift, ResultadoObservadoTests.swift, RetomadaTrabalhoTests.swift (in target 'TracoTests' from project 'Traco')

SwiftCompile normal arm64 Compiling\ AjusteDoExercicioTests.swift,\ AnaliseDeBordoTests.swift,\ AnaliseLocalTests.swift,\ AvisoDoCompromissoTests.swift /Users/vitorepf/orca/workspaces/traco-ios/lote-ia-09c/TracoTests/AjusteDoExercicioTests.swift /Users/vitorepf/orca/workspaces/traco-ios/lote-ia-09c/TracoTests/AnaliseDeBordoTests.swift /Users/vitorepf/orca/workspaces/traco-ios/lote-ia-09c/TracoTests/AnaliseLocalTests.swift /Users/vitorepf/orca/workspaces/traco-ios/lote-ia-09c/TracoTests/AvisoDoCompromissoTests.swift (in target 'TracoTests' from project 'Traco')

SwiftCompile normal arm64 /Users/vitorepf/orca/workspaces/traco-ios/lote-ia-09c/TracoTests/AjusteDoExercicioTests.swift (in target 'TracoTests' from project 'Traco')
    cd /Users/vitorepf/orca/workspaces/traco-ios/lote-ia-09c
    

SwiftCompile normal arm64 /Users/vitorepf/orca/workspaces/traco-ios/lote-ia-09c/TracoTests/AnaliseDeBordoTests.swift (in target 'TracoTests' from project 'Traco')
    cd /Users/vitorepf/orca/workspaces/traco-ios/lote-ia-09c
    

SwiftCompile normal arm64 /Users/vitorepf/orca/workspaces/traco-ios/lote-ia-09c/TracoTests/AnaliseLocalTests.swift (in target 'TracoTests' from project 'Traco')
    cd /Users/vitorepf/orca/workspaces/traco-ios/lote-ia-09c
    

SwiftCompile normal arm64 /Users/vitorepf/orca/workspaces/traco-ios/lote-ia-09c/TracoTests/AvisoDoCompromissoTests.swift (in target 'TracoTests' from project 'Traco')
    cd /Users/vitorepf/orca/workspaces/traco-ios/lote-ia-09c
    

SwiftDriverJobDiscovery normal arm64 Compiling ProsaLiteralTests.swift, ProvaTests.swift, QualidadeTrabalhoTests.swift (in target 'TracoTests' from project 'Traco')

SwiftDriverJobDiscovery normal arm64 Compiling Migracao.swift, Nota.swift, NotasFiltro.swift, NotasView.swift, OficinaTrabalho.swift, OrdemNotas.swift, PadroesLocal.swift (in target 'Traco' from project 'Traco')

SwiftDriverJobDiscovery normal arm64 Compiling LatenciaTests.swift, LeituraMarkdownTrabalhoTests.swift, LinhaDoTempoWidgetTests.swift (in target 'TracoTests' from project 'Traco')

SwiftDriverJobDiscovery normal arm64 Compiling CadernoView.swift, Calendario.swift, CalendarioAgenda.swift, CalendarioEscalas.swift, CalendarioFicha.swift, CalendarioFichaSistema.swift, CalendarioSistema.swift (in target 'Traco' from project 'Traco')

SwiftDriverJobDiscovery normal arm64 Compiling BuracosFuncionaisTests.swift, CadernoAntigoAbreTests.swift, CadernoDiagnostico.swift, CadernoFuzzTests.swift (in target 'TracoTests' from project 'Traco')

SwiftDriverJobDiscovery normal arm64 Compiling ContinuidadeTrabalhoTests.swift, ConversaNotasTests.swift, DitadoProprioTests.swift (in target 'TracoTests' from project 'Traco')

SwiftDriverJobDiscovery normal arm64 Compiling IntegridadeEntradaTests.swift, IntegridadeRotasTests.swift, IntercambioTrabalhoTests.swift (in target 'TracoTests' from project 'Traco')

SwiftDriverJobDiscovery normal arm64 Compiling EscritaPessoalTests.swift, EscritaVisivelTests.swift, FeriadosTests.swift (in target 'TracoTests' from project 'Traco')

SwiftDriverJobDiscovery normal arm64 Compiling SabiaOrcamentoTests.swift, TemaTests.swift, TrabalhoTests.swift (in target 'TracoTests' from project 'Traco')

SwiftDriverJobDiscovery normal arm64 Compiling TituloTela.swift, Toque.swift, Trabalho.swift, TrabalhoView.swift, TrabalhosView.swift, TracoApp.swift, TracoAtalhos.swift (in target 'Traco' from project 'Traco')

SwiftDriverJobDiscovery normal arm64 Emitting module for TracoTests (in target 'TracoTests' from project 'Traco')

SwiftDriver\ Compilation\ Requirements TracoTests normal arm64 com.apple.xcode.tools.swift.compiler (in target 'TracoTests' from project 'Traco')
    cd /Users/vitorepf/orca/workspaces/traco-ios/lote-ia-09c
    builtin-Swift-Compilation-Requirements -- /Applications/Xcode.app/Contents/Developer/Toolchains/XcodeDefault.xctoolchain/usr/bin/swiftc -module-name TracoTests -Onone @/Users/vitorepf/orca/workspaces/traco-ios/lote-ia-09c/build/Build/Intermediates.noindex/Traco.build/Debug-iphonesimulator/TracoTests.build/Objects-normal/arm64/TracoTests.SwiftFileList -DDEBUG -plugin-path /Applications/Xcode.app/Contents/Developer/Toolchains/XcodeDefault.xctoolchain/usr/lib/swift/host/plugins/testing -default-isolation\=MainActor -enable-experimental-feature DebugDescriptionMacro -sdk /Applications/Xcode.app/Contents/Developer/Platforms/iPhoneSimulator.platform/Developer/SDKs/iPhoneSimulator26.5.sdk -target arm64-apple-ios26.0-simulator -g -module-cache-path /Users/vitorepf/orca/workspaces/traco-ios/lote-ia-09c/build/ModuleCache.noindex -Xfrontend -serialize-debugging-options -enable-testing -index-store-path /Users/vitorepf/orca/workspaces/traco-ios/lote-ia-09c/build/Index.noindex/DataStore -Xcc -D_LIBCPP_HARDENING_MODE\=_LIBCPP_HARDENING_MODE_DEBUG -swift-version 6 -I /Users/vitorepf/orca/workspaces/traco-ios/lote-ia-09c/build/Build/Products/Debug-iphonesimulator -Isystem /Applications/Xcode.app/Contents/Developer/Platforms/iPhoneSimulator.platform/Developer/usr/lib -F /Users/vitorepf/orca/workspaces/traco-ios/lote-ia-09c/build/Build/Products/Debug-iphonesimulator -F /Applications/Xcode.app/Contents/Developer/Platforms/iPhoneSimulator.platform/Developer/Library/Frameworks -F /Applications/Xcode.app/Contents/Developer/Platforms/iPhoneSimulator.platform/Developer/SDKs/iPhoneSimulator26.5.sdk/Developer/Library/Frameworks -c -j18 -enable-batch-mode -incremental -Xcc -ivfsstatcache -Xcc /Users/vitorepf/orca/workspaces/traco-ios/lote-ia-09c/build/SDKStatCaches.noindex/iphonesimulator26.5-23F81a-6cfe768891a92b912361537c460fe42b.sdkstatcache -output-file-map /Users/vitorepf/orca/workspaces/traco-ios/lote-ia-09c/build/Build/Intermediates.noindex/Traco.build/Debug-iphonesimulator/TracoTests.build/Objects-normal/arm64/TracoTests-OutputFileMap.json -use-frontend-parseable-output -save-temps -no-color-diagnostics -explicit-module-build -module-cache-path /Users/vitorepf/orca/workspaces/traco-ios/lote-ia-09c/build/Build/Intermediates.noindex/SwiftExplicitPrecompiledModules -clang-scanner-module-cache-path /Users/vitorepf/orca/workspaces/traco-ios/lote-ia-09c/build/ModuleCache.noindex -sdk-module-cache-path /Users/vitorepf/orca/workspaces/traco-ios/lote-ia-09c/build/ModuleCache.noindex -serialize-diagnostics -emit-dependencies -emit-module -emit-module-path /Users/vitorepf/orca/workspaces/traco-ios/lote-ia-09c/build/Build/Intermediates.noindex/Traco.build/Debug-iphonesimulator/TracoTests.build/Objects-normal/arm64/TracoTests.swiftmodule -validate-clang-modules-once -clang-build-session-file /Users/vitorepf/orca/workspaces/traco-ios/lote-ia-09c/build/ModuleCache.noindex/Session.modulevalidation -Xcc -I/Users/vitorepf/orca/workspaces/traco-ios/lote-ia-09c/build/Build/Intermediates.noindex/Traco.build/Debug-iphonesimulator/TracoTests.build/swift-overrides.hmap -emit-const-values -Xfrontend -const-gather-protocols-file -Xfrontend /Users/vitorepf/orca/workspaces/traco-ios/lote-ia-09c/build/Build/Intermediates.noindex/Traco.build/Debug-iphonesimulator/TracoTests.build/Objects-normal/arm64/TracoTests_const_extract_protocols.json -Xcc -iquote -Xcc /Users/vitorepf/orca/workspaces/traco-ios/lote-ia-09c/build/Build/Intermediates.noindex/Traco.build/Debug-iphonesimulator/TracoTests.build/TracoTests-generated-files.hmap -Xcc -I/Users/vitorepf/orca/workspaces/traco-ios/lote-ia-09c/build/Build/Intermediates.noindex/Traco.build/Debug-iphonesimulator/TracoTests.build/TracoTests-own-target-headers.hmap -Xcc -I/Users/vitorepf/orca/workspaces/traco-ios/lote-ia-09c/build/Build/Intermediates.noindex/Traco.build/Debug-iphonesimulator/TracoTests.build/TracoTests-all-target-headers.hmap -Xcc -iquote -Xcc /Users/vitorepf/orca/workspaces/traco-ios/lote-ia-09c/build/Build/Intermediates.noindex/Traco.build/Debug-iphonesimulator/TracoTests.build/TracoTests-project-headers.hmap -Xcc -I/Users/vitorepf/orca/workspaces/traco-ios/lote-ia-09c/build/Build/Products/Debug-iphonesimulator/include -Xcc -I/Users/vitorepf/orca/workspaces/traco-ios/lote-ia-09c/build/Build/Intermediates.noindex/Traco.build/Debug-iphonesimulator/TracoTests.build/DerivedSources-normal/arm64 -Xcc -I/Users/vitorepf/orca/workspaces/traco-ios/lote-ia-09c/build/Build/Intermediates.noindex/Traco.build/Debug-iphonesimulator/TracoTests.build/DerivedSources/arm64 -Xcc -I/Users/vitorepf/orca/workspaces/traco-ios/lote-ia-09c/build/Build/Intermediates.noindex/Traco.build/Debug-iphonesimulator/TracoTests.build/DerivedSources -Xcc -DDEBUG\=1 -emit-objc-header -emit-objc-header-path /Users/vitorepf/orca/workspaces/traco-ios/lote-ia-09c/build/Build/Intermediates.noindex/Traco.build/Debug-iphonesimulator/TracoTests.build/Objects-normal/arm64/TracoTests-Swift.h -working-directory /Users/vitorepf/orca/workspaces/traco-ios/lote-ia-09c -experimental-emit-module-separately -disable-cmo

SwiftMergeGeneratedHeaders /Users/vitorepf/orca/workspaces/traco-ios/lote-ia-09c/build/Build/Intermediates.noindex/Traco.build/Debug-iphonesimulator/TracoTests.build/DerivedSources/TracoTests-Swift.h /Users/vitorepf/orca/workspaces/traco-ios/lote-ia-09c/build/Build/Intermediates.noindex/Traco.build/Debug-iphonesimulator/TracoTests.build/Objects-normal/arm64/TracoTests-Swift.h (in target 'TracoTests' from project 'Traco')
    cd /Users/vitorepf/orca/workspaces/traco-ios/lote-ia-09c
    builtin-swiftHeaderTool -arch arm64 /Users/vitorepf/orca/workspaces/traco-ios/lote-ia-09c/build/Build/Intermediates.noindex/Traco.build/Debug-iphonesimulator/TracoTests.build/Objects-normal/arm64/TracoTests-Swift.h -o /Users/vitorepf/orca/workspaces/traco-ios/lote-ia-09c/build/Build/Intermediates.noindex/Traco.build/Debug-iphonesimulator/TracoTests.build/DerivedSources/TracoTests-Swift.h

Copy /Users/vitorepf/orca/workspaces/traco-ios/lote-ia-09c/build/Build/Products/Debug-iphonesimulator/TracoTests.swiftmodule/arm64-apple-ios-simulator.abi.json /Users/vitorepf/orca/workspaces/traco-ios/lote-ia-09c/build/Build/Intermediates.noindex/Traco.build/Debug-iphonesimulator/TracoTests.build/Objects-normal/arm64/TracoTests.abi.json (in target 'TracoTests' from project 'Traco')
    cd /Users/vitorepf/orca/workspaces/traco-ios/lote-ia-09c
    builtin-copy -exclude .DS_Store -exclude CVS -exclude .svn -exclude .git -exclude .hg -resolve-src-symlinks -rename /Users/vitorepf/orca/workspaces/traco-ios/lote-ia-09c/build/Build/Intermediates.noindex/Traco.build/Debug-iphonesimulator/TracoTests.build/Objects-normal/arm64/TracoTests.abi.json /Users/vitorepf/orca/workspaces/traco-ios/lote-ia-09c/build/Build/Products/Debug-iphonesimulator/TracoTests.swiftmodule/arm64-apple-ios-simulator.abi.json

Copy /Users/vitorepf/orca/workspaces/traco-ios/lote-ia-09c/build/Build/Products/Debug-iphonesimulator/TracoTests.swiftmodule/arm64-apple-ios-simulator.swiftdoc /Users/vitorepf/orca/workspaces/traco-ios/lote-ia-09c/build/Build/Intermediates.noindex/Traco.build/Debug-iphonesimulator/TracoTests.build/Objects-normal/arm64/TracoTests.swiftdoc (in target 'TracoTests' from project 'Traco')
    cd /Users/vitorepf/orca/workspaces/traco-ios/lote-ia-09c
    builtin-copy -exclude .DS_Store -exclude CVS -exclude .svn -exclude .git -exclude .hg -resolve-src-symlinks -rename /Users/vitorepf/orca/workspaces/traco-ios/lote-ia-09c/build/Build/Intermediates.noindex/Traco.build/Debug-iphonesimulator/TracoTests.build/Objects-normal/arm64/TracoTests.swiftdoc /Users/vitorepf/orca/workspaces/traco-ios/lote-ia-09c/build/Build/Products/Debug-iphonesimulator/TracoTests.swiftmodule/arm64-apple-ios-simulator.swiftdoc

Copy /Users/vitorepf/orca/workspaces/traco-ios/lote-ia-09c/build/Build/Products/Debug-iphonesimulator/TracoTests.swiftmodule/arm64-apple-ios-simulator.swiftmodule /Users/vitorepf/orca/workspaces/traco-ios/lote-ia-09c/build/Build/Intermediates.noindex/Traco.build/Debug-iphonesimulator/TracoTests.build/Objects-normal/arm64/TracoTests.swiftmodule (in target 'TracoTests' from project 'Traco')
    cd /Users/vitorepf/orca/workspaces/traco-ios/lote-ia-09c
    builtin-copy -exclude .DS_Store -exclude CVS -exclude .svn -exclude .git -exclude .hg -resolve-src-symlinks -rename /Users/vitorepf/orca/workspaces/traco-ios/lote-ia-09c/build/Build/Intermediates.noindex/Traco.build/Debug-iphonesimulator/TracoTests.build/Objects-normal/arm64/TracoTests.swiftmodule /Users/vitorepf/orca/workspaces/traco-ios/lote-ia-09c/build/Build/Products/Debug-iphonesimulator/TracoTests.swiftmodule/arm64-apple-ios-simulator.swiftmodule

Copy /Users/vitorepf/orca/workspaces/traco-ios/lote-ia-09c/build/Build/Products/Debug-iphonesimulator/TracoTests.swiftmodule/Project/arm64-apple-ios-simulator.swiftsourceinfo /Users/vitorepf/orca/workspaces/traco-ios/lote-ia-09c/build/Build/Intermediates.noindex/Traco.build/Debug-iphonesimulator/TracoTests.build/Objects-normal/arm64/TracoTests.swiftsourceinfo (in target 'TracoTests' from project 'Traco')
    cd /Users/vitorepf/orca/workspaces/traco-ios/lote-ia-09c
    builtin-copy -exclude .DS_Store -exclude CVS -exclude .svn -exclude .git -exclude .hg -resolve-src-symlinks -rename /Users/vitorepf/orca/workspaces/traco-ios/lote-ia-09c/build/Build/Intermediates.noindex/Traco.build/Debug-iphonesimulator/TracoTests.build/Objects-normal/arm64/TracoTests.swiftsourceinfo /Users/vitorepf/orca/workspaces/traco-ios/lote-ia-09c/build/Build/Products/Debug-iphonesimulator/TracoTests.swiftmodule/Project/arm64-apple-ios-simulator.swiftsourceinfo

SwiftDriverJobDiscovery normal arm64 Compiling CadernoHitchesTests.swift, CadernoTests.swift, CalendarioTests.swift (in target 'TracoTests' from project 'Traco')

SwiftDriverJobDiscovery normal arm64 Compiling ForaDoAppTests.swift, GrokContratoTests.swift, IntegridadeCorpusTests.swift (in target 'TracoTests' from project 'Traco')

SwiftDriverJobDiscovery normal arm64 Compiling PraticaTrabalhoTests.swift, PrivacidadeTrabalhoTests.swift, PromessaDoAvisoTests.swift (in target 'TracoTests' from project 'Traco')

SwiftDriverJobDiscovery normal arm64 Compiling MotorTrabalhoContextoTests.swift, NotasESessaoTests.swift, OrigemAcompanhaConsumidorTests.swift (in target 'TracoTests' from project 'Traco')

SwiftDriverJobDiscovery normal arm64 Compiling AjusteDoExercicioTests.swift, AnaliseDeBordoTests.swift, AnaliseLocalTests.swift, AvisoDoCompromissoTests.swift (in target 'TracoTests' from project 'Traco')

SwiftDriverJobDiscovery normal arm64 Compiling CalendarioTrabalhoTests.swift, CatalogoTests.swift, CicloDaMenteTests.swift (in target 'TracoTests' from project 'Traco')

SwiftDriverJobDiscovery normal arm64 Compiling ColheitaEixosTests.swift, ColheitaRestanteTests.swift, ConferenciaTrabalhoTests.swift (in target 'TracoTests' from project 'Traco')

SwiftDriver\ Compilation TracoTests normal arm64 com.apple.xcode.tools.swift.compiler (in target 'TracoTests' from project 'Traco')
    cd /Users/vitorepf/orca/workspaces/traco-ios/lote-ia-09c
    builtin-Swift-Compilation -- /Applications/Xcode.app/Contents/Developer/Toolchains/XcodeDefault.xctoolchain/usr/bin/swiftc -module-name TracoTests -Onone @/Users/vitorepf/orca/workspaces/traco-ios/lote-ia-09c/build/Build/Intermediates.noindex/Traco.build/Debug-iphonesimulator/TracoTests.build/Objects-normal/arm64/TracoTests.SwiftFileList -DDEBUG -plugin-path /Applications/Xcode.app/Contents/Developer/Toolchains/XcodeDefault.xctoolchain/usr/lib/swift/host/plugins/testing -default-isolation\=MainActor -enable-experimental-feature DebugDescriptionMacro -sdk /Applications/Xcode.app/Contents/Developer/Platforms/iPhoneSimulator.platform/Developer/SDKs/iPhoneSimulator26.5.sdk -target arm64-apple-ios26.0-simulator -g -module-cache-path /Users/vitorepf/orca/workspaces/traco-ios/lote-ia-09c/build/ModuleCache.noindex -Xfrontend -serialize-debugging-options -enable-testing -index-store-path /Users/vitorepf/orca/workspaces/traco-ios/lote-ia-09c/build/Index.noindex/DataStore -Xcc -D_LIBCPP_HARDENING_MODE\=_LIBCPP_HARDENING_MODE_DEBUG -swift-version 6 -I /Users/vitorepf/orca/workspaces/traco-ios/lote-ia-09c/build/Build/Products/Debug-iphonesimulator -Isystem /Applications/Xcode.app/Contents/Developer/Platforms/iPhoneSimulator.platform/Developer/usr/lib -F /Users/vitorepf/orca/workspaces/traco-ios/lote-ia-09c/build/Build/Products/Debug-iphonesimulator -F /Applications/Xcode.app/Contents/Developer/Platforms/iPhoneSimulator.platform/Developer/Library/Frameworks -F /Applications/Xcode.app/Contents/Developer/Platforms/iPhoneSimulator.platform/Developer/SDKs/iPhoneSimulator26.5.sdk/Developer/Library/Frameworks -c -j18 -enable-batch-mode -incremental -Xcc -ivfsstatcache -Xcc /Users/vitorepf/orca/workspaces/traco-ios/lote-ia-09c/build/SDKStatCaches.noindex/iphonesimulator26.5-23F81a-6cfe768891a92b912361537c460fe42b.sdkstatcache -output-file-map /Users/vitorepf/orca/workspaces/traco-ios/lote-ia-09c/build/Build/Intermediates.noindex/Traco.build/Debug-iphonesimulator/TracoTests.build/Objects-normal/arm64/TracoTests-OutputFileMap.json -use-frontend-parseable-output -save-temps -no-color-diagnostics -explicit-module-build -module-cache-path /Users/vitorepf/orca/workspaces/traco-ios/lote-ia-09c/build/Build/Intermediates.noindex/SwiftExplicitPrecompiledModules -clang-scanner-module-cache-path /Users/vitorepf/orca/workspaces/traco-ios/lote-ia-09c/build/ModuleCache.noindex -sdk-module-cache-path /Users/vitorepf/orca/workspaces/traco-ios/lote-ia-09c/build/ModuleCache.noindex -serialize-diagnostics -emit-dependencies -emit-module -emit-module-path /Users/vitorepf/orca/workspaces/traco-ios/lote-ia-09c/build/Build/Intermediates.noindex/Traco.build/Debug-iphonesimulator/TracoTests.build/Objects-normal/arm64/TracoTests.swiftmodule -validate-clang-modules-once -clang-build-session-file /Users/vitorepf/orca/workspaces/traco-ios/lote-ia-09c/build/ModuleCache.noindex/Session.modulevalidation -Xcc -I/Users/vitorepf/orca/workspaces/traco-ios/lote-ia-09c/build/Build/Intermediates.noindex/Traco.build/Debug-iphonesimulator/TracoTests.build/swift-overrides.hmap -emit-const-values -Xfrontend -const-gather-protocols-file -Xfrontend /Users/vitorepf/orca/workspaces/traco-ios/lote-ia-09c/build/Build/Intermediates.noindex/Traco.build/Debug-iphonesimulator/TracoTests.build/Objects-normal/arm64/TracoTests_const_extract_protocols.json -Xcc -iquote -Xcc /Users/vitorepf/orca/workspaces/traco-ios/lote-ia-09c/build/Build/Intermediates.noindex/Traco.build/Debug-iphonesimulator/TracoTests.build/TracoTests-generated-files.hmap -Xcc -I/Users/vitorepf/orca/workspaces/traco-ios/lote-ia-09c/build/Build/Intermediates.noindex/Traco.build/Debug-iphonesimulator/TracoTests.build/TracoTests-own-target-headers.hmap -Xcc -I/Users/vitorepf/orca/workspaces/traco-ios/lote-ia-09c/build/Build/Intermediates.noindex/Traco.build/Debug-iphonesimulator/TracoTests.build/TracoTests-all-target-headers.hmap -Xcc -iquote -Xcc /Users/vitorepf/orca/workspaces/traco-ios/lote-ia-09c/build/Build/Intermediates.noindex/Traco.build/Debug-iphonesimulator/TracoTests.build/TracoTests-project-headers.hmap -Xcc -I/Users/vitorepf/orca/workspaces/traco-ios/lote-ia-09c/build/Build/Products/Debug-iphonesimulator/include -Xcc -I/Users/vitorepf/orca/workspaces/traco-ios/lote-ia-09c/build/Build/Intermediates.noindex/Traco.build/Debug-iphonesimulator/TracoTests.build/DerivedSources-normal/arm64 -Xcc -I/Users/vitorepf/orca/workspaces/traco-ios/lote-ia-09c/build/Build/Intermediates.noindex/Traco.build/Debug-iphonesimulator/TracoTests.build/DerivedSources/arm64 -Xcc -I/Users/vitorepf/orca/workspaces/traco-ios/lote-ia-09c/build/Build/Intermediates.noindex/Traco.build/Debug-iphonesimulator/TracoTests.build/DerivedSources -Xcc -DDEBUG\=1 -emit-objc-header -emit-objc-header-path /Users/vitorepf/orca/workspaces/traco-ios/lote-ia-09c/build/Build/Intermediates.noindex/Traco.build/Debug-iphonesimulator/TracoTests.build/Objects-normal/arm64/TracoTests-Swift.h -working-directory /Users/vitorepf/orca/workspaces/traco-ios/lote-ia-09c -experimental-emit-module-separately -disable-cmo

SwiftDriverJobDiscovery normal arm64 Compiling PadroesRemoto.swift, PadroesView.swift, PaginaView.swift, PapelForma.swift, PastaEspelho.swift, PerfilView.swift, Pilula.swift (in target 'Traco' from project 'Traco')

SwiftDriver\ Compilation Traco normal arm64 com.apple.xcode.tools.swift.compiler (in target 'Traco' from project 'Traco')
    cd /Users/vitorepf/orca/workspaces/traco-ios/lote-ia-09c
    builtin-Swift-Compilation -- /Applications/Xcode.app/Contents/Developer/Toolchains/XcodeDefault.xctoolchain/usr/bin/swiftc -module-name Traco -Onone @/Users/vitorepf/orca/workspaces/traco-ios/lote-ia-09c/build/Build/Intermediates.noindex/Traco.build/Debug-iphonesimulator/Traco.build/Objects-normal/arm64/Traco.SwiftFileList -DDEBUG -DTRACO_APP -default-isolation\=MainActor -enable-experimental-feature DebugDescriptionMacro -sdk /Applications/Xcode.app/Contents/Developer/Platforms/iPhoneSimulator.platform/Developer/SDKs/iPhoneSimulator26.5.sdk -target arm64-apple-ios26.0-simulator -g -module-cache-path /Users/vitorepf/orca/workspaces/traco-ios/lote-ia-09c/build/ModuleCache.noindex -Xfrontend -serialize-debugging-options -enable-testing -index-store-path /Users/vitorepf/orca/workspaces/traco-ios/lote-ia-09c/build/Index.noindex/DataStore -Xcc -D_LIBCPP_HARDENING_MODE\=_LIBCPP_HARDENING_MODE_DEBUG -swift-version 6 -I /Users/vitorepf/orca/workspaces/traco-ios/lote-ia-09c/build/Build/Products/Debug-iphonesimulator -F /Users/vitorepf/orca/workspaces/traco-ios/lote-ia-09c/build/Build/Products/Debug-iphonesimulator -c -j18 -enable-batch-mode -incremental -Xcc -ivfsstatcache -Xcc /Users/vitorepf/orca/workspaces/traco-ios/lote-ia-09c/build/SDKStatCaches.noindex/iphonesimulator26.5-23F81a-6cfe768891a92b912361537c460fe42b.sdkstatcache -output-file-map /Users/vitorepf/orca/workspaces/traco-ios/lote-ia-09c/build/Build/Intermediates.noindex/Traco.build/Debug-iphonesimulator/Traco.build/Objects-normal/arm64/Traco-OutputFileMap.json -use-frontend-parseable-output -save-temps -no-color-diagnostics -explicit-module-build -module-cache-path /Users/vitorepf/orca/workspaces/traco-ios/lote-ia-09c/build/Build/Intermediates.noindex/SwiftExplicitPrecompiledModules -clang-scanner-module-cache-path /Users/vitorepf/orca/workspaces/traco-ios/lote-ia-09c/build/ModuleCache.noindex -sdk-module-cache-path /Users/vitorepf/orca/workspaces/traco-ios/lote-ia-09c/build/ModuleCache.noindex -serialize-diagnostics -emit-dependencies -emit-module -emit-module-path /Users/vitorepf/orca/workspaces/traco-ios/lote-ia-09c/build/Build/Intermediates.noindex/Traco.build/Debug-iphonesimulator/Traco.build/Objects-normal/arm64/Traco.swiftmodule -validate-clang-modules-once -clang-build-session-file /Users/vitorepf/orca/workspaces/traco-ios/lote-ia-09c/build/ModuleCache.noindex/Session.modulevalidation -Xcc -I/Users/vitorepf/orca/workspaces/traco-ios/lote-ia-09c/build/Build/Intermediates.noindex/Traco.build/Debug-iphonesimulator/Traco.build/swift-overrides.hmap -emit-const-values -Xfrontend -const-gather-protocols-file -Xfrontend /Users/vitorepf/orca/workspaces/traco-ios/lote-ia-09c/build/Build/Intermediates.noindex/Traco.build/Debug-iphonesimulator/Traco.build/Objects-normal/arm64/Traco_const_extract_protocols.json -Xcc -iquote -Xcc /Users/vitorepf/orca/workspaces/traco-ios/lote-ia-09c/build/Build/Intermediates.noindex/Traco.build/Debug-iphonesimulator/Traco.build/Traco-generated-files.hmap -Xcc -I/Users/vitorepf/orca/workspaces/traco-ios/lote-ia-09c/build/Build/Intermediates.noindex/Traco.build/Debug-iphonesimulator/Traco.build/Traco-own-target-headers.hmap -Xcc -I/Users/vitorepf/orca/workspaces/traco-ios/lote-ia-09c/build/Build/Intermediates.noindex/Traco.build/Debug-iphonesimulator/Traco.build/Traco-all-target-headers.hmap -Xcc -iquote -Xcc /Users/vitorepf/orca/workspaces/traco-ios/lote-ia-09c/build/Build/Intermediates.noindex/Traco.build/Debug-iphonesimulator/Traco.build/Traco-project-headers.hmap -Xcc -I/Users/vitorepf/orca/workspaces/traco-ios/lote-ia-09c/build/Build/Products/Debug-iphonesimulator/include -Xcc -I/Users/vitorepf/orca/workspaces/traco-ios/lote-ia-09c/build/Build/Intermediates.noindex/Traco.build/Debug-iphonesimulator/Traco.build/DerivedSources-normal/arm64 -Xcc -I/Users/vitorepf/orca/workspaces/traco-ios/lote-ia-09c/build/Build/Intermediates.noindex/Traco.build/Debug-iphonesimulator/Traco.build/DerivedSources/arm64 -Xcc -I/Users/vitorepf/orca/workspaces/traco-ios/lote-ia-09c/build/Build/Intermediates.noindex/Traco.build/Debug-iphonesimulator/Traco.build/DerivedSources -Xcc -DDEBUG\=1 -emit-objc-header -emit-objc-header-path /Users/vitorepf/orca/workspaces/traco-ios/lote-ia-09c/build/Build/Intermediates.noindex/Traco.build/Debug-iphonesimulator/Traco.build/Objects-normal/arm64/Traco-Swift.h -working-directory /Users/vitorepf/orca/workspaces/traco-ios/lote-ia-09c -experimental-emit-module-separately -disable-cmo

Ld /Users/vitorepf/orca/workspaces/traco-ios/lote-ia-09c/build/Build/Products/Debug-iphonesimulator/Traco.app/Traco.debug.dylib normal (in target 'Traco' from project 'Traco')
    cd /Users/vitorepf/orca/workspaces/traco-ios/lote-ia-09c
    /Applications/Xcode.app/Contents/Developer/Toolchains/XcodeDefault.xctoolchain/usr/bin/clang -Xlinker -reproducible -target arm64-apple-ios26.0-simulator -dynamiclib -isysroot /Applications/Xcode.app/Contents/Developer/Platforms/iPhoneSimulator.platform/Developer/SDKs/iPhoneSimulator26.5.sdk -O0 -L/Users/vitorepf/orca/workspaces/traco-ios/lote-ia-09c/build/Build/Intermediates.noindex/EagerLinkingTBDs/Debug-iphonesimulator -L/Users/vitorepf/orca/workspaces/traco-ios/lote-ia-09c/build/Build/Products/Debug-iphonesimulator -F/Users/vitorepf/orca/workspaces/traco-ios/lote-ia-09c/build/Build/Intermediates.noindex/EagerLinkingTBDs/Debug-iphonesimulator -F/Users/vitorepf/orca/workspaces/traco-ios/lote-ia-09c/build/Build/Products/Debug-iphonesimulator -filelist /Users/vitorepf/orca/workspaces/traco-ios/lote-ia-09c/build/Build/Intermediates.noindex/Traco.build/Debug-iphonesimulator/Traco.build/Objects-normal/arm64/Traco.LinkFileList -install_name @rpath/Traco.debug.dylib -Xlinker -rpath -Xlinker @executable_path/Frameworks -Xlinker -dead_strip -Xlinker -object_path_lto -Xlinker /Users/vitorepf/orca/workspaces/traco-ios/lote-ia-09c/build/Build/Intermediates.noindex/Traco.build/Debug-iphonesimulator/Traco.build/Objects-normal/arm64/Traco_lto.o -rdynamic -Xlinker -no_deduplicate -Xlinker -objc_abi_version -Xlinker 2 -Xlinker -dependency_info -Xlinker /Users/vitorepf/orca/workspaces/traco-ios/lote-ia-09c/build/Build/Intermediates.noindex/Traco.build/Debug-iphonesimulator/Traco.build/Objects-normal/arm64/Traco_dependency_info.dat -fobjc-link-runtime -L/Applications/Xcode.app/Contents/Developer/Toolchains/XcodeDefault.xctoolchain/usr/lib/swift/iphonesimulator -L/usr/lib/swift -Xlinker -add_ast_path -Xlinker /Users/vitorepf/orca/workspaces/traco-ios/lote-ia-09c/build/Build/Intermediates.noindex/Traco.build/Debug-iphonesimulator/Traco.build/Objects-normal/arm64/Traco.swiftmodule @/Users/vitorepf/orca/workspaces/traco-ios/lote-ia-09c/build/Build/Intermediates.noindex/Traco.build/Debug-iphonesimulator/Traco.build/Objects-normal/arm64/Traco-linker-args.resp -Xlinker -alias -Xlinker _main -Xlinker ___debug_main_executable_dylib_entry_point -framework WidgetKit -Xlinker -no_adhoc_codesign -o /Users/vitorepf/orca/workspaces/traco-ios/lote-ia-09c/build/Build/Products/Debug-iphonesimulator/Traco.app/Traco.debug.dylib

ConstructStubExecutorLinkFileList /Users/vitorepf/orca/workspaces/traco-ios/lote-ia-09c/build/Build/Intermediates.noindex/Traco.build/Debug-iphonesimulator/Traco.build/Traco-ExecutorLinkFileList-normal-arm64.txt (in target 'Traco' from project 'Traco')
    cd /Users/vitorepf/orca/workspaces/traco-ios/lote-ia-09c
    construct-stub-executor-link-file-list /Users/vitorepf/orca/workspaces/traco-ios/lote-ia-09c/build/Build/Products/Debug-iphonesimulator/Traco.app/Traco.debug.dylib /Applications/Xcode.app/Contents/Developer/Platforms/iPhoneSimulator.platform/Developer/usr/lib/libPreviewsJITStubExecutor_no_swift_entry_point.a /Applications/Xcode.app/Contents/Developer/Platforms/iPhoneSimulator.platform/Developer/usr/lib/libPreviewsJITStubExecutor.a --output /Users/vitorepf/orca/workspaces/traco-ios/lote-ia-09c/build/Build/Intermediates.noindex/Traco.build/Debug-iphonesimulator/Traco.build/Traco-ExecutorLinkFileList-normal-arm64.txt
note: Using stub executor library with Swift entry point. (in target 'Traco' from project 'Traco')

Ld /Users/vitorepf/orca/workspaces/traco-ios/lote-ia-09c/build/Build/Products/Debug-iphonesimulator/Traco.app/Traco normal (in target 'Traco' from project 'Traco')
    cd /Users/vitorepf/orca/workspaces/traco-ios/lote-ia-09c
    /Applications/Xcode.app/Contents/Developer/Toolchains/XcodeDefault.xctoolchain/usr/bin/clang -Xlinker -reproducible -target arm64-apple-ios26.0-simulator -isysroot /Applications/Xcode.app/Contents/Developer/Platforms/iPhoneSimulator.platform/Developer/SDKs/iPhoneSimulator26.5.sdk -O0 -L/Users/vitorepf/orca/workspaces/traco-ios/lote-ia-09c/build/Build/Products/Debug-iphonesimulator -F/Users/vitorepf/orca/workspaces/traco-ios/lote-ia-09c/build/Build/Products/Debug-iphonesimulator -Xlinker -rpath -Xlinker @executable_path -Xlinker -rpath -Xlinker @executable_path/Frameworks -rdynamic -Xlinker -no_deduplicate -Xlinker -objc_abi_version -Xlinker 2 -e ___debug_blank_executor_main -Xlinker -sectcreate -Xlinker __TEXT -Xlinker __debug_dylib -Xlinker /Users/vitorepf/orca/workspaces/traco-ios/lote-ia-09c/build/Build/Intermediates.noindex/Traco.build/Debug-iphonesimulator/Traco.build/Traco-DebugDylibPath-normal-arm64.txt -Xlinker -sectcreate -Xlinker __TEXT -Xlinker __debug_instlnm -Xlinker /Users/vitorepf/orca/workspaces/traco-ios/lote-ia-09c/build/Build/Intermediates.noindex/Traco.build/Debug-iphonesimulator/Traco.build/Traco-DebugDylibInstallName-normal-arm64.txt -Xlinker -filelist -Xlinker /Users/vitorepf/orca/workspaces/traco-ios/lote-ia-09c/build/Build/Intermediates.noindex/Traco.build/Debug-iphonesimulator/Traco.build/Traco-ExecutorLinkFileList-normal-arm64.txt -Xlinker -sectcreate -Xlinker __TEXT -Xlinker __entitlements -Xlinker /Users/vitorepf/orca/workspaces/traco-ios/lote-ia-09c/build/Build/Intermediates.noindex/Traco.build/Debug-iphonesimulator/Traco.build/Traco.app-Simulated.xcent -Xlinker -sectcreate -Xlinker __TEXT -Xlinker __ents_der -Xlinker /Users/vitorepf/orca/workspaces/traco-ios/lote-ia-09c/build/Build/Intermediates.noindex/Traco.build/Debug-iphonesimulator/Traco.build/Traco.app-Simulated.xcent.der /Users/vitorepf/orca/workspaces/traco-ios/lote-ia-09c/build/Build/Products/Debug-iphonesimulator/Traco.app/Traco.debug.dylib -Xlinker -no_adhoc_codesign -o /Users/vitorepf/orca/workspaces/traco-ios/lote-ia-09c/build/Build/Products/Debug-iphonesimulator/Traco.app/Traco

Copy /Users/vitorepf/orca/workspaces/traco-ios/lote-ia-09c/build/Build/Products/Debug-iphonesimulator/Traco.app/PlugIns/TracoWidget.appex /Users/vitorepf/orca/workspaces/traco-ios/lote-ia-09c/build/Build/Products/Debug-iphonesimulator/TracoWidget.appex (in target 'Traco' from project 'Traco')
    cd /Users/vitorepf/orca/workspaces/traco-ios/lote-ia-09c
    builtin-copy -exclude .DS_Store -exclude CVS -exclude .svn -exclude .git -exclude .hg -exclude Headers -exclude PrivateHeaders -exclude Modules -exclude \*.tbd -resolve-src-symlinks -remove-static-executable /Users/vitorepf/orca/workspaces/traco-ios/lote-ia-09c/build/Build/Products/Debug-iphonesimulator/TracoWidget.appex /Users/vitorepf/orca/workspaces/traco-ios/lote-ia-09c/build/Build/Products/Debug-iphonesimulator/Traco.app/PlugIns

ProcessInfoPlistFile /Users/vitorepf/orca/workspaces/traco-ios/lote-ia-09c/build/Build/Products/Debug-iphonesimulator/Traco.app/Info.plist /Users/vitorepf/orca/workspaces/traco-ios/lote-ia-09c/Traco/Info-extra.plist (in target 'Traco' from project 'Traco')
    cd /Users/vitorepf/orca/workspaces/traco-ios/lote-ia-09c
    builtin-infoPlistUtility /Users/vitorepf/orca/workspaces/traco-ios/lote-ia-09c/Traco/Info-extra.plist -producttype com.apple.product-type.application -genpkginfo /Users/vitorepf/orca/workspaces/traco-ios/lote-ia-09c/build/Build/Products/Debug-iphonesimulator/Traco.app/PkgInfo -expandbuildsettings -format binary -platform iphonesimulator -additionalcontentfile /Users/vitorepf/orca/workspaces/traco-ios/lote-ia-09c/build/Build/Intermediates.noindex/Traco.build/Debug-iphonesimulator/Traco.build/assetcatalog_generated_info.plist -scanforprivacyfile /Users/vitorepf/orca/workspaces/traco-ios/lote-ia-09c/build/Build/Products/Debug-iphonesimulator/Traco.app/PlugIns/TracoWidget.appex -o /Users/vitorepf/orca/workspaces/traco-ios/lote-ia-09c/build/Build/Products/Debug-iphonesimulator/Traco.app/Info.plist

CopySwiftLibs /Users/vitorepf/orca/workspaces/traco-ios/lote-ia-09c/build/Build/Products/Debug-iphonesimulator/Traco.app (in target 'Traco' from project 'Traco')
    cd /Users/vitorepf/orca/workspaces/traco-ios/lote-ia-09c
    builtin-swiftStdLibTool --copy --verbose --sign - --scan-executable /Users/vitorepf/orca/workspaces/traco-ios/lote-ia-09c/build/Build/Products/Debug-iphonesimulator/Traco.app/Traco.debug.dylib --scan-folder /Users/vitorepf/orca/workspaces/traco-ios/lote-ia-09c/build/Build/Products/Debug-iphonesimulator/Traco.app/Frameworks --scan-folder /Users/vitorepf/orca/workspaces/traco-ios/lote-ia-09c/build/Build/Products/Debug-iphonesimulator/Traco.app/PlugIns --scan-folder /Users/vitorepf/orca/workspaces/traco-ios/lote-ia-09c/build/Build/Products/Debug-iphonesimulator/Traco.app/SystemExtensions --scan-folder /Users/vitorepf/orca/workspaces/traco-ios/lote-ia-09c/build/Build/Products/Debug-iphonesimulator/Traco.app/Extensions --scan-folder /Applications/Xcode.app/Contents/Developer/Platforms/iPhoneSimulator.platform/Developer/SDKs/iPhoneSimulator26.5.sdk/System/Library/Frameworks/WidgetKit.framework --platform iphonesimulator --toolchain /Applications/Xcode.app/Contents/Developer/Toolchains/XcodeDefault.xctoolchain --destination /Users/vitorepf/orca/workspaces/traco-ios/lote-ia-09c/build/Build/Products/Debug-iphonesimulator/Traco.app/Frameworks --strip-bitcode --strip-bitcode-tool /Applications/Xcode.app/Contents/Developer/Toolchains/XcodeDefault.xctoolchain/usr/bin/bitcode_strip --emit-dependency-info /Users/vitorepf/orca/workspaces/traco-ios/lote-ia-09c/build/Build/Intermediates.noindex/Traco.build/Debug-iphonesimulator/Traco.build/SwiftStdLibToolInputDependencies.dep --filter-for-swift-os

ExtractAppIntentsMetadata (in target 'Traco' from project 'Traco')
    cd /Users/vitorepf/orca/workspaces/traco-ios/lote-ia-09c
    /Applications/Xcode.app/Contents/Developer/Toolchains/XcodeDefault.xctoolchain/usr/bin/appintentsmetadataprocessor --toolchain-dir /Applications/Xcode.app/Contents/Developer/Toolchains/XcodeDefault.xctoolchain --module-name Traco --sdk-root /Applications/Xcode.app/Contents/Developer/Platforms/iPhoneSimulator.platform/Developer/SDKs/iPhoneSimulator26.5.sdk --xcode-version 17F113 --platform-family iOS --deployment-target 26.0 --bundle-identifier app.traco --output /Users/vitorepf/orca/workspaces/traco-ios/lote-ia-09c/build/Build/Products/Debug-iphonesimulator/Traco.app --target-triple arm64-apple-ios26.0-simulator --binary-file /Users/vitorepf/orca/workspaces/traco-ios/lote-ia-09c/build/Build/Products/Debug-iphonesimulator/Traco.app/Traco --dependency-file /Users/vitorepf/orca/workspaces/traco-ios/lote-ia-09c/build/Build/Intermediates.noindex/Traco.build/Debug-iphonesimulator/Traco.build/Objects-normal/arm64/Traco_dependency_info.dat --stringsdata-file /Users/vitorepf/orca/workspaces/traco-ios/lote-ia-09c/build/Build/Intermediates.noindex/Traco.build/Debug-iphonesimulator/Traco.build/Objects-normal/arm64/ExtractedAppShortcutsMetadata.stringsdata --source-file-list /Users/vitorepf/orca/workspaces/traco-ios/lote-ia-09c/build/Build/Intermediates.noindex/Traco.build/Debug-iphonesimulator/Traco.build/Objects-normal/arm64/Traco.SwiftFileList --metadata-file-list /Users/vitorepf/orca/workspaces/traco-ios/lote-ia-09c/build/Build/Intermediates.noindex/Traco.build/Debug-iphonesimulator/Traco.build/Traco.DependencyMetadataFileList --static-metadata-file-list /Users/vitorepf/orca/workspaces/traco-ios/lote-ia-09c/build/Build/Intermediates.noindex/Traco.build/Debug-iphonesimulator/Traco.build/Traco.DependencyStaticMetadataFileList --swift-const-vals-list /Users/vitorepf/orca/workspaces/traco-ios/lote-ia-09c/build/Build/Intermediates.noindex/Traco.build/Debug-iphonesimulator/Traco.build/Objects-normal/arm64/Traco.SwiftConstValuesFileList --compile-time-extraction --deployment-aware-processing --validate-assistant-intents --no-app-shortcuts-localization
2026-09-09 21:36:34.449 appintentsmetadataprocessor[14339:18003291] Starting appintentsmetadataprocessor export
2026-09-09 21:36:34.476 appintentsmetadataprocessor[14339:18003291] Writing Metadata.appintents
2026-09-09 21:36:34.476 appintentsmetadataprocessor[14339:18003291] Metadata root: /Users/vitorepf/orca/workspaces/traco-ios/lote-ia-09c/build/Build/Products/Debug-iphonesimulator/Traco.app/Metadata.appintents

AppIntentsSSUTraining (in target 'Traco' from project 'Traco')
    cd /Users/vitorepf/orca/workspaces/traco-ios/lote-ia-09c
    /Applications/Xcode.app/Contents/Developer/Toolchains/XcodeDefault.xctoolchain/usr/bin/appintentsnltrainingprocessor --infoplist-path /Users/vitorepf/orca/workspaces/traco-ios/lote-ia-09c/build/Build/Products/Debug-iphonesimulator/Traco.app/Info.plist --temp-dir-path /Users/vitorepf/orca/workspaces/traco-ios/lote-ia-09c/build/Build/Intermediates.noindex/Traco.build/Debug-iphonesimulator/Traco.build/ssu --bundle-id app.traco --product-path /Users/vitorepf/orca/workspaces/traco-ios/lote-ia-09c/build/Build/Products/Debug-iphonesimulator/Traco.app --extracted-metadata-path /Users/vitorepf/orca/workspaces/traco-ios/lote-ia-09c/build/Build/Products/Debug-iphonesimulator/Traco.app/Metadata.appintents --metadata-file-list /Users/vitorepf/orca/workspaces/traco-ios/lote-ia-09c/build/Build/Intermediates.noindex/Traco.build/Debug-iphonesimulator/Traco.build/Traco.DependencyMetadataFileList --source-file /Users/vitorepf/orca/workspaces/traco-ios/lote-ia-09c/build/Build/Products/Debug-iphonesimulator/Traco.app/Info.plist --archive-ssu-assets
2026-09-09 21:36:34.494 appintentsnltrainingprocessor[14340:18003297] Parsing options for appintentsnltrainingprocessor
2026-09-09 21:36:34.494 appintentsnltrainingprocessor[14340:18003297] Starting AppIntents SSU YAML Generation
2026-09-09 21:36:34.502 appintentsnltrainingprocessor[14340:18003297] Training 'Nova nota no ${+applicationName}|Escrever no ${+applicationName}' for pt
2026-09-09 21:36:34.502 appintentsnltrainingprocessor[14340:18003297] Training 'Anotar no ${+applicationName}|Anota no ${+applicationName}' for pt
2026-09-09 21:36:34.502 appintentsnltrainingprocessor[14340:18003297] Training 'Minhas notas no ${+applicationName}' for pt
2026-09-09 21:36:34.502 appintentsnltrainingprocessor[14340:18003297] Training 'Destaque de hoje no ${+applicationName}|Qual é o meu destaque no ${+applicationName}' for pt
2026-09-09 21:36:34.502 appintentsnltrainingprocessor[14340:18003297] Training 'Meu dia no ${+applicationName}|O que tenho hoje no ${+applicationName}' for pt
2026-09-09 21:36:34.502 appintentsnltrainingprocessor[14340:18003297] Training 'Linhas de sentido do ${+applicationName}' for pt
2026-09-09 21:36:34.502 appintentsnltrainingprocessor[14340:18003297] Training 'Minha semana no ${+applicationName}|Esta semana no ${+applicationName}' for pt
2026-09-09 21:36:34.502 appintentsnltrainingprocessor[14340:18003297] Training 'Minha trajetória no ${+applicationName}' for pt
2026-09-09 21:36:34.502 appintentsnltrainingprocessor[14340:18003297] Training 'Marcar no ${+applicationName}|Marcar compromisso no ${+applicationName}' for pt
2026-09-09 21:36:34.502 appintentsnltrainingprocessor[14340:18003297] Training 'Contexto do ${+applicationName}|Minhas notas como contexto no ${+applicationName}' for pt
2026-09-09 21:36:34.502 appintentsnltrainingprocessor[14340:18003297] Training Negative Phrases '' for pt
2026-09-09 21:36:34.502 appintentsnltrainingprocessor[14340:18003297] Application name 'Traço' for pt
2026-09-09 21:36:34.509 appintentsnltrainingprocessor[14340:18003297] Generated AppIntents SSU YAML files in file:///Users/vitorepf/orca/workspaces/traco-ios/lote-ia-09c/build/Build/Intermediates.noindex/Traco.build/Debug-iphonesimulator/Traco.build/ssu/
2026-09-09 21:36:34.510 appintentsnltrainingprocessor[14340:18003297] Copied AppIntents SSU YAML files to file:///Users/vitorepf/orca/workspaces/traco-ios/lote-ia-09c/build/Build/Products/Debug-iphonesimulator/Traco.app/Metadata.appintents/
Archiving all locales.
[------------------------------------------------------------] 0% archiving pt[🁢🁢🁢🁢🁢🁢🁢🁢🁢🁢🁢🁢🁢🁢🁢🁢🁢🁢🁢🁢🁢🁢🁢🁢🁢🁢🁢🁢🁢🁢🁢🁢🁢🁢🁢🁢🁢🁢🁢🁢🁢🁢🁢🁢🁢🁢🁢🁢🁢🁢🁢🁢🁢🁢🁢🁢🁢🁢🁢🁢] 100% archived pt[🁢🁢🁢🁢🁢🁢🁢🁢🁢🁢🁢🁢🁢🁢🁢🁢🁢🁢🁢🁢🁢🁢🁢🁢🁢🁢🁢🁢🁢🁢🁢🁢🁢🁢🁢🁢🁢🁢🁢🁢🁢🁢🁢🁢🁢🁢🁢🁢🁢🁢🁢🁢🁢🁢🁢🁢🁢🁢🁢🁢] 100% archived 1 locales/Users/vitorepf/orca/workspaces/traco-ios/lote-ia-09c/build/Build/Products/Debug-iphonesimulator/Traco.app/Metadata.appintents/nlu
/Users/vitorepf/orca/workspaces/traco-ios/lote-ia-09c/build/Build/Products/Debug-iphonesimulator/Traco.app/Metadata.appintents/nlu/5d5218c4b530ab736c3a4d8a84238788.version


ProcessInfoPlistFile /Users/vitorepf/orca/workspaces/traco-ios/lote-ia-09c/build/Build/Products/Debug-iphonesimulator/Traco.app/PlugIns/TracoTests.xctest/Info.plist /Users/vitorepf/orca/workspaces/traco-ios/lote-ia-09c/build/Build/Intermediates.noindex/Traco.build/Debug-iphonesimulator/TracoTests.build/empty-TracoTests.plist (in target 'TracoTests' from project 'Traco')
    cd /Users/vitorepf/orca/workspaces/traco-ios/lote-ia-09c
    builtin-infoPlistUtility /Users/vitorepf/orca/workspaces/traco-ios/lote-ia-09c/build/Build/Intermediates.noindex/Traco.build/Debug-iphonesimulator/TracoTests.build/empty-TracoTests.plist -producttype com.apple.product-type.bundle.unit-test -expandbuildsettings -format binary -platform iphonesimulator -o /Users/vitorepf/orca/workspaces/traco-ios/lote-ia-09c/build/Build/Products/Debug-iphonesimulator/Traco.app/PlugIns/TracoTests.xctest/Info.plist

CpResource /Users/vitorepf/orca/workspaces/traco-ios/lote-ia-09c/build/Build/Products/Debug-iphonesimulator/Traco.app/PlugIns/TracoTests.xctest/caderno-v5-origem.store /Users/vitorepf/orca/workspaces/traco-ios/lote-ia-09c/TracoTests/Fixtures/caderno-v5-origem.store (in target 'TracoTests' from project 'Traco')
    cd /Users/vitorepf/orca/workspaces/traco-ios/lote-ia-09c
    builtin-copy -exclude .DS_Store -exclude CVS -exclude .svn -exclude .git -exclude .hg -resolve-src-symlinks /Users/vitorepf/orca/workspaces/traco-ios/lote-ia-09c/TracoTests/Fixtures/caderno-v5-origem.store /Users/vitorepf/orca/workspaces/traco-ios/lote-ia-09c/build/Build/Products/Debug-iphonesimulator/Traco.app/PlugIns/TracoTests.xctest

CpResource /Users/vitorepf/orca/workspaces/traco-ios/lote-ia-09c/build/Build/Products/Debug-iphonesimulator/Traco.app/PlugIns/TracoTests.xctest/caderno-v4-pre08u.store /Users/vitorepf/orca/workspaces/traco-ios/lote-ia-09c/TracoTests/Fixtures/caderno-v4-pre08u.store (in target 'TracoTests' from project 'Traco')
    cd /Users/vitorepf/orca/workspaces/traco-ios/lote-ia-09c
    builtin-copy -exclude .DS_Store -exclude CVS -exclude .svn -exclude .git -exclude .hg -resolve-src-symlinks /Users/vitorepf/orca/workspaces/traco-ios/lote-ia-09c/TracoTests/Fixtures/caderno-v4-pre08u.store /Users/vitorepf/orca/workspaces/traco-ios/lote-ia-09c/build/Build/Products/Debug-iphonesimulator/Traco.app/PlugIns/TracoTests.xctest

CpResource /Users/vitorepf/orca/workspaces/traco-ios/lote-ia-09c/build/Build/Products/Debug-iphonesimulator/Traco.app/PlugIns/TracoTests.xctest/caderno-v3-degrau.store /Users/vitorepf/orca/workspaces/traco-ios/lote-ia-09c/TracoTests/Fixtures/caderno-v3-degrau.store (in target 'TracoTests' from project 'Traco')
    cd /Users/vitorepf/orca/workspaces/traco-ios/lote-ia-09c
    builtin-copy -exclude .DS_Store -exclude CVS -exclude .svn -exclude .git -exclude .hg -resolve-src-symlinks /Users/vitorepf/orca/workspaces/traco-ios/lote-ia-09c/TracoTests/Fixtures/caderno-v3-degrau.store /Users/vitorepf/orca/workspaces/traco-ios/lote-ia-09c/build/Build/Products/Debug-iphonesimulator/Traco.app/PlugIns/TracoTests.xctest

CpResource /Users/vitorepf/orca/workspaces/traco-ios/lote-ia-09c/build/Build/Products/Debug-iphonesimulator/Traco.app/PlugIns/TracoTests.xctest/caderno-v1-fea00dd.store /Users/vitorepf/orca/workspaces/traco-ios/lote-ia-09c/TracoTests/Fixtures/caderno-v1-fea00dd.store (in target 'TracoTests' from project 'Traco')
    cd /Users/vitorepf/orca/workspaces/traco-ios/lote-ia-09c
    builtin-copy -exclude .DS_Store -exclude CVS -exclude .svn -exclude .git -exclude .hg -resolve-src-symlinks /Users/vitorepf/orca/workspaces/traco-ios/lote-ia-09c/TracoTests/Fixtures/caderno-v1-fea00dd.store /Users/vitorepf/orca/workspaces/traco-ios/lote-ia-09c/build/Build/Products/Debug-iphonesimulator/Traco.app/PlugIns/TracoTests.xctest

CpResource /Users/vitorepf/orca/workspaces/traco-ios/lote-ia-09c/build/Build/Products/Debug-iphonesimulator/Traco.app/PlugIns/TracoTests.xctest/caderno-v2-bf535c5.store /Users/vitorepf/orca/workspaces/traco-ios/lote-ia-09c/TracoTests/Fixtures/caderno-v2-bf535c5.store (in target 'TracoTests' from project 'Traco')
    cd /Users/vitorepf/orca/workspaces/traco-ios/lote-ia-09c
    builtin-copy -exclude .DS_Store -exclude CVS -exclude .svn -exclude .git -exclude .hg -resolve-src-symlinks /Users/vitorepf/orca/workspaces/traco-ios/lote-ia-09c/TracoTests/Fixtures/caderno-v2-bf535c5.store /Users/vitorepf/orca/workspaces/traco-ios/lote-ia-09c/build/Build/Products/Debug-iphonesimulator/Traco.app/PlugIns/TracoTests.xctest

Ld /Users/vitorepf/orca/workspaces/traco-ios/lote-ia-09c/build/Build/Products/Debug-iphonesimulator/Traco.app/PlugIns/TracoTests.xctest/TracoTests normal (in target 'TracoTests' from project 'Traco')
    cd /Users/vitorepf/orca/workspaces/traco-ios/lote-ia-09c
    /Applications/Xcode.app/Contents/Developer/Toolchains/XcodeDefault.xctoolchain/usr/bin/clang -Xlinker -reproducible -target arm64-apple-ios26.0-simulator -bundle -isysroot /Applications/Xcode.app/Contents/Developer/Platforms/iPhoneSimulator.platform/Developer/SDKs/iPhoneSimulator26.5.sdk -O0 -L/Users/vitorepf/orca/workspaces/traco-ios/lote-ia-09c/build/Build/Intermediates.noindex/EagerLinkingTBDs/Debug-iphonesimulator -L/Users/vitorepf/orca/workspaces/traco-ios/lote-ia-09c/build/Build/Products/Debug-iphonesimulator -L/Applications/Xcode.app/Contents/Developer/Platforms/iPhoneSimulator.platform/Developer/usr/lib -F/Users/vitorepf/orca/workspaces/traco-ios/lote-ia-09c/build/Build/Intermediates.noindex/EagerLinkingTBDs/Debug-iphonesimulator -F/Users/vitorepf/orca/workspaces/traco-ios/lote-ia-09c/build/Build/Products/Debug-iphonesimulator -iframework /Applications/Xcode.app/Contents/Developer/Platforms/iPhoneSimulator.platform/Developer/Library/Frameworks -iframework /Applications/Xcode.app/Contents/Developer/Platforms/iPhoneSimulator.platform/Developer/SDKs/iPhoneSimulator26.5.sdk/Developer/Library/Frameworks -filelist /Users/vitorepf/orca/workspaces/traco-ios/lote-ia-09c/build/Build/Intermediates.noindex/Traco.build/Debug-iphonesimulator/TracoTests.build/Objects-normal/arm64/TracoTests.LinkFileList -Xlinker -rpath -Xlinker @loader_path/Frameworks -Xlinker -rpath -Xlinker @executable_path/Frameworks -Xlinker -dead_strip -bundle_loader /Users/vitorepf/orca/workspaces/traco-ios/lote-ia-09c/build/Build/Products/Debug-iphonesimulator/Traco.app/Traco -Xlinker -object_path_lto -Xlinker /Users/vitorepf/orca/workspaces/traco-ios/lote-ia-09c/build/Build/Intermediates.noindex/Traco.build/Debug-iphonesimulator/TracoTests.build/Objects-normal/arm64/TracoTests_lto.o -rdynamic -Xlinker -no_deduplicate -Xlinker -objc_abi_version -Xlinker 2 -Xlinker -dependency_info -Xlinker /Users/vitorepf/orca/workspaces/traco-ios/lote-ia-09c/build/Build/Intermediates.noindex/Traco.build/Debug-iphonesimulator/TracoTests.build/Objects-normal/arm64/TracoTests_dependency_info.dat -fobjc-link-runtime -L/Applications/Xcode.app/Contents/Developer/Toolchains/XcodeDefault.xctoolchain/usr/lib/swift/iphonesimulator -L/usr/lib/swift -Xlinker -add_ast_path -Xlinker /Users/vitorepf/orca/workspaces/traco-ios/lote-ia-09c/build/Build/Intermediates.noindex/Traco.build/Debug-iphonesimulator/TracoTests.build/Objects-normal/arm64/TracoTests.swiftmodule @/Users/vitorepf/orca/workspaces/traco-ios/lote-ia-09c/build/Build/Intermediates.noindex/Traco.build/Debug-iphonesimulator/TracoTests.build/Objects-normal/arm64/TracoTests-linker-args.resp -Xlinker -needed_framework -Xlinker XCTest -framework XCTest -Xlinker -needed-lXCTestSwiftSupport -lXCTestSwiftSupport /Users/vitorepf/orca/workspaces/traco-ios/lote-ia-09c/build/Build/Products/Debug-iphonesimulator/Traco.app/Traco.debug.dylib -Xlinker -no_adhoc_codesign -o /Users/vitorepf/orca/workspaces/traco-ios/lote-ia-09c/build/Build/Products/Debug-iphonesimulator/Traco.app/PlugIns/TracoTests.xctest/TracoTests

CpResource /Users/vitorepf/orca/workspaces/traco-ios/lote-ia-09c/build/Build/Products/Debug-iphonesimulator/Traco.app/PlugIns/TracoTests.xctest/caderno-v0-b7fbc3e.store /Users/vitorepf/orca/workspaces/traco-ios/lote-ia-09c/TracoTests/Fixtures/caderno-v0-b7fbc3e.store (in target 'TracoTests' from project 'Traco')
    cd /Users/vitorepf/orca/workspaces/traco-ios/lote-ia-09c
    builtin-copy -exclude .DS_Store -exclude CVS -exclude .svn -exclude .git -exclude .hg -resolve-src-symlinks /Users/vitorepf/orca/workspaces/traco-ios/lote-ia-09c/TracoTests/Fixtures/caderno-v0-b7fbc3e.store /Users/vitorepf/orca/workspaces/traco-ios/lote-ia-09c/build/Build/Products/Debug-iphonesimulator/Traco.app/PlugIns/TracoTests.xctest

CopySwiftLibs /Users/vitorepf/orca/workspaces/traco-ios/lote-ia-09c/build/Build/Products/Debug-iphonesimulator/Traco.app/PlugIns/TracoTests.xctest (in target 'TracoTests' from project 'Traco')
    cd /Users/vitorepf/orca/workspaces/traco-ios/lote-ia-09c
    builtin-swiftStdLibTool --copy --verbose --sign - --scan-executable /Users/vitorepf/orca/workspaces/traco-ios/lote-ia-09c/build/Build/Products/Debug-iphonesimulator/Traco.app/PlugIns/TracoTests.xctest/TracoTests --scan-folder /Users/vitorepf/orca/workspaces/traco-ios/lote-ia-09c/build/Build/Products/Debug-iphonesimulator/Traco.app/PlugIns/TracoTests.xctest/Frameworks --scan-folder /Users/vitorepf/orca/workspaces/traco-ios/lote-ia-09c/build/Build/Products/Debug-iphonesimulator/Traco.app/PlugIns/TracoTests.xctest/PlugIns --scan-folder /Users/vitorepf/orca/workspaces/traco-ios/lote-ia-09c/build/Build/Products/Debug-iphonesimulator/Traco.app/PlugIns/TracoTests.xctest/SystemExtensions --scan-folder /Users/vitorepf/orca/workspaces/traco-ios/lote-ia-09c/build/Build/Products/Debug-iphonesimulator/Traco.app/PlugIns/TracoTests.xctest/Extensions --platform iphonesimulator --toolchain /Applications/Xcode.app/Contents/Developer/Toolchains/XcodeDefault.xctoolchain --destination /Users/vitorepf/orca/workspaces/traco-ios/lote-ia-09c/build/Build/Products/Debug-iphonesimulator/Traco.app/PlugIns/TracoTests.xctest/Frameworks --strip-bitcode --scan-executable /Applications/Xcode.app/Contents/Developer/Platforms/iPhoneSimulator.platform/Developer/usr/lib/libXCTestSwiftSupport.dylib --strip-bitcode-tool /Applications/Xcode.app/Contents/Developer/Toolchains/XcodeDefault.xctoolchain/usr/bin/bitcode_strip --emit-dependency-info /Users/vitorepf/orca/workspaces/traco-ios/lote-ia-09c/build/Build/Intermediates.noindex/Traco.build/Debug-iphonesimulator/TracoTests.build/SwiftStdLibToolInputDependencies.dep --filter-for-swift-os

ExtractAppIntentsMetadata (in target 'TracoTests' from project 'Traco')
    cd /Users/vitorepf/orca/workspaces/traco-ios/lote-ia-09c
    /Applications/Xcode.app/Contents/Developer/Toolchains/XcodeDefault.xctoolchain/usr/bin/appintentsmetadataprocessor --toolchain-dir /Applications/Xcode.app/Contents/Developer/Toolchains/XcodeDefault.xctoolchain --module-name TracoTests --sdk-root /Applications/Xcode.app/Contents/Developer/Platforms/iPhoneSimulator.platform/Developer/SDKs/iPhoneSimulator26.5.sdk --xcode-version 17F113 --platform-family iOS --deployment-target 26.0 --bundle-identifier app.traco.tests --output /Users/vitorepf/orca/workspaces/traco-ios/lote-ia-09c/build/Build/Products/Debug-iphonesimulator/Traco.app/PlugIns/TracoTests.xctest --target-triple arm64-apple-ios26.0-simulator --binary-file /Users/vitorepf/orca/workspaces/traco-ios/lote-ia-09c/build/Build/Products/Debug-iphonesimulator/Traco.app/PlugIns/TracoTests.xctest/TracoTests --dependency-file /Users/vitorepf/orca/workspaces/traco-ios/lote-ia-09c/build/Build/Intermediates.noindex/Traco.build/Debug-iphonesimulator/TracoTests.build/Objects-normal/arm64/TracoTests_dependency_info.dat --stringsdata-file /Users/vitorepf/orca/workspaces/traco-ios/lote-ia-09c/build/Build/Intermediates.noindex/Traco.build/Debug-iphonesimulator/TracoTests.build/Objects-normal/arm64/ExtractedAppShortcutsMetadata.stringsdata --source-file-list /Users/vitorepf/orca/workspaces/traco-ios/lote-ia-09c/build/Build/Intermediates.noindex/Traco.build/Debug-iphonesimulator/TracoTests.build/Objects-normal/arm64/TracoTests.SwiftFileList --metadata-file-list /Users/vitorepf/orca/workspaces/traco-ios/lote-ia-09c/build/Build/Intermediates.noindex/Traco.build/Debug-iphonesimulator/TracoTests.build/TracoTests.DependencyMetadataFileList --static-metadata-file-list /Users/vitorepf/orca/workspaces/traco-ios/lote-ia-09c/build/Build/Intermediates.noindex/Traco.build/Debug-iphonesimulator/TracoTests.build/TracoTests.DependencyStaticMetadataFileList --swift-const-vals-list /Users/vitorepf/orca/workspaces/traco-ios/lote-ia-09c/build/Build/Intermediates.noindex/Traco.build/Debug-iphonesimulator/TracoTests.build/Objects-normal/arm64/TracoTests.SwiftConstValuesFileList --compile-time-extraction --deployment-aware-processing --validate-assistant-intents --no-app-shortcuts-localization
2026-09-09 21:36:34.917 appintentsmetadataprocessor[14345:18003332] Starting appintentsmetadataprocessor export
2026-09-09 21:36:34.928 appintentsmetadataprocessor[14345:18003332] Extracted no relevant App Intents symbols, skipping writing output

AppIntentsSSUTraining (in target 'TracoTests' from project 'Traco')
    cd /Users/vitorepf/orca/workspaces/traco-ios/lote-ia-09c
    /Applications/Xcode.app/Contents/Developer/Toolchains/XcodeDefault.xctoolchain/usr/bin/appintentsnltrainingprocessor --infoplist-path /Users/vitorepf/orca/workspaces/traco-ios/lote-ia-09c/build/Build/Products/Debug-iphonesimulator/Traco.app/PlugIns/TracoTests.xctest/Info.plist --temp-dir-path /Users/vitorepf/orca/workspaces/traco-ios/lote-ia-09c/build/Build/Intermediates.noindex/Traco.build/Debug-iphonesimulator/TracoTests.build/ssu --bundle-id app.traco.tests --product-path /Users/vitorepf/orca/workspaces/traco-ios/lote-ia-09c/build/Build/Products/Debug-iphonesimulator/Traco.app/PlugIns/TracoTests.xctest --extracted-metadata-path /Users/vitorepf/orca/workspaces/traco-ios/lote-ia-09c/build/Build/Products/Debug-iphonesimulator/Traco.app/PlugIns/TracoTests.xctest/Metadata.appintents --metadata-file-list /Users/vitorepf/orca/workspaces/traco-ios/lote-ia-09c/build/Build/Intermediates.noindex/Traco.build/Debug-iphonesimulator/TracoTests.build/TracoTests.DependencyMetadataFileList --source-file /Users/vitorepf/orca/workspaces/traco-ios/lote-ia-09c/build/Build/Products/Debug-iphonesimulator/Traco.app/PlugIns/TracoTests.xctest/Info.plist --archive-ssu-assets
2026-09-09 21:36:34.941 appintentsnltrainingprocessor[14346:18003335] Parsing options for appintentsnltrainingprocessor
2026-09-09 21:36:34.941 appintentsnltrainingprocessor[14346:18003335] Starting AppIntents SSU YAML Generation
2026-09-09 21:36:34.941 appintentsnltrainingprocessor[14346:18003335] No AppShortcuts found - Skipping.

CodeSign /Users/vitorepf/orca/workspaces/traco-ios/lote-ia-09c/build/Build/Products/Debug-iphonesimulator/Traco.app/PlugIns/TracoTests.xctest (in target 'TracoTests' from project 'Traco')
    cd /Users/vitorepf/orca/workspaces/traco-ios/lote-ia-09c
    
    Signing Identity:     "Sign to Run Locally"
    
    /usr/bin/codesign --force --sign - --timestamp\=none --generate-entitlement-der /Users/vitorepf/orca/workspaces/traco-ios/lote-ia-09c/build/Build/Products/Debug-iphonesimulator/Traco.app/PlugIns/TracoTests.xctest

RegisterExecutionPolicyException /Users/vitorepf/orca/workspaces/traco-ios/lote-ia-09c/build/Build/Products/Debug-iphonesimulator/Traco.app/PlugIns/TracoTests.xctest (in target 'TracoTests' from project 'Traco')
    cd /Users/vitorepf/orca/workspaces/traco-ios/lote-ia-09c
    builtin-RegisterExecutionPolicyException /Users/vitorepf/orca/workspaces/traco-ios/lote-ia-09c/build/Build/Products/Debug-iphonesimulator/Traco.app/PlugIns/TracoTests.xctest

Touch /Users/vitorepf/orca/workspaces/traco-ios/lote-ia-09c/build/Build/Products/Debug-iphonesimulator/Traco.app/PlugIns/TracoTests.xctest (in target 'TracoTests' from project 'Traco')
    cd /Users/vitorepf/orca/workspaces/traco-ios/lote-ia-09c
    /usr/bin/touch -c /Users/vitorepf/orca/workspaces/traco-ios/lote-ia-09c/build/Build/Products/Debug-iphonesimulator/Traco.app/PlugIns/TracoTests.xctest

CodeSign /Users/vitorepf/orca/workspaces/traco-ios/lote-ia-09c/build/Build/Products/Debug-iphonesimulator/Traco.app/Traco.debug.dylib (in target 'Traco' from project 'Traco')
    cd /Users/vitorepf/orca/workspaces/traco-ios/lote-ia-09c
    
    Signing Identity:     "Sign to Run Locally"
    
    /usr/bin/codesign --force --sign - --timestamp\=none --generate-entitlement-der /Users/vitorepf/orca/workspaces/traco-ios/lote-ia-09c/build/Build/Products/Debug-iphonesimulator/Traco.app/Traco.debug.dylib

CodeSign /Users/vitorepf/orca/workspaces/traco-ios/lote-ia-09c/build/Build/Products/Debug-iphonesimulator/Traco.app/__preview.dylib (in target 'Traco' from project 'Traco')
    cd /Users/vitorepf/orca/workspaces/traco-ios/lote-ia-09c
    
    Signing Identity:     "Sign to Run Locally"
    
    /usr/bin/codesign --force --sign - --timestamp\=none --generate-entitlement-der /Users/vitorepf/orca/workspaces/traco-ios/lote-ia-09c/build/Build/Products/Debug-iphonesimulator/Traco.app/__preview.dylib

CodeSign /Users/vitorepf/orca/workspaces/traco-ios/lote-ia-09c/build/Build/Products/Debug-iphonesimulator/Traco.app (in target 'Traco' from project 'Traco')
    cd /Users/vitorepf/orca/workspaces/traco-ios/lote-ia-09c
    
    Signing Identity:     "Sign to Run Locally"
    
    /usr/bin/codesign --force --sign - --entitlements /Users/vitorepf/orca/workspaces/traco-ios/lote-ia-09c/build/Build/Intermediates.noindex/Traco.build/Debug-iphonesimulator/Traco.build/Traco.app.xcent --timestamp\=none --generate-entitlement-der /Users/vitorepf/orca/workspaces/traco-ios/lote-ia-09c/build/Build/Products/Debug-iphonesimulator/Traco.app

ValidateEmbeddedBinary /Users/vitorepf/orca/workspaces/traco-ios/lote-ia-09c/build/Build/Products/Debug-iphonesimulator/Traco.app/PlugIns/TracoWidget.appex (in target 'Traco' from project 'Traco')
    cd /Users/vitorepf/orca/workspaces/traco-ios/lote-ia-09c
    /Applications/Xcode.app/Contents/Developer/usr/bin/embeddedBinaryValidationUtility /Users/vitorepf/orca/workspaces/traco-ios/lote-ia-09c/build/Build/Products/Debug-iphonesimulator/Traco.app/PlugIns/TracoWidget.appex -signing-cert - -info-plist-path /Users/vitorepf/orca/workspaces/traco-ios/lote-ia-09c/build/Build/Products/Debug-iphonesimulator/Traco.app/Info.plist

RegisterExecutionPolicyException /Users/vitorepf/orca/workspaces/traco-ios/lote-ia-09c/build/Build/Products/Debug-iphonesimulator/Traco.app (in target 'Traco' from project 'Traco')
    cd /Users/vitorepf/orca/workspaces/traco-ios/lote-ia-09c
    builtin-RegisterExecutionPolicyException /Users/vitorepf/orca/workspaces/traco-ios/lote-ia-09c/build/Build/Products/Debug-iphonesimulator/Traco.app

Validate /Users/vitorepf/orca/workspaces/traco-ios/lote-ia-09c/build/Build/Products/Debug-iphonesimulator/Traco.app (in target 'Traco' from project 'Traco')
    cd /Users/vitorepf/orca/workspaces/traco-ios/lote-ia-09c
    builtin-validationUtility /Users/vitorepf/orca/workspaces/traco-ios/lote-ia-09c/build/Build/Products/Debug-iphonesimulator/Traco.app -shallow-bundle -infoplist-subpath Info.plist

Touch /Users/vitorepf/orca/workspaces/traco-ios/lote-ia-09c/build/Build/Products/Debug-iphonesimulator/Traco.app (in target 'Traco' from project 'Traco')
    cd /Users/vitorepf/orca/workspaces/traco-ios/lote-ia-09c
    /usr/bin/touch -c /Users/vitorepf/orca/workspaces/traco-ios/lote-ia-09c/build/Build/Products/Debug-iphonesimulator/Traco.app

TRACO_PAGINA_PRONTA
2026-09-09 21:36:39.957623-0300 Traco[14421:18004023] [UIFocus] UIKeyboardLayoutStar implements focusItemsInRect: - caching for linear focus movement is limited as long as this view is on screen.
2026-09-09 21:36:40.182184-0300 Traco[14421:18004067]        CHHapticPattern.mm:487   +[CHHapticPattern patternForKey:error:]: Failed to read pattern library data: Error Domain=NSCocoaErrorDomain Code=260 "O arquivo “hapticpatternlibrary.plist” não pôde ser aberto porque tal arquivo não existe." UserInfo={NSFilePath=/Library/Audio/Tunings/Generic/Haptics/Library/hapticpatternlibrary.plist, NSURL=file:///Library/Audio/Tunings/Generic/Haptics/Library/hapticpatternlibrary.plist, NSUnderlyingError=0x1085d98f0 {Error Domain=NSPOSIXErrorDomain Code=2 "No such file or directory"}}
2026-09-09 21:36:40.182453-0300 Traco[14421:18004067] [UIKBFeedbackGenerator] <_UIKBFeedbackGenerator: 0x11823c540>: Error creating CHHapticPattern: Error Domain=NSCocoaErrorDomain Code=260 "O arquivo “hapticpatternlibrary.plist” não pôde ser aberto porque tal arquivo não existe." UserInfo={NSFilePath=/Library/Audio/Tunings/Generic/Haptics/Library/hapticpatternlibrary.plist, NSURL=file:///Library/Audio/Tunings/Generic/Haptics/Library/hapticpatternlibrary.plist, NSUnderlyingError=0x1085d98f0 {Error Domain=NSPOSIXErrorDomain Code=2 "No such file or directory"}}
2026-09-09 21:36:40.182636-0300 Traco[14421:18004067]        CHHapticPattern.mm:487   +[CHHapticPattern patternForKey:error:]: Failed to read pattern library data: Error Domain=NSCocoaErrorDomain Code=260 "O arquivo “hapticpatternlibrary.plist” não pôde ser aberto porque tal arquivo não existe." UserInfo={NSFilePath=/Library/Audio/Tunings/Generic/Haptics/Library/hapticpatternlibrary.plist, NSURL=file:///Library/Audio/Tunings/Generic/Haptics/Library/hapticpatternlibrary.plist, NSUnderlyingError=0x1085d9770 {Error Domain=NSPOSIXErrorDomain Code=2 "No such file or directory"}}
2026-09-09 21:36:40.182850-0300 Traco[14421:18004067] [UIKBFeedbackGenerator] <_UIKBFeedbackGenerator: 0x11823c540>: Error creating CHHapticPattern: Error Domain=NSCocoaErrorDomain Code=260 "O arquivo “hapticpatternlibrary.plist” não pôde ser aberto porque tal arquivo não existe." UserInfo={NSFilePath=/Library/Audio/Tunings/Generic/Haptics/Library/hapticpatternlibrary.plist, NSURL=file:///Library/Audio/Tunings/Generic/Haptics/Library/hapticpatternlibrary.plist, NSUnderlyingError=0x1085d9770 {Error Domain=NSPOSIXErrorDomain Code=2 "No such file or directory"}}
2026-09-09 21:36:40.183009-0300 Traco[14421:18004067]        CHHapticPattern.mm:487   +[CHHapticPattern patternForKey:error:]: Failed to read pattern library data: Error Domain=NSCocoaErrorDomain Code=260 "O arquivo “hapticpatternlibrary.plist” não pôde ser aberto porque tal arquivo não existe." UserInfo={NSFilePath=/Library/Audio/Tunings/Generic/Haptics/Library/hapticpatternlibrary.plist, NSURL=file:///Library/Audio/Tunings/Generic/Haptics/Library/hapticpatternlibrary.plist, NSUnderlyingError=0x1085d98f0 {Error Domain=NSPOSIXErrorDomain Code=2 "No such file or directory"}}
2026-09-09 21:36:40.183169-0300 Traco[14421:18004067] [UIKBFeedbackGenerator] <_UIKBFeedbackGenerator: 0x11823c540>: Error creating CHHapticPattern: Error Domain=NSCocoaErrorDomain Code=260 "O arquivo “hapticpatternlibrary.plist” não pôde ser aberto porque tal arquivo não existe." UserInfo={NSFilePath=/Library/Audio/Tunings/Generic/Haptics/Library/hapticpatternlibrary.plist, NSURL=file:///Library/Audio/Tunings/Generic/Haptics/Library/hapticpatternlibrary.plist, NSUnderlyingError=0x1085d98f0 {Error Domain=NSPOSIXErrorDomain Code=2 "No such file or directory"}}
2026-09-09 21:36:40.183383-0300 Traco[14421:18004067]        CHHapticPattern.mm:487   +[CHHapticPattern patternForKey:error:]: Failed to read pattern library data: Error Domain=NSCocoaErrorDomain Code=260 "O arquivo “hapticpatternlibrary.plist” não pôde ser aberto porque tal arquivo não existe." UserInfo={NSFilePath=/Library/Audio/Tunings/Generic/Haptics/Library/hapticpatternlibrary.plist, NSURL=file:///Library/Audio/Tunings/Generic/Haptics/Library/hapticpatternlibrary.plist, NSUnderlyingError=0x1085d9770 {Error Domain=NSPOSIXErrorDomain Code=2 "No such file or directory"}}
2026-09-09 21:36:40.183553-0300 Traco[14421:18004067] [UIKBFeedbackGenerator] <_UIKBFeedbackGenerator: 0x11823c540>: Error creating CHHapticPattern: Error Domain=NSCocoaErrorDomain Code=260 "O arquivo “hapticpatternlibrary.plist” não pôde ser aberto porque tal arquivo não existe." UserInfo={NSFilePath=/Library/Audio/Tunings/Generic/Haptics/Library/hapticpatternlibrary.plist, NSURL=file:///Library/Audio/Tunings/Generic/Haptics/Library/hapticpatternlibrary.plist, NSUnderlyingError=0x1085d9770 {Error Domain=NSPOSIXErrorDomain Code=2 "No such file or directory"}}
2026-09-09 21:36:40.183738-0300 Traco[14421:18004067]        CHHapticPattern.mm:487   +[CHHapticPattern patternForKey:error:]: Failed to read pattern library data: Error Domain=NSCocoaErrorDomain Code=260 "O arquivo “hapticpatternlibrary.plist” não pôde ser aberto porque tal arquivo não existe." UserInfo={NSFilePath=/Library/Audio/Tunings/Generic/Haptics/Library/hapticpatternlibrary.plist, NSURL=file:///Library/Audio/Tunings/Generic/Haptics/Library/hapticpatternlibrary.plist, NSUnderlyingError=0x1085d98f0 {Error Domain=NSPOSIXErrorDomain Code=2 "No such file or directory"}}
2026-09-09 21:36:40.183882-0300 Traco[14421:18004067] [UIKBFeedbackGenerator] <_UIKBFeedbackGenerator: 0x11823c540>: Error creating CHHapticPattern: Error Domain=NSCocoaErrorDomain Code=260 "O arquivo “hapticpatternlibrary.plist” não pôde ser aberto porque tal arquivo não existe." UserInfo={NSFilePath=/Library/Audio/Tunings/Generic/Haptics/Library/hapticpatternlibrary.plist, NSURL=file:///Library/Audio/Tunings/Generic/Haptics/Library/hapticpatternlibrary.plist, NSUnderlyingError=0x1085d98f0 {Error Domain=NSPOSIXErrorDomain Code=2 "No such file or directory"}}
2026-09-09 21:36:40.184038-0300 Traco[14421:18004067]        CHHapticPattern.mm:487   +[CHHapticPattern patternForKey:error:]: Failed to read pattern library data: Error Domain=NSCocoaErrorDomain Code=260 "O arquivo “hapticpatternlibrary.plist” não pôde ser aberto porque tal arquivo não existe." UserInfo={NSFilePath=/Library/Audio/Tunings/Generic/Haptics/Library/hapticpatternlibrary.plist, NSURL=file:///Library/Audio/Tunings/Generic/Haptics/Library/hapticpatternlibrary.plist, NSUnderlyingError=0x1085d9770 {Error Domain=NSPOSIXErrorDomain Code=2 "No such file or directory"}}
2026-09-09 21:36:40.184162-0300 Traco[14421:18004067] [UIKBFeedbackGenerator] <_UIKBFeedbackGenerator: 0x11823c540>: Error creating CHHapticPattern: Error Domain=NSCocoaErrorDomain Code=260 "O arquivo “hapticpatternlibrary.plist” não pôde ser aberto porque tal arquivo não existe." UserInfo={NSFilePath=/Library/Audio/Tunings/Generic/Haptics/Library/hapticpatternlibrary.plist, NSURL=file:///Library/Audio/Tunings/Generic/Haptics/Library/hapticpatternlibrary.plist, NSUnderlyingError=0x1085d9770 {Error Domain=NSPOSIXErrorDomain Code=2 "No such file or directory"}}
2026-09-09 21:36:40.184307-0300 Traco[14421:18004067]        CHHapticPattern.mm:487   +[CHHapticPattern patternForKey:error:]: Failed to read pattern library data: Error Domain=NSCocoaErrorDomain Code=260 "O arquivo “hapticpatternlibrary.plist” não pôde ser aberto porque tal arquivo não existe." UserInfo={NSFilePath=/Library/Audio/Tunings/Generic/Haptics/Library/hapticpatternlibrary.plist, NSURL=file:///Library/Audio/Tunings/Generic/Haptics/Library/hapticpatternlibrary.plist, NSUnderlyingError=0x1085d98f0 {Error Domain=NSPOSIXErrorDomain Code=2 "No such file or directory"}}
2026-09-09 21:36:40.184439-0300 Traco[14421:18004067] [UIKBFeedbackGenerator] <_UIKBFeedbackGenerator: 0x11823c540>: Error creating CHHapticPattern: Error Domain=NSCocoaErrorDomain Code=260 "O arquivo “hapticpatternlibrary.plist” não pôde ser aberto porque tal arquivo não existe." UserInfo={NSFilePath=/Library/Audio/Tunings/Generic/Haptics/Library/hapticpatternlibrary.plist, NSURL=file:///Library/Audio/Tunings/Generic/Haptics/Library/hapticpatternlibrary.plist, NSUnderlyingError=0x1085d98f0 {Error Domain=NSPOSIXErrorDomain Code=2 "No such file or directory"}}
2026-09-09 21:36:40.184589-0300 Traco[14421:18004067]        CHHapticPattern.mm:487   +[CHHapticPattern patternForKey:error:]: Failed to read pattern library data: Error Domain=NSCocoaErrorDomain Code=260 "O arquivo “hapticpatternlibrary.plist” não pôde ser aberto porque tal arquivo não existe." UserInfo={NSFilePath=/Library/Audio/Tunings/Generic/Haptics/Library/hapticpatternlibrary.plist, NSURL=file:///Library/Audio/Tunings/Generic/Haptics/Library/hapticpatternlibrary.plist, NSUnderlyingError=0x1085d9770 {Error Domain=NSPOSIXErrorDomain Code=2 "No such file or directory"}}
2026-09-09 21:36:40.184742-0300 Traco[14421:18004067] [UIKBFeedbackGenerator] <_UIKBFeedbackGenerator: 0x11823c540>: Error creating CHHapticPattern: Error Domain=NSCocoaErrorDomain Code=260 "O arquivo “hapticpatternlibrary.plist” não pôde ser aberto porque tal arquivo não existe." UserInfo={NSFilePath=/Library/Audio/Tunings/Generic/Haptics/Library/hapticpatternlibrary.plist, NSURL=file:///Library/Audio/Tunings/Generic/Haptics/Library/hapticpatternlibrary.plist, NSUnderlyingError=0x1085d9770 {Error Domain=NSPOSIXErrorDomain Code=2 "No such file or directory"}}
2026-09-09 21:36:40.184906-0300 Traco[14421:18004067]        CHHapticPattern.mm:487   +[CHHapticPattern patternForKey:error:]: Failed to read pattern library data: Error Domain=NSCocoaErrorDomain Code=260 "O arquivo “hapticpatternlibrary.plist” não pôde ser aberto porque tal arquivo não existe." UserInfo={NSFilePath=/Library/Audio/Tunings/Generic/Haptics/Library/hapticpatternlibrary.plist, NSURL=file:///Library/Audio/Tunings/Generic/Haptics/Library/hapticpatternlibrary.plist, NSUnderlyingError=0x1085d98f0 {Error Domain=NSPOSIXErrorDomain Code=2 "No such file or directory"}}
2026-09-09 21:36:40.185029-0300 Traco[14421:18004067] [UIKBFeedbackGenerator] <_UIKBFeedbackGenerator: 0x11823c540>: Error creating CHHapticPattern: Error Domain=NSCocoaErrorDomain Code=260 "O arquivo “hapticpatternlibrary.plist” não pôde ser aberto porque tal arquivo não existe." UserInfo={NSFilePath=/Library/Audio/Tunings/Generic/Haptics/Library/hapticpatternlibrary.plist, NSURL=file:///Library/Audio/Tunings/Generic/Haptics/Library/hapticpatternlibrary.plist, NSUnderlyingError=0x1085d98f0 {Error Domain=NSPOSIXErrorDomain Code=2 "No such file or directory"}}
2026-09-09 21:36:40.249555-0300 Traco[14421:18004023] void * _Nullable NSMapGet(NSMapTable * _Nonnull, const void * _Nullable): map table argument is NULL
2026-09-09 21:36:40.268206-0300 Traco[14421:18004064]        CHHapticPattern.mm:487   +[CHHapticPattern patternForKey:error:]: Failed to read pattern library data: Error Domain=NSCocoaErrorDomain Code=260 "O arquivo “hapticpatternlibrary.plist” não pôde ser aberto porque tal arquivo não existe." UserInfo={NSFilePath=/Library/Audio/Tunings/Generic/Haptics/Library/hapticpatternlibrary.plist, NSURL=file:///Library/Audio/Tunings/Generic/Haptics/Library/hapticpatternlibrary.plist, NSUnderlyingError=0x1085d8cf0 {Error Domain=NSPOSIXErrorDomain Code=2 "No such file or directory"}}
2026-09-09 21:36:40.268426-0300 Traco[14421:18004064] [UIKBFeedbackGenerator] <_UIKBFeedbackGenerator: 0x11823c540>: Error creating CHHapticPattern: Error Domain=NSCocoaErrorDomain Code=260 "O arquivo “hapticpatternlibrary.plist” não pôde ser aberto porque tal arquivo não existe." UserInfo={NSFilePath=/Library/Audio/Tunings/Generic/Haptics/Library/hapticpatternlibrary.plist, NSURL=file:///Library/Audio/Tunings/Generic/Haptics/Library/hapticpatternlibrary.plist, NSUnderlyingError=0x1085d8cf0 {Error Domain=NSPOSIXErrorDomain Code=2 "No such file or directory"}}
2026-09-09 21:36:40.268646-0300 Traco[14421:18004064]        CHHapticPattern.mm:487   +[CHHapticPattern patternForKey:error:]: Failed to read pattern library data: Error Domain=NSCocoaErrorDomain Code=260 "O arquivo “hapticpatternlibrary.plist” não pôde ser aberto porque tal arquivo não existe." UserInfo={NSFilePath=/Library/Audio/Tunings/Generic/Haptics/Library/hapticpatternlibrary.plist, NSURL=file:///Library/Audio/Tunings/Generic/Haptics/Library/hapticpatternlibrary.plist, NSUnderlyingError=0x1085d9620 {Error Domain=NSPOSIXErrorDomain Code=2 "No such file or directory"}}
2026-09-09 21:36:40.269263-0300 Traco[14421:18004064] [UIKBFeedbackGenerator] <_UIKBFeedbackGenerator: 0x11823c540>: Error creating CHHapticPattern: Error Domain=NSCocoaErrorDomain Code=260 "O arquivo “hapticpatternlibrary.plist” não pôde ser aberto porque tal arquivo não existe." UserInfo={NSFilePath=/Library/Audio/Tunings/Generic/Haptics/Library/hapticpatternlibrary.plist, NSURL=file:///Library/Audio/Tunings/Generic/Haptics/Library/hapticpatternlibrary.plist, NSUnderlyingError=0x1085d9620 {Error Domain=NSPOSIXErrorDomain Code=2 "No such file or directory"}}
2026-09-09 21:36:40.275916-0300 Traco[14421:18004064]        CHHapticPattern.mm:487   +[CHHapticPattern patternForKey:error:]: Failed to read pattern library data: Error Domain=NSCocoaErrorDomain Code=260 "O arquivo “hapticpatternlibrary.plist” não pôde ser aberto porque tal arquivo não existe." UserInfo={NSFilePath=/Library/Audio/Tunings/Generic/Haptics/Library/hapticpatternlibrary.plist, NSURL=file:///Library/Audio/Tunings/Generic/Haptics/Library/hapticpatternlibrary.plist, NSUnderlyingError=0x1085d8480 {Error Domain=NSPOSIXErrorDomain Code=2 "No such file or directory"}}
2026-09-09 21:36:40.276103-0300 Traco[14421:18004064] [UIKBFeedbackGenerator] <_UIKBFeedbackGenerator: 0x11823c540>: Error creating CHHapticPattern: Error Domain=NSCocoaErrorDomain Code=260 "O arquivo “hapticpatternlibrary.plist” não pôde ser aberto porque tal arquivo não existe." UserInfo={NSFilePath=/Library/Audio/Tunings/Generic/Haptics/Library/hapticpatternlibrary.plist, NSURL=file:///Library/Audio/Tunings/Generic/Haptics/Library/hapticpatternlibrary.plist, NSUnderlyingError=0x1085d8480 {Error Domain=NSPOSIXErrorDomain Code=2 "No such file or directory"}}
2026-09-09 21:36:40.276281-0300 Traco[14421:18004064]        CHHapticPattern.mm:487   +[CHHapticPattern patternForKey:error:]: Failed to read pattern library data: Error Domain=NSCocoaErrorDomain Code=260 "O arquivo “hapticpatternlibrary.plist” não pôde ser aberto porque tal arquivo não existe." UserInfo={NSFilePath=/Library/Audio/Tunings/Generic/Haptics/Library/hapticpatternlibrary.plist, NSURL=file:///Library/Audio/Tunings/Generic/Haptics/Library/hapticpatternlibrary.plist, NSUnderlyingError=0x1085d8660 {Error Domain=NSPOSIXErrorDomain Code=2 "No such file or directory"}}
2026-09-09 21:36:40.276409-0300 Traco[14421:18004064] [UIKBFeedbackGenerator] <_UIKBFeedbackGenerator: 0x11823c540>: Error creating CHHapticPattern: Error Domain=NSCocoaErrorDomain Code=260 "O arquivo “hapticpatternlibrary.plist” não pôde ser aberto porque tal arquivo não existe." UserInfo={NSFilePath=/Library/Audio/Tunings/Generic/Haptics/Library/hapticpatternlibrary.plist, NSURL=file:///Library/Audio/Tunings/Generic/Haptics/Library/hapticpatternlibrary.plist, NSUnderlyingError=0x1085d8660 {Error Domain=NSPOSIXErrorDomain Code=2 "No such file or directory"}}
2026-09-09 21:36:40.276543-0300 Traco[14421:18004064]        CHHapticPattern.mm:487   +[CHHapticPattern patternForKey:error:]: Failed to read pattern library data: Error Domain=NSCocoaErrorDomain Code=260 "O arquivo “hapticpatternlibrary.plist” não pôde ser aberto porque tal arquivo não existe." UserInfo={NSFilePath=/Library/Audio/Tunings/Generic/Haptics/Library/hapticpatternlibrary.plist, NSURL=file:///Library/Audio/Tunings/Generic/Haptics/Library/hapticpatternlibrary.plist, NSUnderlyingError=0x1085d8480 {Error Domain=NSPOSIXErrorDomain Code=2 "No such file or directory"}}
2026-09-09 21:36:40.276697-0300 Traco[14421:18004064] [UIKBFeedbackGenerator] <_UIKBFeedbackGenerator: 0x11823c540>: Error creating CHHapticPattern: Error Domain=NSCocoaErrorDomain Code=260 "O arquivo “hapticpatternlibrary.plist” não pôde ser aberto porque tal arquivo não existe." UserInfo={NSFilePath=/Library/Audio/Tunings/Generic/Haptics/Library/hapticpatternlibrary.plist, NSURL=file:///Library/Audio/Tunings/Generic/Haptics/Library/hapticpatternlibrary.plist, NSUnderlyingError=0x1085d8480 {Error Domain=NSPOSIXErrorDomain Code=2 "No such file or directory"}}
2026-09-09 21:36:40.276833-0300 Traco[14421:18004064]        CHHapticPattern.mm:487   +[CHHapticPattern patternForKey:error:]: Failed to read pattern library data: Error Domain=NSCocoaErrorDomain Code=260 "O arquivo “hapticpatternlibrary.plist” não pôde ser aberto porque tal arquivo não existe." UserInfo={NSFilePath=/Library/Audio/Tunings/Generic/Haptics/Library/hapticpatternlibrary.plist, NSURL=file:///Library/Audio/Tunings/Generic/Haptics/Library/hapticpatternlibrary.plist, NSUnderlyingError=0x1085d8660 {Error Domain=NSPOSIXErrorDomain Code=2 "No such file or directory"}}
2026-09-09 21:36:40.276931-0300 Traco[14421:18004064] [UIKBFeedbackGenerator] <_UIKBFeedbackGenerator: 0x11823c540>: Error creating CHHapticPattern: Error Domain=NSCocoaErrorDomain Code=260 "O arquivo “hapticpatternlibrary.plist” não pôde ser aberto porque tal arquivo não existe." UserInfo={NSFilePath=/Library/Audio/Tunings/Generic/Haptics/Library/hapticpatternlibrary.plist, NSURL=file:///Library/Audio/Tunings/Generic/Haptics/Library/hapticpatternlibrary.plist, NSUnderlyingError=0x1085d8660 {Error Domain=NSPOSIXErrorDomain Code=2 "No such file or directory"}}
2026-09-09 21:36:40.277048-0300 Traco[14421:18004064]        CHHapticPattern.mm:487   +[CHHapticPattern patternForKey:error:]: Failed to read pattern library data: Error Domain=NSCocoaErrorDomain Code=260 "O arquivo “hapticpatternlibrary.plist” não pôde ser aberto porque tal arquivo não existe." UserInfo={NSFilePath=/Library/Audio/Tunings/Generic/Haptics/Library/hapticpatternlibrary.plist, NSURL=file:///Library/Audio/Tunings/Generic/Haptics/Library/hapticpatternlibrary.plist, NSUnderlyingError=0x1085d8480 {Error Domain=NSPOSIXErrorDomain Code=2 "No such file or directory"}}
2026-09-09 21:36:40.277141-0300 Traco[14421:18004064] [UIKBFeedbackGenerator] <_UIKBFeedbackGenerator: 0x11823c540>: Error creating CHHapticPattern: Error Domain=NSCocoaErrorDomain Code=260 "O arquivo “hapticpatternlibrary.plist” não pôde ser aberto porque tal arquivo não existe." UserInfo={NSFilePath=/Library/Audio/Tunings/Generic/Haptics/Library/hapticpatternlibrary.plist, NSURL=file:///Library/Audio/Tunings/Generic/Haptics/Library/hapticpatternlibrary.plist, NSUnderlyingError=0x1085d8480 {Error Domain=NSPOSIXErrorDomain Code=2 "No such file or directory"}}
2026-09-09 21:36:40.277253-0300 Traco[14421:18004064]        CHHapticPattern.mm:487   +[CHHapticPattern patternForKey:error:]: Failed to read pattern library data: Error Domain=NSCocoaErrorDomain Code=260 "O arquivo “hapticpatternlibrary.plist” não pôde ser aberto porque tal arquivo não existe." UserInfo={NSFilePath=/Library/Audio/Tunings/Generic/Haptics/Library/hapticpatternlibrary.plist, NSURL=file:///Library/Audio/Tunings/Generic/Haptics/Library/hapticpatternlibrary.plist, NSUnderlyingError=0x1085d8660 {Error Domain=NSPOSIXErrorDomain Code=2 "No such file or directory"}}
2026-09-09 21:36:40.277385-0300 Traco[14421:18004064] [UIKBFeedbackGenerator] <_UIKBFeedbackGenerator: 0x11823c540>: Error creating CHHapticPattern: Error Domain=NSCocoaErrorDomain Code=260 "O arquivo “hapticpatternlibrary.plist” não pôde ser aberto porque tal arquivo não existe." UserInfo={NSFilePath=/Library/Audio/Tunings/Generic/Haptics/Library/hapticpatternlibrary.plist, NSURL=file:///Library/Audio/Tunings/Generic/Haptics/Library/hapticpatternlibrary.plist, NSUnderlyingError=0x1085d8660 {Error Domain=NSPOSIXErrorDomain Code=2 "No such file or directory"}}
2026-09-09 21:36:40.277505-0300 Traco[14421:18004064]        CHHapticPattern.mm:487   +[CHHapticPattern patternForKey:error:]: Failed to read pattern library data: Error Domain=NSCocoaErrorDomain Code=260 "O arquivo “hapticpatternlibrary.plist” não pôde ser aberto porque tal arquivo não existe." UserInfo={NSFilePath=/Library/Audio/Tunings/Generic/Haptics/Library/hapticpatternlibrary.plist, NSURL=file:///Library/Audio/Tunings/Generic/Haptics/Library/hapticpatternlibrary.plist, NSUnderlyingError=0x1085d8480 {Error Domain=NSPOSIXErrorDomain Code=2 "No such file or directory"}}
2026-09-09 21:36:40.277603-0300 Traco[14421:18004064] [UIKBFeedbackGenerator] <_UIKBFeedbackGenerator: 0x11823c540>: Error creating CHHapticPattern: Error Domain=NSCocoaErrorDomain Code=260 "O arquivo “hapticpatternlibrary.plist” não pôde ser aberto porque tal arquivo não existe." UserInfo={NSFilePath=/Library/Audio/Tunings/Generic/Haptics/Library/hapticpatternlibrary.plist, NSURL=file:///Library/Audio/Tunings/Generic/Haptics/Library/hapticpatternlibrary.plist, NSUnderlyingError=0x1085d8480 {Error Domain=NSPOSIXErrorDomain Code=2 "No such file or directory"}}
Test Suite 'All tests' started at 2026-09-09 21:36:40.393.
Test Suite 'All tests' passed at 2026-09-09 21:36:40.393.
	 Executed 0 tests, with 0 failures (0 unexpected) in 0.000 (0.000) seconds
◇ Test run started.
↳ Testing Library Version: 1902
↳ Target Platform: arm64-apple-ios13.0-simulator
◇ Suite AjusteDoExercicioTests started.
◇ Test aVersaoGuardaOPedidoQueAProduziuEOAntigoFicaSemVinculo() started.
✔ Test aVersaoGuardaOPedidoQueAProduziuEOAntigoFicaSemVinculo() passed after 0.009 seconds.
◇ Test aValidacaoRecusaVinculoQuebradoECausaQueNaoSeSustenta() started.
✔ Test aValidacaoRecusaVinculoQuebradoECausaQueNaoSeSustenta() passed after 0.005 seconds.
◇ Test umaTentativaComErroGeraExercicioDiferenteComACausaEARespostaEmBranco() started.
✔ Test umaTentativaComErroGeraExercicioDiferenteComACausaEARespostaEmBranco() passed after 0.117 seconds.
◇ Test oNucleoDoAjusteTrazTentativaLeituraCriteriosERestricoesForaDoTrechoDescartavel() started.
✔ Test oNucleoDoAjusteTrazTentativaLeituraCriteriosERestricoesForaDoTrechoDescartavel() passed after 0.001 seconds.
◇ Test aCausaQueNaoCabeDeixaOAjusteIndisponivelEPreservaOExercicio() started.
✔ Test aCausaQueNaoCabeDeixaOAjusteIndisponivelEPreservaOExercicio() passed after 0.003 seconds.
◇ Test leituraSemDivergenciaOuIndisponivelNaoGeraVersaoENemFicaCalada() started.
✔ Test leituraSemDivergenciaOuIndisponivelNaoGeraVersaoENemFicaCalada() passed after 0.007 seconds.
◇ Test aMesmaLeituraNaoGeraDuasVersoesEReabrirNaoDispara() started.
✔ Test aMesmaLeituraNaoGeraDuasVersoesEReabrirNaoDispara() passed after 0.065 seconds.
◇ Test aMesmaLeituraNaoSustentaUmSegundoAjusteNoProprioDocumento() started.
✔ Test aMesmaLeituraNaoSustentaUmSegundoAjusteNoProprioDocumento() passed after 0.001 seconds.
◇ Test editarDuranteAAdaptacaoNaoTrocaODocumentoDebaixoDaPessoa() started.
✔ Test editarDuranteAAdaptacaoNaoTrocaODocumentoDebaixoDaPessoa() passed after 0.063 seconds.
◇ Test oPedidoEscritoPeloAutorRegistraAPropriaCausa() started.
✔ Test oPedidoEscritoPeloAutorRegistraAPropriaCausa() passed after 0.001 seconds.
◇ Test aLeituraContestadaSaiDoContextoEDoNucleoMasFicaNoRegistro() started.
✔ Test aLeituraContestadaSaiDoContextoEDoNucleoMasFicaNoRegistro() passed after 0.007 seconds.
◇ Test oAjusteSeguinteNaoRepeteAInterpretacaoQueODonoCorrigiu() started.
✔ Test oAjusteSeguinteNaoRepeteAInterpretacaoQueODonoCorrigiu() passed after 0.003 seconds.
◇ Test reabrirConservaVersaoTentativaCausaEVersaoSeguinte() started.
objc[14421]: Class UIAccessibilityLoaderWebShared is implemented in both /Library/Developer/CoreSimulator/Volumes/iOS_23F77/Library/Developer/CoreSimulator/Profiles/Runtimes/iOS 26.5.simruntime/Contents/Resources/RuntimeRoot/System/Library/AccessibilityBundles/WebKit.axbundle/WebKit (0x118a78398) and /Library/Developer/CoreSimulator/Volumes/iOS_23F77/Library/Developer/CoreSimulator/Profiles/Runtimes/iOS 26.5.simruntime/Contents/Resources/RuntimeRoot/System/Library/AccessibilityBundles/WebCore.axbundle/WebCore (0x11d46c310). This may cause spurious casting failures and mysterious crashes. One of the duplicates must be removed or renamed.
✔ Test reabrirConservaVersaoTentativaCausaEVersaoSeguinte() passed after 0.024 seconds.
◇ Test falhaDeGravacaoRetryEConflitoNaoPerdemACausaNemDuplicamAVersao() started.
✔ Test falhaDeGravacaoRetryEConflitoNaoPerdemACausaNemDuplicamAVersao() passed after 0.003 seconds.
◇ Test revogarAOrigemInterrompeOAjusteEmCurso() started.
✔ Test revogarAOrigemInterrompeOAjusteEmCurso() passed after 0.011 seconds.
◇ Test aSaidaDaAdaptacaoNaoTemPorOndeEscreverATentativa() started.
✔ Test aSaidaDaAdaptacaoNaoTemPorOndeEscreverATentativa() passed after 0.001 seconds.
◇ Test aDescricaoDaMudancaPassaPelaMesmaProvaDeVazamentoEPeloTeto() started.
✔ Test aDescricaoDaMudancaPassaPelaMesmaProvaDeVazamentoEPeloTeto() passed after 0.001 seconds.
◇ Test nadaNoDocumentoGuardaDesempenhoGlobalOuAprendizagem() started.
✔ Test nadaNoDocumentoGuardaDesempenhoGlobalOuAprendizagem() passed after 0.021 seconds.
✔ Suite AjusteDoExercicioTests passed after 0.352 seconds.
◇ Suite AnaliseDeBordoTests started.
◇ Test aListaFechadaCobreTodosOsGestos() started.
✔ Test aListaFechadaCobreTodosOsGestos() passed after 0.002 seconds.
◇ Test oEsquemaTemUMAOpcaoPorMETODOMaisNenhum() started.
✔ Test oEsquemaTemUMAOpcaoPorMETODOMaisNenhum() passed after 0.001 seconds.
◇ Test osAtalhosOferecemOCatalogoInteiro() started.
✔ Test osAtalhosOferecemOCatalogoInteiro() passed after 0.001 seconds.
◇ Test oEstadoTemSempreUmaFrase() started.
✔ Test oEstadoTemSempreUmaFrase() passed after 0.009 seconds.
◇ Test aExpressivaNaoPassaPorAqui() started.
✔ Test aExpressivaNaoPassaPorAqui() passed after 0.001 seconds.
◇ Test textoVazioNaoChamaOModelo() started.
✔ Test textoVazioNaoChamaOModelo() passed after 0.001 seconds.
◇ Test oModeloDoAparelhoRoteiaUmDesejo() started.
✔ Test oModeloDoAparelhoRoteiaUmDesejo() passed after 1.750 seconds.
✔ Suite AnaliseDeBordoTests passed after 1.765 seconds.
◇ Suite MetodoDasFormasTests started.
◇ Test todaFormaTemMetodo() started.
✔ Test todaFormaTemMetodo() passed after 0.001 seconds.
◇ Test oMetodoNomeiaOMovimentoQueSePula() started.
✔ Test oMetodoNomeiaOMovimentoQueSePula() passed after 0.001 seconds.
◇ Test aInstigacaoSoAceitaPerguntas() started.
✔ Test aInstigacaoSoAceitaPerguntas() passed after 0.001 seconds.
✔ Suite MetodoDasFormasTests passed after 0.001 seconds.
◇ Suite LeituraDaCalibragemTests started.
◇ Test aPerguntaComCitacaoLiteralPassa() started.
✔ Test aPerguntaComCitacaoLiteralPassa() passed after 0.001 seconds.
◇ Test aCitacaoInventadaEDescartada() started.
✔ Test aCitacaoInventadaEDescartada() passed after 0.001 seconds.
◇ Test perguntaECitacaoChegamInteirasOuSaoRecusadas() started.
✔ Test perguntaECitacaoChegamInteirasOuSaoRecusadas() passed after 0.001 seconds.
◇ Test vereditoNaoPassa() started.
✔ Test vereditoNaoPassa() passed after 0.001 seconds.
◇ Test semJsonNadaPassa() started.
✔ Test semJsonNadaPassa() passed after 0.001 seconds.
◇ Test umParSoNaoEPadrao() started.
✔ Test umParSoNaoEPadrao() passed after 0.001 seconds.
◇ Test oTetoDeTresSegura() started.
✔ Test oTetoDeTresSegura() passed after 0.001 seconds.
✔ Suite LeituraDaCalibragemTests passed after 0.001 seconds.
◇ Suite PortaoDosModelosTests started.
◇ Test naSuiteOsModelosEstaoDesligados() started.
✔ Test naSuiteOsModelosEstaoDesligados() passed after 0.001 seconds.
◇ Test oClienteNaoChamaComOPortaoFechado() started.
✔ Test oClienteNaoChamaComOPortaoFechado() passed after 0.001 seconds.
◇ Test oMotorDoAparelhoRespeitaOPortao() started.
✔ Test oMotorDoAparelhoRespeitaOPortao() passed after 0.001 seconds.
✔ Suite PortaoDosModelosTests passed after 0.001 seconds.
◇ Suite AvisoEDoAlgoritmoTests started.
◇ Test avisoRemotoEIgnorado() started.
✔ Test avisoRemotoEIgnorado() passed after 0.001 seconds.
◇ Test avisoLocalVenceGestoRemoto() started.
✔ Test avisoLocalVenceGestoRemoto() passed after 0.001 seconds.
✔ Suite AvisoEDoAlgoritmoTests passed after 0.001 seconds.
◇ Suite AnaliseLocalTests started.
◇ Test paginaVaziaESilencio() started.
✔ Test paginaVaziaESilencio() passed after 0.001 seconds.
◇ Test woopPeloDesejo() started.
✔ Test woopPeloDesejo() passed after 0.002 seconds.
◇ Test woodNaoAbreForma() started.
✔ Test woodNaoAbreForma() passed after 0.001 seconds.
◇ Test banalESilencio() started.
✔ Test banalESilencio() passed after 0.005 seconds.
◇ Test oettingenAvisoPlanoSemObstaculo() started.
✔ Test oettingenAvisoPlanoSemObstaculo() passed after 0.001 seconds.
◇ Test oettingenNaoRoubaWOOP() started.
✔ Test oettingenNaoRoubaWOOP() passed after 0.001 seconds.
◇ Test fraseProntaAviso() started.
✔ Test fraseProntaAviso() passed after 0.001 seconds.
◇ Test pedidoDiretoDeTextoContinuaAvisandoNestaSuperficie() started.
✔ Test pedidoDiretoDeTextoContinuaAvisandoNestaSuperficie() passed after 0.001 seconds.
◇ Test relatoCitacaoObjetivoENegacaoNaoSaoPedidosDeTextoAIA() started.
✔ Test relatoCitacaoObjetivoENegacaoNaoSaoPedidosDeTextoAIA() passed after 0.010 seconds.
◇ Test corrigirFalsoAvisoNaoLiberaReescritaDeExpressivaNemFormaSobreDesabafo() started.
✔ Test corrigirFalsoAvisoNaoLiberaReescritaDeExpressivaNemFormaSobreDesabafo() passed after 0.001 seconds.
◇ Test ouvinteAviso() started.
✔ Test ouvinteAviso() passed after 0.001 seconds.
◇ Test desabafoLongoEExpressiva() started.
✔ Test desabafoLongoEExpressiva() passed after 0.001 seconds.
◇ Test mesmaFormaESilencio() started.
✔ Test mesmaFormaESilencio() passed after 0.001 seconds.
◇ Test cercaNaoAbreWOOP() started.
✔ Test cercaNaoAbreWOOP() passed after 0.001 seconds.
◇ Test doisGestosAvisom() started.
✔ Test doisGestosAvisom() passed after 0.001 seconds.
✔ Suite AnaliseLocalTests passed after 0.029 seconds.
◇ Suite "O aviso não alega eficácia" started.
◇ Test nenhumAvisoAlegaEficacia() started.
✔ Test nenhumAvisoAlegaEficacia() passed after 0.001 seconds.
◇ Test oAvisoDaAfirmacaoDizOQueOEstudoMediu() started.
✔ Test oAvisoDaAfirmacaoDizOQueOEstudoMediu() passed after 0.001 seconds.
◇ Test oAvisoTemProveniencia() started.
✔ Test oAvisoTemProveniencia() passed after 0.001 seconds.
◇ Test oAvisoDoPlanoUsaAProvenienciaDoCatalogo() started.
✔ Test oAvisoDoPlanoUsaAProvenienciaDoCatalogo() passed after 0.001 seconds.
◇ Test avisoSemFonteNaoInventaUma() started.
✔ Test avisoSemFonteNaoInventaUma() passed after 0.001 seconds.
✔ Suite "O aviso não alega eficácia" passed after 0.001 seconds.
◇ Suite PadroesLocalTests started.
◇ Test vazioNaoInventa() started.
✔ Test vazioNaoInventa() passed after 0.001 seconds.
◇ Test citaFragmentoLiteral() started.
✔ Test citaFragmentoLiteral() passed after 0.001 seconds.
◇ Test nuncaDiagnostica() started.
✔ Test nuncaDiagnostica() passed after 0.001 seconds.
✔ Suite PadroesLocalTests passed after 0.001 seconds.
◇ Suite VozDoAutorTests started.
◇ Test labelsNaoEntramNaVoz() started.
✔ Test labelsNaoEntramNaVoz() passed after 0.001 seconds.
◇ Test truncaEmPalavra() started.
✔ Test truncaEmPalavra() passed after 0.001 seconds.
◇ Test tituloNaoMostraFonte() started.
✔ Test tituloNaoMostraFonte() passed after 0.001 seconds.
✔ Suite VozDoAutorTests passed after 0.001 seconds.
◇ Suite "Aviso do compromisso" started.
◇ Test "a lista é fechada e tem nome em português" started.
✔ Test "a lista é fechada e tem nome em português" passed after 0.001 seconds.
◇ Test "a antecedência recua a hora real do alarme" started.
✔ Test "a antecedência recua a hora real do alarme" passed after 0.004 seconds.
◇ Test "dia inteiro cobra na âncora da manhã, nunca à meia-noite" started.
✔ Test "dia inteiro cobra na âncora da manhã, nunca à meia-noite" passed after 0.001 seconds.
◇ Test "aviso que cai na véspera anda com o dia da semana" started.
✔ Test "aviso que cai na véspera anda com o dia da semana" passed after 0.001 seconds.
◇ Test "a promessa é dita em unidade do mundo do autor" started.
✔ Test "a promessa é dita em unidade do mundo do autor" passed after 0.001 seconds.
◇ Test "série diz os dias em que o alarme realmente toca" started.
✔ Test "série diz os dias em que o alarme realmente toca" passed after 0.001 seconds.
◇ Test "o disco guarda o silêncio que o autor pediu" started.
✔ Test "o disco guarda o silêncio que o autor pediu" passed after 0.001 seconds.
◇ Test "arquivo gravado antes da ADR 04a continua avisando na hora" started.
✔ Test "arquivo gravado antes da ADR 04a continua avisando na hora" passed after 0.001 seconds.
✔ Suite "Aviso do compromisso" passed after 0.007 seconds.
◇ Suite "Próximo compromisso" started.
◇ Test "o que já acabou não é o próximo" started.
✔ Test "o que já acabou não é o próximo" passed after 0.002 seconds.
◇ Test "deixa de nota não vai à tela bloqueada; o compromisso vai" started.
✔ Test "deixa de nota não vai à tela bloqueada; o compromisso vai" passed after 0.001 seconds.
✔ Suite "Próximo compromisso" passed after 0.004 seconds.
◇ Suite "A escada não engole o aviso" started.
◇ Test "silêncio do modelo devolve a palavra ao algoritmo" started.
✔ Test "silêncio do modelo devolve a palavra ao algoritmo" passed after 0.001 seconds.
◇ Test "forma do modelo manda, porque rotear é o papel dele" started.
✔ Test "forma do modelo manda, porque rotear é o papel dele" passed after 0.001 seconds.
◇ Test "silêncio dos dois continua silêncio" started.
✔ Test "silêncio dos dois continua silêncio" passed after 0.001 seconds.
✔ Suite "A escada não engole o aviso" passed after 0.001 seconds.
◇ Suite "O espelho não reescreve o igual" started.
◇ Test "igual não escreve; diferente escreve" started.
✔ Test "igual não escreve; diferente escreve" passed after 0.001 seconds.
◇ Test "o selo continua reescrevendo, porque o conteúdo muda" started.
✔ Test "o selo continua reescrevendo, porque o conteúdo muda" passed after 0.006 seconds.
✔ Suite "O espelho não reescreve o igual" passed after 0.010 seconds.
◇ Suite "Modo férias" started.
◇ Test "desligado, todo dia cobra" started.
✔ Test "desligado, todo dia cobra" passed after 0.001 seconds.
◇ Test "com data, cala até o último dia — e o dia seguinte cobra" started.
✔ Test "com data, cala até o último dia — e o dia seguinte cobra" passed after 0.001 seconds.
◇ Test "expira sozinho: ninguém precisa lembrar de desligar" started.
✔ Test "expira sozinho: ninguém precisa lembrar de desligar" passed after 0.001 seconds.
◇ Test "sem data, cala até o autor desligar" started.
✔ Test "sem data, cala até o autor desligar" passed after 0.001 seconds.
◇ Test "feriado só cala quando o autor liga — e 7 de setembro é feriado" started.
✔ Test "feriado só cala quando o autor liga — e 7 de setembro é feriado" passed after 0.002 seconds.
◇ Test "a série da expressiva não morre: espera o primeiro dia que cobra" started.
✔ Test "a série da expressiva não morre: espera o primeiro dia que cobra" passed after 0.001 seconds.
◇ Test "a frase do Perfil diz a verdade em cada estado" started.
✔ Test "a frase do Perfil diz a verdade em cada estado" passed after 0.002 seconds.
✔ Suite "Modo férias" passed after 0.013 seconds.
◇ Suite "O botão da tela bloqueada" started.
◇ Test "o lembrete atravessa o App Group" started.
✔ Test "o lembrete atravessa o App Group" passed after 0.001 seconds.
◇ Test "lembrete que já passou não fica na tela" started.
✔ Test "lembrete que já passou não fica na tela" passed after 0.001 seconds.
◇ Test "sem permissão o botão NÃO promete lembrete nenhum" started.
✔ Test "sem permissão o botão NÃO promete lembrete nenhum" passed after 0.002 seconds.
◇ Test "sem compromisso o botão não faz nada, e não quebra" started.
✔ Test "sem compromisso o botão não faz nada, e não quebra" passed after 0.001 seconds.
✔ Suite "O botão da tela bloqueada" passed after 0.006 seconds.
◇ Suite BuracosFuncionaisTests started.
◇ Test oAvisoDoCompromissoTemNamespaceProprio() started.
✔ Test oAvisoDoCompromissoTemNamespaceProprio() passed after 0.001 seconds.
◇ Test devolverODominioRefazAInferencia() started.
✔ Test devolverODominioRefazAInferencia() passed after 0.006 seconds.
◇ Test apagarOAnexoTiraOMarcadorDoTexto() started.
✔ Test apagarOAnexoTiraOMarcadorDoTexto() passed after 0.001 seconds.
◇ Test adiarNaoMexeNaEscada() started.
✔ Test adiarNaoMexeNaEscada() passed after 0.002 seconds.
◇ Test cobrarAntesZeraEAdiarNao() started.
✔ Test cobrarAntesZeraEAdiarNao() passed after 0.003 seconds.
◇ Test pularNaoSobeODegrau() started.
✔ Test pularNaoSobeODegrau() passed after 0.002 seconds.
◇ Test aSerieVivaEReconhecidaParaRearmar() started.
✔ Test aSerieVivaEReconhecidaParaRearmar() passed after 0.001 seconds.
◇ Test oProximoDiaDaSerieEAmanhaDeManha() started.
✔ Test oProximoDiaDaSerieEAmanhaDeManha() passed after 0.001 seconds.
✔ Suite BuracosFuncionaisTests passed after 0.015 seconds.
◇ Suite FerramentasNovasTests started.
◇ Test aLigacaoEmVooSeReconhece() started.
✔ Test aLigacaoEmVooSeReconhece() passed after 0.001 seconds.
◇ Test asSugestoesPriorizamOComecoEOTituloCurto() started.
✔ Test asSugestoesPriorizamOComecoEOTituloCurto() passed after 0.001 seconds.
◇ Test semAcentoENemCaixaAConsultaCasa() started.
✔ Test semAcentoENemCaixaAConsultaCasa() passed after 0.001 seconds.
◇ Test completarFechaOsColchetes() started.
✔ Test completarFechaOsColchetes() passed after 0.001 seconds.
◇ Test ordenarPorRecordadaUsaAContagemEDesempataPorData() started.
✔ Test ordenarPorRecordadaUsaAContagemEDesempataPorData() passed after 0.002 seconds.
◇ Test todasAsOrdensTemNome() started.
✔ Test todasAsOrdensTemNome() passed after 0.001 seconds.
◇ Test oIntentDeMarcarUsaOMesmoParserDoCampo() started.
✔ Test oIntentDeMarcarUsaOMesmoParserDoCampo() passed after 0.001 seconds.
✔ Suite FerramentasNovasTests passed after 0.004 seconds.
◇ Suite DitadoTests started.
◇ Test alternarLigaEDesliga() started.
✔ Test alternarLigaEDesliga() passed after 0.001 seconds.
◇ Test oParcialChegaNoCampo() started.
✔ Test oParcialChegaNoCampo() passed after 0.001 seconds.
◇ Test paradoNaoRecebeMais() started.
✔ Test paradoNaoRecebeMais() passed after 0.001 seconds.
◇ Test oQueSeDitaViraCompromisso() started.
✔ Test oQueSeDitaViraCompromisso() passed after 0.001 seconds.
✔ Suite DitadoTests passed after 0.002 seconds.
◇ Suite PerguntaEFormaTests started.
◇ Test aPerguntaSobreviveAoGestoEncontrado() started.
✔ Test aPerguntaSobreviveAoGestoEncontrado() passed after 0.001 seconds.
◇ Test naExpressivaNaoHaPergunta() started.
✔ Test naExpressivaNaoHaPergunta() passed after 0.001 seconds.
✔ Suite PerguntaEFormaTests passed after 0.001 seconds.
◇ Suite SabiaLeOLigadoTests started.
◇ Test aNotaLigadaVaiJuntoDaPergunta() started.
✔ Test aNotaLigadaVaiJuntoDaPergunta() passed after 0.001 seconds.
◇ Test aTrancadaNaoViajaNemLigada() started.
✔ Test aTrancadaNaoViajaNemLigada() passed after 0.001 seconds.
◇ Test aExpressivaNaoViajaNemLigada() started.
✔ Test aExpressivaNaoViajaNemLigada() passed after 0.001 seconds.
◇ Test semLigacaoNadaViaja() started.
✔ Test semLigacaoNadaViaja() passed after 0.001 seconds.
◇ Test oTetoSegura() started.
✔ Test oTetoSegura() passed after 0.001 seconds.
✔ Suite SabiaLeOLigadoTests passed after 0.007 seconds.
◇ Suite CadernoAntigoAbreTests started.
◇ Test oPortaoTemUmCadernoPorVersao() started.
✔ Test oPortaoTemUmCadernoPorVersao() passed after 0.001 seconds.
◇ Test cadernoGravadoPorBuildAntigoAbreComAsNotas(caderno:) started.
◇ Test case passing 1 argument caderno → caderno-v0-b7fbc3e to cadernoGravadoPorBuildAntigoAbreComAsNotas(caderno:) started.
​◇ Test case passing 1 argument caderno → caderno-v1-fea00dd to cadernoGravadoPorBuildAntigoAbreComAsNotas(caderno:) started.
​◇ Test case passing 1 argument caderno → caderno-v2-bf535c5 to cadernoGravadoPorBuildAntigoAbreComAsNotas(caderno:) started.
​◇ Test case passing 1 argument caderno → caderno-v3-degrau to cadernoGravadoPorBuildAntigoAbreComAsNotas(caderno:) started.
​◇ Test case passing 1 argument caderno → caderno-v4-pre08u to cadernoGravadoPorBuildAntigoAbreComAsNotas(caderno:) started.
​◇ Test case passing 1 argument caderno → caderno-v5-origem to cadernoGravadoPorBuildAntigoAbreComAsNotas(caderno:) started.
​✔ Test cadernoGravadoPorBuildAntigoAbreComAsNotas(caderno:) with 6 test cases passed after 0.604 seconds.
✔ Suite CadernoAntigoAbreTests passed after 0.605 seconds.
◇ Suite GerarCadernoCongelado started.
◇ Test gravaEReleOCadernoDaVersaoCorrente() started.
CADERNO-CONGELADO em /Users/vitorepf/Library/Developer/CoreSimulator/Devices/34CC3F94-FDB5-4575-A4F5-80271829A18B/data/Containers/Data/Application/9FDDDF96-66BC-490E-AAFC-EE23511656AA/Documents/caderno-congelado/default.store
✔ Test gravaEReleOCadernoDaVersaoCorrente() passed after 0.010 seconds.
✔ Suite GerarCadernoCongelado passed after 0.010 seconds.
◇ Suite CadernoDiagnostico started.
◇ Test casosMinimos() started.
=== reparse-muda: 0 casos mínimos ===
=== aplicar-identico-muda: 0 casos mínimos ===
=== conteudo-vira-vazio: 1 casos mínimos ===
   ":::"
     prosa   → ""
     visivel → ""
     blocos  → ["paragrafo"]
=== FIM MINIMOS ===
✔ Test casosMinimos() passed after 0.313 seconds.
✔ Suite CadernoDiagnostico passed after 0.313 seconds.
◇ Suite CadernoFuzzTests started.
◇ Test prosaNuncaCarregaMobiliario() started.
✔ Test prosaNuncaCarregaMobiliario() passed after 0.017 seconds.
◇ Test visivelNuncaCarregaMobiliario() started.
✔ Test visivelNuncaCarregaMobiliario() passed after 0.016 seconds.
◇ Test fatiarEEstavel() started.
✔ Test fatiarEEstavel() passed after 0.023 seconds.
◇ Test serializarERedondo() started.
✔ Test serializarERedondo() passed after 0.011 seconds.
◇ Test aplicarIdenticoNaoMexe() started.
✔ Test aplicarIdenticoNaoMexe() passed after 0.019 seconds.
◇ Test aVozNaoSePerde() started.
✔ Test aVozNaoSePerde() passed after 0.012 seconds.
◇ Test portaoDaEdicaoCruaNuncaDeixaPassarMarca() started.
✔ Test portaoDaEdicaoCruaNuncaDeixaPassarMarca() passed after 0.010 seconds.
◇ Test fatiarSempreDevolveAlgo() started.
✔ Test fatiarSempreDevolveAlgo() passed after 0.014 seconds.
◇ Test vestirQualquerFormaSobreQualquerTexto() started.
✔ Test vestirQualquerFormaSobreQualquerTexto() passed after 0.007 seconds.
◇ Test crlfNaoViraLixoVisivel() started.
✔ Test crlfNaoViraLixoVisivel() passed after 0.006 seconds.
◇ Test documentoGrandeFatiaRapido() started.
✔ Test documentoGrandeFatiaRapido() passed after 0.007 seconds.
✔ Suite CadernoFuzzTests passed after 0.149 seconds.
​➜ Suite CadernoHitchesTests skipped.
​​➜ Test digitacaoERolagemNoCaderno() skipped.
​◇ Suite CadernoTests started.
◇ Test codigoViraPortalENaoEntraNaVoz() started.
✔ Test codigoViraPortalENaoEntraNaVoz() passed after 0.001 seconds.
◇ Test editarCodigoMantemLetrasSemCerca() started.
✔ Test editarCodigoMantemLetrasSemCerca() passed after 0.001 seconds.
◇ Test terminalVisivelNaoTemCerca() started.
✔ Test terminalVisivelNaoTemCerca() passed after 0.001 seconds.
◇ Test epigrafeVisivelNaoTemCerca() started.
✔ Test epigrafeVisivelNaoTemCerca() passed after 0.001 seconds.
◇ Test cenaVisivelNaoTemCerca() started.
✔ Test cenaVisivelNaoTemCerca() passed after 0.001 seconds.
◇ Test formulaVisivelNaoTemCerca() started.
✔ Test formulaVisivelNaoTemCerca() passed after 0.001 seconds.
◇ Test imagemAudioVideoSaoPortais() started.
✔ Test imagemAudioVideoSaoPortais() passed after 0.001 seconds.
◇ Test tituloListaCitacao() started.
✔ Test tituloListaCitacao() passed after 0.001 seconds.
◇ Test citacaoVisivelNaoTemMaior() started.
✔ Test citacaoVisivelNaoTemMaior() passed after 0.001 seconds.
◇ Test tabelaETarefaFicamVisuaisENaVoz() started.
✔ Test tabelaETarefaFicamVisuaisENaVoz() passed after 0.001 seconds.
◇ Test serializarNaoMostraMarcacaoNoTextoVisivel() started.
✔ Test serializarNaoMostraMarcacaoNoTextoVisivel() passed after 0.001 seconds.
◇ Test recipienteNaoVazaMarcacao() started.
✔ Test recipienteNaoVazaMarcacao() passed after 0.001 seconds.
◇ Test recipienteAbertoNaoVazaMarcacao() started.
✔ Test recipienteAbertoNaoVazaMarcacao() passed after 0.001 seconds.
◇ Test editarRecipienteMantemFormaEEscondeFonte() started.
✔ Test editarRecipienteMantemFormaEEscondeFonte() passed after 0.003 seconds.
◇ Test paginaUnaETituloOuProsa() started.
✔ Test paginaUnaETituloOuProsa() passed after 0.001 seconds.
◇ Test caixaNascenteViraTarefaSemMarca() started.
✔ Test caixaNascenteViraTarefaSemMarca() passed after 0.001 seconds.
◇ Test saiDaProsaEditaAFiguraNova() started.
✔ Test saiDaProsaEditaAFiguraNova() passed after 0.001 seconds.
◇ Test hashSemEspacoViraTituloSemMarca() started.
✔ Test hashSemEspacoViraTituloSemMarca() passed after 0.001 seconds.
◇ Test tabelaVisivelNaoTemPipe() started.
✔ Test tabelaVisivelNaoTemPipe() passed after 0.001 seconds.
◇ Test tituloVazioNaoVazaMarcacao() started.
✔ Test tituloVazioNaoVazaMarcacao() passed after 0.001 seconds.
◇ Test seccaoVisivelNaoTemHash() started.
✔ Test seccaoVisivelNaoTemHash() passed after 0.001 seconds.
◇ Test buscaDoMenuCobreAsFormasDaRegua() started.
✔ Test buscaDoMenuCobreAsFormasDaRegua() passed after 0.001 seconds.
◇ Test espacoACaudaSobreviveAoReparse() started.
✔ Test espacoACaudaSobreviveAoReparse() passed after 0.001 seconds.
◇ Test enterNoTituloDesceParaOCorpo() started.
✔ Test enterNoTituloDesceParaOCorpo() passed after 0.001 seconds.
◇ Test reguaEnxutaCatalogoVasto() started.
✔ Test reguaEnxutaCatalogoVasto() passed after 0.001 seconds.
◇ Test menuDoCatalogoCobreAs136SemMarca() started.
✔ Test menuDoCatalogoCobreAs136SemMarca() passed after 0.001 seconds.
◇ Test menuNasceFormaForaDaReguaVaziaSemProsaDaIA() started.
✔ Test menuNasceFormaForaDaReguaVaziaSemProsaDaIA() passed after 0.001 seconds.
◇ Test idDaFatiaNaoReshuffleAoEditar() started.
✔ Test idDaFatiaNaoReshuffleAoEditar() passed after 0.001 seconds.
◇ Test pipeSozinhoNaoFicaNaPagina() started.
✔ Test pipeSozinhoNaoFicaNaPagina() passed after 0.001 seconds.
◇ Test pipeSemSeparadorViraTabelaSemMarca() started.
✔ Test pipeSemSeparadorViraTabelaSemMarca() passed after 0.001 seconds.
◇ Test separadorPipeNaoFicaNaPagina() started.
✔ Test separadorPipeNaoFicaNaPagina() passed after 0.001 seconds.
◇ Test cercaVaziaNaoFicaNaPagina() started.
✔ Test cercaVaziaNaoFicaNaPagina() passed after 0.001 seconds.
◇ Test pdfViraArquivoSemMarca() started.
✔ Test pdfViraArquivoSemMarca() passed after 0.001 seconds.
◇ Test divisoriaVisivelNaoTemTraco() started.
✔ Test divisoriaVisivelNaoTemTraco() passed after 0.001 seconds.
◇ Test superficieEscondeMarcas() started.
✔ Test superficieEscondeMarcas() passed after 0.001 seconds.
◇ Test cercaAbertaViraPortalSemMarca() started.
✔ Test cercaAbertaViraPortalSemMarca() passed after 0.001 seconds.
✔ Suite CadernoTests passed after 0.019 seconds.
◇ Suite SintaxeTests started.
◇ Test jsonPintaChaveEValor() started.
✔ Test jsonPintaChaveEValor() passed after 0.001 seconds.
◇ Test swiftPintaKeywordTipoEFuncao() started.
✔ Test swiftPintaKeywordTipoEFuncao() passed after 0.001 seconds.
◇ Test comentarioNaoEKeyword() started.
✔ Test comentarioNaoEKeyword() passed after 0.001 seconds.
◇ Test pythonHashEComentario() started.
✔ Test pythonHashEComentario() passed after 0.003 seconds.
◇ Test memoDevolveOMesmoResultadoDoParser() started.
✔ Test memoDevolveOMesmoResultadoDoParser() passed after 0.001 seconds.
✔ Suite SintaxeTests passed after 0.004 seconds.
◇ Suite DesempenhoParserTests started.
◇ Test dezMilPalavrasCabemNumFrame() started.
✔ Test dezMilPalavrasCabemNumFrame() passed after 0.285 seconds.
✔ Suite DesempenhoParserTests passed after 0.285 seconds.
◇ Suite DigitacaoDeListaTests started.
◇ Test enterContinuaListaNumerada() started.
✔ Test enterContinuaListaNumerada() passed after 0.001 seconds.
◇ Test enterContinuaListaSimplesETarefa() started.
✔ Test enterContinuaListaSimplesETarefa() passed after 0.001 seconds.
◇ Test enterEmItemVazioSaiDaLista() started.
✔ Test enterEmItemVazioSaiDaLista() passed after 0.001 seconds.
◇ Test mudancaQueNaoEEnterNaoMexe() started.
✔ Test mudancaQueNaoEEnterNaoMexe() passed after 0.001 seconds.
◇ Test enterNoMeioDoTextoTambemContinua() started.
✔ Test enterNoMeioDoTextoTambemContinua() passed after 0.001 seconds.
◇ Test numeroSoltoJaEItem() started.
✔ Test numeroSoltoJaEItem() passed after 0.001 seconds.
◇ Test serializacaoRenumeraLimpo() started.
✔ Test serializacaoRenumeraLimpo() passed after 0.001 seconds.
◇ Test vestirNuncaPerdePalavraDoAutor() started.
✔ Test vestirNuncaPerdePalavraDoAutor() passed after 0.001 seconds.
◇ Test vestirDaTituloEListaAoTextoCru() started.
✔ Test vestirDaTituloEListaAoTextoCru() passed after 0.001 seconds.
◇ Test vestirDaSecaoAUmaSegundaLinhaSolta() started.
✔ Test vestirDaSecaoAUmaSegundaLinhaSolta() passed after 0.001 seconds.
◇ Test vestirEhIdempotente() started.
✔ Test vestirEhIdempotente() passed after 0.001 seconds.
◇ Test vestirNaoTocaFormaQueOAutorJaFez() started.
✔ Test vestirNaoTocaFormaQueOAutorJaFez() passed after 0.001 seconds.
◇ Test vestirNaoTitulaProsaLonga() started.
✔ Test vestirNaoTitulaProsaLonga() passed after 0.001 seconds.
✔ Suite DigitacaoDeListaTests passed after 0.002 seconds.
◇ Suite CalendarioEscalaTests started.
◇ Test abaCalendarioEstaNaBarra() started.
✔ Test abaCalendarioEstaNaBarra() passed after 0.001 seconds.
◇ Test titulosEmPortugues() started.
✔ Test titulosEmPortugues() passed after 0.001 seconds.
◇ Test letrasDaSemanaSeguemOPrimeiroDia() started.
✔ Test letrasDaSemanaSeguemOPrimeiroDia() passed after 0.001 seconds.
◇ Test semanaContemAAncoraENaoSalta() started.
✔ Test semanaContemAAncoraENaoSalta() passed after 0.004 seconds.
◇ Test grelhaDoMesTem42CelulasEOdiaVinte() started.
✔ Test grelhaDoMesTem42CelulasEOdiaVinte() passed after 0.001 seconds.
◇ Test anoTemDozeMeses() started.
✔ Test anoTemDozeMeses() passed after 0.001 seconds.
◇ Test escolherOutroMesMantemODia() started.
✔ Test escolherOutroMesMantemODia() passed after 0.001 seconds.
◇ Test horaNaoEscorregaNoHorarioDeVerao() started.
✔ Test horaNaoEscorregaNoHorarioDeVerao() passed after 0.001 seconds.
◇ Test doisAoMesmoTempoFicamLadoALado() started.
✔ Test doisAoMesmoTempoFicamLadoALado() passed after 0.001 seconds.
◇ Test moverODiaLevaADuracao() started.
✔ Test moverODiaLevaADuracao() passed after 0.001 seconds.
✔ Suite CalendarioEscalaTests passed after 0.006 seconds.
◇ Suite CalendarioFraseTests started.
◇ Test dentistaSextaAsDuasEMeia() started.
✔ Test dentistaSextaAsDuasEMeia() passed after 0.001 seconds.
◇ Test numeroSoltoNaoEHora() started.
✔ Test numeroSoltoNaoEHora() passed after 0.001 seconds.
◇ Test amanhaAsDozeComConectoresLimpos() started.
✔ Test amanhaAsDozeComConectoresLimpos() passed after 0.001 seconds.
◇ Test intervaloDefineOFim() started.
✔ Test intervaloDefineOFim() passed after 0.001 seconds.
◇ Test duracaoPorExtenso() started.
✔ Test duracaoPorExtenso() passed after 0.001 seconds.
◇ Test diaInteiroEDiaDoMes() started.
✔ Test diaInteiroEDiaDoMes() passed after 0.001 seconds.
◇ Test periodosDoDiaUsamAsAncorasDoAutor() started.
✔ Test periodosDoDiaUsamAsAncorasDoAutor() passed after 0.012 seconds.
◇ Test vazioNaoInventaEvento() started.
✔ Test vazioNaoInventaEvento() passed after 0.001 seconds.
✔ Suite CalendarioFraseTests passed after 0.017 seconds.
◇ Suite CalendarioDominioTests started.
◇ Test palavraInteiraNaoPedaco() started.
✔ Test palavraInteiraNaoPedaco() passed after 0.002 seconds.
✔ Suite CalendarioDominioTests passed after 0.002 seconds.
◇ Suite CalendarioDiscoTests started.
◇ Test corrompidoVaiParaOLadoENuncaViraSemente() started.
✔ Test corrompidoVaiParaOLadoENuncaViraSemente() passed after 0.001 seconds.
◇ Test vazioFicaVazio() started.
✔ Test vazioFicaVazio() passed after 0.001 seconds.
◇ Test arquivoAntigoComCategoriaViraDominio() started.
✔ Test arquivoAntigoComCategoriaViraDominio() passed after 0.001 seconds.
✔ Suite CalendarioDiscoTests passed after 0.004 seconds.
◇ Suite CalendarioAgendaTests started.
◇ Test mudarEscalaNaoPerdeODia() started.
✔ Test mudarEscalaNaoPerdeODia() passed after 0.001 seconds.
◇ Test anoParaOutroMesGuardaODiaDoMes() started.
✔ Test anoParaOutroMesGuardaODiaDoMes() passed after 0.001 seconds.
◇ Test prosaViraEventoNoDiscoEAncoraVaiAoDia() started.
✔ Test prosaViraEventoNoDiscoEAncoraVaiAoDia() passed after 0.048 seconds.
◇ Test discoRecusadoNaoLimpaAProsa() started.
✔ Test discoRecusadoNaoLimpaAProsa() passed after 0.001 seconds.
◇ Test fichaSemTituloNaoEntraEApagarTira() started.
✔ Test fichaSemTituloNaoEntraEApagarTira() passed after 0.002 seconds.
✔ Suite CalendarioAgendaTests passed after 0.052 seconds.
◇ Suite RepeticaoEAncoraTests started.
◇ Test oDiaDaSemanaSaiDeHojeNaoDaTela() started.
✔ Test oDiaDaSemanaSaiDeHojeNaoDaTela() passed after 0.001 seconds.
◇ Test aOrdemDaFraseVenceAOrdemDaLista() started.
✔ Test aOrdemDaFraseVenceAOrdemDaLista() passed after 0.001 seconds.
◇ Test todaSextaESegundaViraSerie() started.
✔ Test todaSextaESegundaViraSerie() passed after 0.001 seconds.
◇ Test oPluralTambemConta() started.
✔ Test oPluralTambemConta() passed after 0.001 seconds.
◇ Test semTodaNaoRepete() started.
✔ Test semTodaNaoRepete() passed after 0.001 seconds.
◇ Test aSerieViraUmaOcorrenciaPorDiaQueCasa() started.
✔ Test aSerieViraUmaOcorrenciaPorDiaQueCasa() passed after 0.001 seconds.
◇ Test aSerieNaoRetroage() started.
✔ Test aSerieNaoRetroage() passed after 0.001 seconds.
◇ Test eventoSemRepeticaoSaiUmaVez() started.
✔ Test eventoSemRepeticaoSaiUmaVez() passed after 0.001 seconds.
◇ Test aSerieSobreviveAoDisco() started.
✔ Test aSerieSobreviveAoDisco() passed after 0.001 seconds.
◇ Test osDiasSaemEmLetras() started.
✔ Test osDiasSaemEmLetras() passed after 0.001 seconds.
✔ Suite RepeticaoEAncoraTests passed after 0.004 seconds.
◇ Suite CalendarioTrabalhoTests started.
◇ Test agendaMostraPontoEAbreAcaoNoTrabalhoSemFicha() started.
✔ Test agendaMostraPontoEAbreAcaoNoTrabalhoSemFicha() passed after 0.003 seconds.
◇ Test reagendarReprojetaMesmaIdentidadeERemoverPreservaAcao() started.
✔ Test reagendarReprojetaMesmaIdentidadeERemoverPreservaAcao() passed after 0.004 seconds.
◇ Test falhaDeCommitMantemHorarioConfirmadoENaoProjetaRascunho() started.
✔ Test falhaDeCommitMantemHorarioConfirmadoENaoProjetaRascunho() passed after 0.003 seconds.
◇ Test protecaoDaOrigemRemoveTodaProjecaoERestauracaoNaoDuplica() started.
✔ Test protecaoDaOrigemRemoveTodaProjecaoERestauracaoNaoDuplica() passed after 0.009 seconds.
◇ Test agregadoIlegivelNaoCriaEventoNemEReescrito() started.
✔ Test agregadoIlegivelNaoCriaEventoNemEReescrito() passed after 0.001 seconds.
◇ Test encerrarTrabalhoNaoCancelaPendenciaEFusoNaoAlteraInstante() started.
✔ Test encerrarTrabalhoNaoCancelaPendenciaEFusoNaoAlteraInstante() passed after 0.002 seconds.
◇ Test trabalhoIndependenteNaoDependeDeNotaExistente() started.
✔ Test trabalhoIndependenteNaoDependeDeNotaExistente() passed after 0.001 seconds.
◇ Test derivadaNaoViraCompromissoNoEncodeDiscoOuPublicacao() started.
✔ Test derivadaNaoViraCompromissoNoEncodeDiscoOuPublicacao() passed after 0.025 seconds.
◇ Test execucaoSaiDaAgendaMasNaoCriaResultadoEDataPodeSerRemovida() started.
✔ Test execucaoSaiDaAgendaMasNaoCriaResultadoEDataPodeSerRemovida() passed after 0.003 seconds.
◇ Test dataPassadaERelatoNaoExecutamEAcaoCanceladaNaoReagenda() started.
✔ Test dataPassadaERelatoNaoExecutamEAcaoCanceladaNaoReagenda() passed after 0.004 seconds.
✔ Suite CalendarioTrabalhoTests passed after 0.060 seconds.
◇ Suite AvisoDaAcaoTests started.
◇ Test chaveAusenteDecodificaComoSemAlertaEV4Continua() started.
✔ Test chaveAusenteDecodificaComoSemAlertaEV4Continua() passed after 0.001 seconds.
◇ Test agendarGravaAvisoDaListaFechadaESemHorarioNaoHaAviso() started.
✔ Test agendarGravaAvisoDaListaFechadaESemHorarioNaoHaAviso() passed after 0.001 seconds.
◇ Test agendarArmaDepoisDoCommitEAFolhaRecebeOEstado() started.
✔ Test agendarArmaDepoisDoCommitEAFolhaRecebeOEstado() passed after 0.002 seconds.
◇ Test executarCancelarRetirarZeramECalam() started.
✔ Test executarCancelarRetirarZeramECalam() passed after 0.006 seconds.
◇ Test mudarHorarioReagendaEFalhaDeCommitNaoArma() started.
✔ Test mudarHorarioReagendaEFalhaDeCommitNaoArma() passed after 0.002 seconds.
◇ Test projecaoLevaOAvisoEContinuaSoLeitura() started.
✔ Test projecaoLevaOAvisoEContinuaSoLeitura() passed after 0.002 seconds.
◇ Test semPermissaoESemEspacoChegamAFolhaSemMudarODocumento() started.
✔ Test semPermissaoESemEspacoChegamAFolhaSemMudarODocumento() passed after 0.005 seconds.
◇ Test aoAbrirAFolhaLeOEstadoRealDoAvisoENaoOQuePediu() started.
✔ Test aoAbrirAFolhaLeOEstadoRealDoAvisoENaoOQuePediu() passed after 0.002 seconds.
◇ Test selarQueimarOuApagarAOrigemCalaOAvisoDaAcaoNoAto() started.
✔ Test selarQueimarOuApagarAOrigemCalaOAvisoDaAcaoNoAto() passed after 0.016 seconds.
◇ Test toqueNaNotificacaoExpiraENaoAbreOTrabalhoHorasDepois() started.
✔ Test toqueNaNotificacaoExpiraENaoAbreOTrabalhoHorasDepois() passed after 0.001 seconds.
◇ Test toqueNaNotificacaoUsaARotaDaProjecao() started.
IOSurfaceClientSetSurfaceNotify failed e00002c7
✔ Test toqueNaNotificacaoUsaARotaDaProjecao() passed after 0.143 seconds.
✔ Suite AvisoDaAcaoTests passed after 0.181 seconds.
◇ Suite CatalogoTests started.
◇ Test oBundleTemOsVinteEOitoMetodos() started.
✔ Test oBundleTemOsVinteEOitoMetodos() passed after 0.001 seconds.
◇ Test osDezDeOrigemMantemOsCampos() started.
✔ Test osDezDeOrigemMantemOsCampos() passed after 0.001 seconds.
◇ Test todoMetodoNovoTemMovimentoEPergunta() started.
✔ Test todoMetodoNovoTemMovimentoEPergunta() passed after 0.001 seconds.
◇ Test idDesconhecidoNaoPerdeOGesto() started.
✔ Test idDesconhecidoNaoPerdeOGesto() passed after 0.001 seconds.
◇ Test oCorpusVoltaComOMetodoQueSumiuDaPasta() started.
✔ Test oCorpusVoltaComOMetodoQueSumiuDaPasta() passed after 0.004 seconds.
◇ Test textoLivreNoGestoNaoViraId() started.
✔ Test textoLivreNoGestoNaoViraId() passed after 0.001 seconds.
◇ Test oMetodoPrevaleceSobreONome() started.
✔ Test oMetodoPrevaleceSobreONome() passed after 0.001 seconds.
◇ Test oCatalogoRoteiaOsMetodosNovos() started.
✔ Test oCatalogoRoteiaOsMetodosNovos() passed after 0.001 seconds.
◇ Test pdfAnexadoComProsaViraLeitura() started.
✔ Test pdfAnexadoComProsaViraLeitura() passed after 0.001 seconds.
◇ Test oEncadeamentoEDado() started.
✔ Test oEncadeamentoEDado() passed after 0.001 seconds.
◇ Test nenhumMetodoEIlhaEOMapaFecha() started.
✔ Test nenhumMetodoEIlhaEOMapaFecha() passed after 0.001 seconds.
◇ Test todoMetodoDoAppTemProveniencia() started.
✔ Test todoMetodoDoAppTemProveniencia() passed after 0.001 seconds.
◇ Test aProvenienciaEOpcionalNoArquivo() started.
✔ Test aProvenienciaEOpcionalNoArquivo() passed after 0.001 seconds.
◇ Test oMetodoDoAutorEntraComOuSemProveniencia() started.
✔ Test oMetodoDoAutorEntraComOuSemProveniencia() passed after 0.002 seconds.
◇ Test oMetodoAusenteTemEstadoParaATela() started.
✔ Test oMetodoAusenteTemEstadoParaATela() passed after 0.001 seconds.
◇ Test oSeEntaoNaoCasaDentroDeOutraPalavra() started.
✔ Test oSeEntaoNaoCasaDentroDeOutraPalavra() passed after 0.002 seconds.
◇ Test osSeteNovosRoteiamParaSiMesmos() started.
✔ Test osSeteNovosRoteiamParaSiMesmos() passed after 0.016 seconds.
◇ Test oDesabafoLongoContinuaExpressivo() started.
✔ Test oDesabafoLongoContinuaExpressivo() passed after 0.001 seconds.
◇ Test aEscritaPessoalNaoChegaVestidaDeMetodo() started.
✔ Test aEscritaPessoalNaoChegaVestidaDeMetodo() passed after 0.009 seconds.
◇ Test todoRamoDeRegexAlcancaOSeuMetodo() started.
✔ Test todoRamoDeRegexAlcancaOSeuMetodo() passed after 0.475 seconds.
◇ Test nenhumEncadeamentoApontaParaMetodoInexistente() started.
✔ Test nenhumEncadeamentoApontaParaMetodoInexistente() passed after 0.010 seconds.
◇ Test aPastaDoAutorEntraEOInvalidoEDito() started.
✔ Test aPastaDoAutorEntraEOInvalidoEDito() passed after 0.007 seconds.
✔ Suite CatalogoTests passed after 0.537 seconds.
◇ Suite SinaisTests started.
◇ Test oSinalFicaNoDiscoEEsquecerApaga() started.
✔ Test oSinalFicaNoDiscoEEsquecerApaga() passed after 0.003 seconds.
◇ Test tresSoltosSeguidosViramSugestaoEUmFicouDevolveOVestir() started.
✔ Test tresSoltosSeguidosViramSugestaoEUmFicouDevolveOVestir() passed after 0.003 seconds.
◇ Test oTetoSegura() started.
✔ Test oTetoSegura() passed after 0.672 seconds.
✔ Suite SinaisTests passed after 0.680 seconds.
◇ Suite DegrausTests started.
◇ Test oDegrauSobeComAPratica() started.
✔ Test oDegrauSobeComAPratica() passed after 0.001 seconds.
◇ Test oDegrauOuveOSinal() started.
✔ Test oDegrauOuveOSinal() passed after 0.001 seconds.
✔ Suite DegrausTests passed after 0.001 seconds.
◇ Suite RetratoTests started.
◇ Test oRetratoSoTemAsPalavrasDoAutorEContagens() started.
✔ Test oRetratoSoTemAsPalavrasDoAutorEContagens() passed after 0.001 seconds.
◇ Test oSeloCortaAntes() started.
✔ Test oSeloCortaAntes() passed after 0.001 seconds.
◇ Test perguntaDerivadaSemOrigemNaoVoltaPeloRetratoAposSeloOuExclusao() started.
✔ Test perguntaDerivadaSemOrigemNaoVoltaPeloRetratoAposSeloOuExclusao() passed after 0.001 seconds.
◇ Test retratoVazioNaoViaja() started.
✔ Test retratoVazioNaoViaja() passed after 0.005 seconds.
✔ Suite RetratoTests passed after 0.006 seconds.
◇ Suite ContraparteTests started.
◇ Test tresChavesInformacaoNuncaInstrucao() started.
✔ Test tresChavesInformacaoNuncaInstrucao() passed after 0.001 seconds.
✔ Suite ContraparteTests passed after 0.001 seconds.
◇ Suite AndaimeNaoVoltaAoAutorTests started.
◇ Test aPerguntaSobreONossoAndaimeNaoVolta() started.
✔ Test aPerguntaSobreONossoAndaimeNaoVolta() passed after 0.001 seconds.
◇ Test aPalavraQueOAutorEscreveuPodeVoltar() started.
✔ Test aPalavraQueOAutorEscreveuPodeVoltar() passed after 0.001 seconds.
◇ Test aPerguntaBoaPassaInteira() started.
✔ Test aPerguntaBoaPassaInteira() passed after 0.001 seconds.
◇ Test oContratoDeInstigarDizDeQuemEOAssunto() started.
✔ Test oContratoDeInstigarDizDeQuemEOAssunto() passed after 0.001 seconds.
◇ Test oDegrauChegaEMandaNaMensagemDeSistema() started.
✔ Test oDegrauChegaEMandaNaMensagemDeSistema() passed after 0.001 seconds.
◇ Test aGuardaDerrubaONossoENaoEncostaNoDele() started.
✔ Test aGuardaDerrubaONossoENaoEncostaNoDele() passed after 0.001 seconds.
◇ Test oContrapontoNaoSeApoiaEmEvidenciaFabricada() started.
✔ Test oContrapontoNaoSeApoiaEmEvidenciaFabricada() passed after 0.001 seconds.
◇ Test aPorcentagemQueOAutorDeuVolta() started.
✔ Test aPorcentagemQueOAutorDeuVolta() passed after 0.001 seconds.
◇ Test oContrapontoNaoInventaRendaNemNumero() started.
✔ Test oContrapontoNaoInventaRendaNemNumero() passed after 0.001 seconds.
◇ Test oContrapontoHonestoPassaInteiro() started.
✔ Test oContrapontoHonestoPassaInteiro() passed after 0.001 seconds.
✔ Suite AndaimeNaoVoltaAoAutorTests passed after 0.002 seconds.
◇ Suite IndiceTests started.
◇ Test cossenoEVizinhas() started.
✔ Test cossenoEVizinhas() passed after 0.001 seconds.
◇ Test oIndiceAproximaESeloTira() started.
✔ Test oIndiceAproximaESeloTira() passed after 0.008 seconds.
✔ Suite IndiceTests passed after 0.008 seconds.
◇ Suite TrajetoriaTests started.
◇ Test doisPeriodosSemSetaESemPlacar() started.
✔ Test doisPeriodosSemSetaESemPlacar() passed after 0.001 seconds.
✔ Suite TrajetoriaTests passed after 0.001 seconds.
◇ Suite AnotarTests started.
◇ Test oDepositoViraItemDaEntradaEARotaLeOTexto() started.
✔ Test oDepositoViraItemDaEntradaEARotaLeOTexto() passed after 0.003 seconds.
◇ Test aRotaAnotar() started.
✔ Test aRotaAnotar() passed after 0.001 seconds.
✔ Suite AnotarTests passed after 0.003 seconds.
◇ Suite EntradaTests started.
◇ Test lerEntradaPreservaOsArquivosAteConfirmacao() started.
✔ Test lerEntradaPreservaOsArquivosAteConfirmacao() passed after 0.002 seconds.
◇ Test osMetodosDaPastaEspelhadaChegamAoApp() started.
✔ Test osMetodosDaPastaEspelhadaChegamAoApp() passed after 0.001 seconds.
✔ Suite EntradaTests passed after 0.003 seconds.
◇ Suite CorpusIncrementalTests started.
◇ Test concluirGravaSoANotaEOsAgregados() started.
✔ Test concluirGravaSoANotaEOsAgregados() passed after 0.003 seconds.
✔ Suite CorpusIncrementalTests passed after 0.003 seconds.
◇ Suite EncadeamentoTests started.
◇ Test umaLinhaSoDeLigacaoNaoETitulo() started.
✔ Test umaLinhaSoDeLigacaoNaoETitulo() passed after 0.001 seconds.
◇ Test woopViraSeEntaoComAsPalavrasDoAutorELigacao() started.
✔ Test woopViraSeEntaoComAsPalavrasDoAutorELigacao() passed after 0.019 seconds.
◇ Test semRespostaNoCampoExigidoNaoAcende() started.
✔ Test semRespostaNoCampoExigidoNaoAcende() passed after 0.001 seconds.
◇ Test oCompromissoDoEncadeamentoVaiAoDisco() started.
✔ Test oCompromissoDoEncadeamentoVaiAoDisco() passed after 0.004 seconds.
✔ Suite EncadeamentoTests passed after 0.025 seconds.
◇ Suite ConferenciaDosMetodosNovosTests started.
◇ Test oDiaCobraONoiteEAAtualizacaoUmaSemanaDepois() started.
✔ Test oDiaCobraONoiteEAAtualizacaoUmaSemanaDepois() passed after 0.001 seconds.
◇ Test todaRegexDoCatalogoCompila() started.
✔ Test todaRegexDoCatalogoCompila() passed after 0.001 seconds.
✔ Suite ConferenciaDosMetodosNovosTests passed after 0.001 seconds.
◇ Suite CorpusEscalaTests started.
◇ Test milNotasAntesEDepois() started.
MEDIDA corpus 1000 notas — completa: 328 ms · uma nota: 56 ms
✔ Test milNotasAntesEDepois() passed after 0.386 seconds.
✔ Suite CorpusEscalaTests passed after 0.386 seconds.
◇ Suite VoltaTests started.
◇ Test oDiaCobraANoiteOuNoDiaSeguinte() started.
✔ Test oDiaCobraANoiteOuNoDiaSeguinte() passed after 0.001 seconds.
◇ Test aAtualizacaoEsperaUmaSemanaEOSeloCortaAntes() started.
✔ Test aAtualizacaoEsperaUmaSemanaEOSeloCortaAntes() passed after 0.001 seconds.
◇ Test aDecisaoEsperaADataEACobrancaEUmaPergunta() started.
✔ Test aDecisaoEsperaADataEACobrancaEUmaPergunta() passed after 0.002 seconds.
✔ Suite VoltaTests passed after 0.002 seconds.
◇ Suite DoCadernoTests started.
◇ Test aConsultaJuntaTituloENotas() started.
✔ Test aConsultaJuntaTituloENotas() passed after 0.001 seconds.
◇ Test oCompromissoAchaANotaQueFalaDele() started.
✔ Test oCompromissoAchaANotaQueFalaDele() passed after 0.002 seconds.
✔ Suite DoCadernoTests passed after 0.002 seconds.
◇ Suite AnexoNoSentidoTests started.
◇ Test oPDFAnexadoDaSentidoANota() started.
✔ Test oPDFAnexadoDaSentidoANota() passed after 0.006 seconds.
✔ Suite AnexoNoSentidoTests passed after 0.006 seconds.
◇ Suite PerguntarNasNotasTests started.
◇ Test oContextoTemCatalogoVizinhasEConversaERespeitaOSelo() started.
✔ Test oContextoTemCatalogoVizinhasEConversaERespeitaOSelo() passed after 0.004 seconds.
✔ Suite PerguntarNasNotasTests passed after 0.004 seconds.
◇ Suite CorpusSeloTests started.
◇ Test contratoEIndiceVaoNoCorpus() started.
✔ Test contratoEIndiceVaoNoCorpus() passed after 0.001 seconds.
◇ Test seloNasQuatroRotas() started.
✔ Test seloNasQuatroRotas() passed after 0.001 seconds.
◇ Test umMdPorNotaNoArquivos() started.
✔ Test umMdPorNotaNoArquivos() passed after 0.002 seconds.
◇ Test importIgnoraId() started.
✔ Test importIgnoraId() passed after 0.001 seconds.
◇ Test importarNaoMenteSeODiscoRecusa() started.
✔ Test importarNaoMenteSeODiscoRecusa() passed after 0.001 seconds.
◇ Test importarGravaQuandoODiscoAceita() started.
✔ Test importarGravaQuandoODiscoAceita() passed after 0.004 seconds.
✔ Suite CorpusSeloTests passed after 0.012 seconds.
◇ Suite LinguagemTests started.
◇ Test destilarPelaEssencia() started.
✔ Test destilarPelaEssencia() passed after 0.001 seconds.
◇ Test palavraPeloSignificado() started.
✔ Test palavraPeloSignificado() passed after 0.001 seconds.
◇ Test destilarNoRemoto() started.
✔ Test destilarNoRemoto() passed after 0.001 seconds.
◇ Test destilarCobraAFraseNuncaORascunho() started.
✔ Test destilarCobraAFraseNuncaORascunho() passed after 0.001 seconds.
◇ Test destilarSemCorteNaoAbreRecordar() started.
✔ Test destilarSemCorteNaoAbreRecordar() passed after 0.002 seconds.
◇ Test palavraRecordaAVozNuncaAMarca() started.
✔ Test palavraRecordaAVozNuncaAMarca() passed after 0.001 seconds.
◇ Test destilarEPalavraNaoMostramOAlvoAntes() started.
✔ Test destilarEPalavraNaoMostramOAlvoAntes() passed after 0.001 seconds.
◇ Test tituloPrefereAFrase() started.
✔ Test tituloPrefereAFrase() passed after 0.001 seconds.
◇ Test tituloDoDestaqueEAunica() started.
✔ Test tituloDoDestaqueEAunica() passed after 0.001 seconds.
◇ Test tituloNaoFicaMudoQuandoAVozViveNoCampo() started.
✔ Test tituloNaoFicaMudoQuandoAVozViveNoCampo() passed after 0.001 seconds.
✔ Suite LinguagemTests passed after 0.005 seconds.
◇ Suite DominioTests started.
◇ Test inferirPeloLexico() started.
✔ Test inferirPeloLexico() passed after 0.001 seconds.
◇ Test doNomeFechaALista() started.
✔ Test doNomeFechaALista() passed after 0.001 seconds.
✔ Suite DominioTests passed after 0.001 seconds.
◇ Suite GatilhoTests started.
◇ Test periodoViraAncora() started.
✔ Test periodoViraAncora() passed after 0.001 seconds.
◇ Test horaPassadaHojeRolaAoAmanha() started.
✔ Test horaPassadaHojeRolaAoAmanha() passed after 0.001 seconds.
◇ Test horaAindaPorVirFicaHoje() started.
✔ Test horaAindaPorVirFicaHoje() passed after 0.001 seconds.
◇ Test artigoNaoEHora() started.
✔ Test artigoNaoEHora() passed after 0.001 seconds.
✔ Suite GatilhoTests passed after 0.002 seconds.
◇ Suite DestaqueDoDiaTests started.
◇ Test soValeNoMesmoDia() started.
✔ Test soValeNoMesmoDia() passed after 0.004 seconds.
◇ Test apagarADonaSomeDaTela() started.
✔ Test apagarADonaSomeDaTela() passed after 0.006 seconds.
◇ Test telaBloqueadaNaoFingeUmaLinha() started.
✔ Test telaBloqueadaNaoFingeUmaLinha() passed after 0.004 seconds.
✔ Suite DestaqueDoDiaTests passed after 0.016 seconds.
◇ Suite DestaqueNaSessaoTests started.
◇ Test unicaNaListaNaoFicaMuda() started.
✔ Test unicaNaListaNaoFicaMuda() passed after 0.005 seconds.
◇ Test unicaVaziaSobeAVozDoCorpo() started.
✔ Test unicaVaziaSobeAVozDoCorpo() passed after 0.009 seconds.
◇ Test largarOGestoTiraDaTelaBloqueada() started.
✔ Test largarOGestoTiraDaTelaBloqueada() passed after 0.008 seconds.
◇ Test esvaziarTiraDaTelaBloqueada() started.
✔ Test esvaziarTiraDaTelaBloqueada() passed after 0.006 seconds.
◇ Test apagarANotaTiraDaTelaBloqueada() started.
✔ Test apagarANotaTiraDaTelaBloqueada() passed after 0.013 seconds.
✔ Suite DestaqueNaSessaoTests passed after 0.044 seconds.
◇ Suite SerieExpressivaTests started.
◇ Test primeiroFechoAbreASerie() started.
✔ Test primeiroFechoAbreASerie() passed after 0.004 seconds.
◇ Test notificacaoDoDiaDoisGravaASerieVazia() started.
✔ Test notificacaoDoDiaDoisGravaASerieVazia() passed after 0.002 seconds.
◇ Test segundoToqueReabreOMesmoDia() started.
✔ Test segundoToqueReabreOMesmoDia() passed after 0.002 seconds.
◇ Test diaVazioNaoELinhaMuda() started.
✔ Test diaVazioNaoELinhaMuda() passed after 0.001 seconds.
◇ Test recordarMaisRecenteSaltaPaginaSemVoz() started.
✔ Test recordarMaisRecenteSaltaPaginaSemVoz() passed after 0.001 seconds.
✔ Suite SerieExpressivaTests passed after 0.012 seconds.
◇ Suite FilaDoDiaTests started.
◇ Test vencidaEntraNaFila() started.
✔ Test vencidaEntraNaFila() passed after 0.003 seconds.
◇ Test seEntaoSoNosCamposEntraNaFila() started.
✔ Test seEntaoSoNosCamposEntraNaFila() passed after 0.001 seconds.
✔ Suite FilaDoDiaTests passed after 0.004 seconds.
◇ Suite DominioNaNotaTests started.
◇ Test salvarInfereEUmToqueTrava() started.
✔ Test salvarInfereEUmToqueTrava() passed after 0.003 seconds.
◇ Test escolherNoMenuTravaEValeNaPagina() started.
✔ Test escolherNoMenuTravaEValeNaPagina() passed after 0.003 seconds.
◇ Test toqueNoChipSoltaETrava() started.
✔ Test toqueNoChipSoltaETrava() passed after 0.002 seconds.
◇ Test chipNaoMenteSeODiscoRecusa() started.
✔ Test chipNaoMenteSeODiscoRecusa() passed after 0.001 seconds.
✔ Suite DominioNaNotaTests passed after 0.012 seconds.
◇ Suite QuartoFechoTests started.
◇ Test sentidosAnterioresFicamLadoALado() started.
✔ Test sentidosAnterioresFicamLadoALado() passed after 0.002 seconds.
◇ Test paginaVaziaNaoAbreSerie() started.
✔ Test paginaVaziaNaoAbreSerie() passed after 0.004 seconds.
✔ Suite QuartoFechoTests passed after 0.006 seconds.
◇ Suite PromessaVerdadeTests started.
◇ Test contextoUsaADataDoDisco() started.
✔ Test contextoUsaADataDoDisco() passed after 0.003 seconds.
◇ Test recordarSoltoNaoMostraProxima() started.
✔ Test recordarSoltoNaoMostraProxima() passed after 0.001 seconds.
◇ Test seSemHoraCancelaOAviso() started.
✔ Test seSemHoraCancelaOAviso() passed after 0.005 seconds.
◇ Test reabrirNotaComFormaTrazOsCampos() started.
✔ Test reabrirNotaComFormaTrazOsCampos() passed after 0.001 seconds.
◇ Test vozSoNosCamposPodeRecordar() started.
✔ Test vozSoNosCamposPodeRecordar() passed after 0.003 seconds.
◇ Test paginaVaziaSemAlvoNaoPodeRecordar() started.
✔ Test paginaVaziaSemAlvoNaoPodeRecordar() passed after 0.001 seconds.
◇ Test vozSoNosCamposGravaEConclui() started.
✔ Test vozSoNosCamposGravaEConclui() passed after 0.007 seconds.
◇ Test paginaSemVozNaoGravaNemMente() started.
✔ Test paginaSemVozNaoGravaNemMente() passed after 0.001 seconds.
◇ Test fechoEDaNotaDestaPagina() started.
✔ Test fechoEDaNotaDestaPagina() passed after 0.002 seconds.
✔ Suite PromessaVerdadeTests passed after 0.028 seconds.
◇ Suite GestoNovosNomesTests started.
◇ Test destilarEPalavraRoundtrip() started.
✔ Test destilarEPalavraRoundtrip() passed after 0.001 seconds.
◇ Test palavraSaoTresCamposSemDefinir() started.
✔ Test palavraSaoTresCamposSemDefinir() passed after 0.001 seconds.
◇ Test casaNaoTemVestir() started.
✔ Test casaNaoTemVestir() passed after 0.002 seconds.
✔ Suite GestoNovosNomesTests passed after 0.003 seconds.
◇ Suite DiscoTracoTests started.
◇ Test discoQuebraNaoFingeCadernoVazio() started.
✔ Test discoQuebraNaoFingeCadernoVazio() passed after 0.001 seconds.
◇ Test discoSaudavelAbreEPublica() started.
✔ Test discoSaudavelAbreEPublica() passed after 0.001 seconds.
✔ Suite DiscoTracoTests passed after 0.001 seconds.
◇ Suite MigracaoDuplicadaTests started.
​➜ Test v5ComAMesmaListaDaV4DerrubaOArranqueDeQuemJaTinhaCaderno() skipped.
​◇ Test oPlanoDeHojeSobeUmCadernoDaV3EGuardaAOrigem() started.
✔ Test oPlanoDeHojeSobeUmCadernoDaV3EGuardaAOrigem() passed after 0.047 seconds.
✔ Suite MigracaoDuplicadaTests passed after 0.047 seconds.
◇ Suite ConsultaEmProsaTests started.
◇ Test perguntaVaiAoDia() started.
✔ Test perguntaVaiAoDia() passed after 0.001 seconds.
◇ Test periodosMudamAEscala() started.
✔ Test periodosMudamAEscala() passed after 0.001 seconds.
◇ Test compromissoNaoEConsulta() started.
✔ Test compromissoNaoEConsulta() passed after 0.001 seconds.
◇ Test aAgendaRespondeIndoAoDia() started.
✔ Test aAgendaRespondeIndoAoDia() passed after 0.001 seconds.
✔ Suite ConsultaEmProsaTests passed after 0.001 seconds.
◇ Suite DeixaNoCalendarioTests started.
◇ Test deixaEntraNasEscalasMasNaoNoDisco() started.
✔ Test deixaEntraNasEscalasMasNaoNoDisco() passed after 0.001 seconds.
◇ Test origemNuncaVaiAoJSON() started.
✔ Test origemNuncaVaiAoJSON() passed after 0.001 seconds.
✔ Suite DeixaNoCalendarioTests passed after 0.001 seconds.
◇ Suite LenteTests started.
◇ Test achaMuletasFrasesFeitasEPassivas() started.
✔ Test achaMuletasFrasesFeitasEPassivas() passed after 0.002 seconds.
◇ Test adverbioEmMenteEAdjetivoRepetido() started.
✔ Test adverbioEmMenteEAdjetivoRepetido() passed after 0.001 seconds.
◇ Test textoLimpoNaoTemNadaAApontar() started.
✔ Test textoLimpoNaoTemNadaAApontar() passed after 0.001 seconds.
✔ Suite LenteTests passed after 0.004 seconds.
◇ Suite VersoesEApontarTests started.
◇ Test versaoGuardaAAnteriorENuncaAExpressiva() started.
✔ Test versaoGuardaAAnteriorENuncaAExpressiva() passed after 0.001 seconds.
◇ Test versoesTemTeto() started.
✔ Test versoesTemTeto() passed after 0.013 seconds.
◇ Test apontarSoTrechoDoProprioTexto() started.
✔ Test apontarSoTrechoDoProprioTexto() passed after 0.002 seconds.
✔ Suite VersoesEApontarTests passed after 0.017 seconds.
◇ Suite PastaEspelhoTests started.
◇ Test espelhoEscreveNaPastaDoAutorESoOQuePodeSair() started.
✔ Test espelhoEscreveNaPastaDoAutorESoOQuePodeSair() passed after 0.025 seconds.
✔ Suite PastaEspelhoTests passed after 0.025 seconds.
◇ Suite BloqueadoresDeDadosTests started.
◇ Test fechoNaoApagaAPaginaSeODiscoRecusa() started.
✔ Test fechoNaoApagaAPaginaSeODiscoRecusa() passed after 0.002 seconds.
◇ Test fechoSegueQuandoODiscoAceita() started.
✔ Test fechoSegueQuandoODiscoAceita() passed after 0.002 seconds.
◇ Test expressivaEmCursoNuncaVaiAoSpotlight() started.
✔ Test expressivaEmCursoNuncaVaiAoSpotlight() passed after 0.001 seconds.
◇ Test apagarTiraDoEspelhoNaHora() started.
✔ Test apagarTiraDoEspelhoNaHora() passed after 0.008 seconds.
✔ Suite BloqueadoresDeDadosTests passed after 0.013 seconds.
◇ Suite RevisaoNoturnaTests started.
◇ Test selarApagaVersoesEApontamentos() started.
✔ Test selarApagaVersoesEApontamentos() passed after 0.005 seconds.
◇ Test consultaDeSextaPartesDeHojeNaoDaTelaOlhada() started.
✔ Test consultaDeSextaPartesDeHojeNaoDaTelaOlhada() passed after 0.001 seconds.
◇ Test diaInvalidoNaoViraOutroMes() started.
✔ Test diaInvalidoNaoViraOutroMes() passed after 0.001 seconds.
◇ Test espelhoDoAutorSoApagaOQueEsteAparelhoEscreveu() started.
✔ Test espelhoDoAutorSoApagaOQueEsteAparelhoEscreveu() passed after 0.013 seconds.
✔ Suite RevisaoNoturnaTests passed after 0.020 seconds.
◇ Suite SabiaTests started.
◇ Test vestirResolveTituloListaECodigoSemChamarModelo() started.
✔ Test vestirResolveTituloListaECodigoSemChamarModelo() passed after 0.001 seconds.
◇ Test vestirMandaSoProsaPendenteERemapeiaIndices() started.
✔ Test vestirMandaSoProsaPendenteERemapeiaIndices() passed after 0.001 seconds.
◇ Test vestirNaoDisfarcaFalhaSemMelhoriaLocal() started.
✔ Test vestirNaoDisfarcaFalhaSemMelhoriaLocal() passed after 0.001 seconds.
◇ Test vestirPreservaCercasECodigoMesmoComRotuloIncorreto() started.
✔ Test vestirPreservaCercasECodigoMesmoComRotuloIncorreto() passed after 0.005 seconds.
◇ Test cercaMaiorProtegeCercasMenoresETextoSemLinhaVazia() started.
✔ Test cercaMaiorProtegeCercasMenoresETextoSemLinhaVazia() passed after 0.001 seconds.
◇ Test cercaAbertaNaoEFechadaNemSeuConteudoVestido() started.
✔ Test cercaAbertaNaoEFechadaNemSeuConteudoVestido() passed after 0.001 seconds.
◇ Test vestirProsaCRLFContinuaCriandoTituloEItens() started.
✔ Test vestirProsaCRLFContinuaCriandoTituloEItens() passed after 0.001 seconds.
◇ Test mapaSoEntraSeForVerificavel() started.
✔ Test mapaSoEntraSeForVerificavel() passed after 0.001 seconds.
◇ Test perguntasSoComInterrogacao() started.
✔ Test perguntasSoComInterrogacao() passed after 0.001 seconds.
◇ Test aplicarVesteSemMudarPalavras() started.
✔ Test aplicarVesteSemMudarPalavras() passed after 0.001 seconds.
◇ Test aLinhaComInterrogacaoEAPergunta() started.
✔ Test aLinhaComInterrogacaoEAPergunta() passed after 0.001 seconds.
◇ Test respostaTemTetoESemMarkdownPesado() started.
✔ Test respostaTemTetoESemMarkdownPesado() passed after 0.001 seconds.
◇ Test formasDeEstrategiaEntramNaLista() started.
✔ Test formasDeEstrategiaEntramNaLista() passed after 0.001 seconds.
✔ Suite SabiaTests passed after 0.008 seconds.
◇ Suite DeixaPuraTests started.
◇ Test aDeixaSoNasceDeNotaAbertaComHora() started.
✔ Test aDeixaSoNasceDeNotaAbertaComHora() passed after 0.001 seconds.
✔ Suite DeixaPuraTests passed after 0.001 seconds.
◇ Suite DecisaoConfereTests started.
◇ Test aDataDeConferirViraGatilho() started.
✔ Test aDataDeConferirViraGatilho() passed after 0.004 seconds.
✔ Suite DecisaoConfereTests passed after 0.004 seconds.
◇ Suite RevisaoSemanalTests started.
◇ Test aSemanaContaCobraEMostraSoOQuePodeSair() started.
✔ Test aSemanaContaCobraEMostraSoOQuePodeSair() passed after 0.001 seconds.
✔ Suite RevisaoSemanalTests passed after 0.001 seconds.
◇ Suite DecisaoRecordarTests started.
◇ Test oRecordarDaDecisaoEscondeOQueEuEsperava() started.
✔ Test oRecordarDaDecisaoEscondeOQueEuEsperava() passed after 0.001 seconds.
◇ Test aSemanaEmTextoParaOsAtalhos() started.
✔ Test aSemanaEmTextoParaOsAtalhos() passed after 0.001 seconds.
✔ Suite DecisaoRecordarTests passed after 0.001 seconds.
◇ Suite PlanosSemRiscoTests started.
◇ Test especificacaoSemRiscoEDesejoSemObstaculoSaoCobrados() started.
✔ Test especificacaoSemRiscoEDesejoSemObstaculoSaoCobrados() passed after 0.001 seconds.
✔ Suite PlanosSemRiscoTests passed after 0.001 seconds.
◇ Suite PremortemDeUmPlanoTests started.
◇ Test oPlanoAbreUmPremortemSemPerderOPlano() started.
✔ Test oPlanoAbreUmPremortemSemPerderOPlano() passed after 0.006 seconds.
✔ Suite PremortemDeUmPlanoTests passed after 0.006 seconds.
◇ Suite CalibragemTests started.
◇ Test aDecisaoConferidaMostraOEsperadoEOAcontecido() started.
✔ Test aDecisaoConferidaMostraOEsperadoEOAcontecido() passed after 0.001 seconds.
✔ Suite CalibragemTests passed after 0.001 seconds.
◇ Suite CampoDaVoltaTests started.
◇ Test oCampoDaConferenciaSoApareceQuandoEDevido() started.
✔ Test oCampoDaConferenciaSoApareceQuandoEDevido() passed after 0.001 seconds.
✔ Suite CampoDaVoltaTests passed after 0.001 seconds.
◇ Suite ConferenciaDevidaTests started.
◇ Test semDataOCampoFicaComDataEleEspera() started.
✔ Test semDataOCampoFicaComDataEleEspera() passed after 0.001 seconds.
✔ Suite ConferenciaDevidaTests passed after 0.001 seconds.
◇ Suite CartaoNaoCobreOsCamposTests started.
◇ Test oCartaoVestidoSaiQuandoOAutorPreencheAForma() started.
✔ Test oCartaoVestidoSaiQuandoOAutorPreencheAForma() passed after 0.001 seconds.
✔ Suite CartaoNaoCobreOsCamposTests passed after 0.001 seconds.
◇ Suite VestirNaoContaComoPreencherTests started.
◇ Test campoVazioRecemCriadoNaoEResposta() started.
✔ Test campoVazioRecemCriadoNaoEResposta() passed after 0.001 seconds.
✔ Suite VestirNaoContaComoPreencherTests passed after 0.001 seconds.
◇ Suite RedeTests started.
◇ Test aMencaoLigaEOReversoAparece() started.
✔ Test aMencaoLigaEOReversoAparece() passed after 0.001 seconds.
◇ Test oCampoLigaAContaEAcentoNaoAtrapalha() started.
✔ Test oCampoLigaAContaEAcentoNaoAtrapalha() passed after 0.001 seconds.
◇ Test oSeloValeNaRede() started.
✔ Test oSeloValeNaRede() passed after 0.001 seconds.
◇ Test mencoesSaoUnicasENaoInventamNota() started.
✔ Test mencoesSaoUnicasENaoInventamNota() passed after 0.001 seconds.
◇ Test asIlhasSaoAsQueNinguemCita() started.
✔ Test asIlhasSaoAsQueNinguemCita() passed after 0.001 seconds.
◇ Test aNotaNaoSeLigaASiMesma() started.
✔ Test aNotaNaoSeLigaASiMesma() passed after 0.001 seconds.
✔ Suite RedeTests passed after 0.001 seconds.
◇ Suite MencaoNaLeituraTests started.
◇ Test osColchetesNaoAparecemNoTitulo() started.
✔ Test osColchetesNaoAparecemNoTitulo() passed after 0.001 seconds.
✔ Suite MencaoNaLeituraTests passed after 0.001 seconds.
◇ Suite ConferenciaTrabalhoTests started.
◇ Test jsonV4AntigoDecodificaSemConferencia() started.
✔ Test jsonV4AntigoDecodificaSemConferencia() passed after 0.001 seconds.
◇ Test conferenciaSobreviveAoDiscoComPedidoEResultados() started.
✔ Test conferenciaSobreviveAoDiscoComPedidoEResultados() passed after 0.008 seconds.
◇ Test conferenciaComPedidoInexistenteNaoPassaNaValidacao() started.
✔ Test conferenciaComPedidoInexistenteNaoPassaNaValidacao() passed after 0.003 seconds.
◇ Test criterioTrazTrechoLiteralEInstrucaoPrevaleceSobreAIntencao() started.
✔ Test criterioTrazTrechoLiteralEInstrucaoPrevaleceSobreAIntencao() passed after 0.003 seconds.
◇ Test semInstrucaoReconhecidaOCriterioCaiParaOResultadoDesejado() started.
✔ Test semInstrucaoReconhecidaOCriterioCaiParaOResultadoDesejado() passed after 0.003 seconds.
◇ Test artefatoEmInglesComPedidoEmPortuguesDivergeECitaOTrecho() started.
✔ Test artefatoEmInglesComPedidoEmPortuguesDivergeECitaOTrecho() passed after 0.006 seconds.
◇ Test bilinguismoLegitimoNaoViraDivergenciaEDeclaraOQueNaoConferiu() started.
✔ Test bilinguismoLegitimoNaoViraDivergenciaEDeclaraOQueNaoConferiu() passed after 0.007 seconds.
◇ Test textoCurtoDemaisFicaInconclusivoENaoAtendido() started.
✔ Test textoCurtoDemaisFicaInconclusivoENaoAtendido() passed after 0.004 seconds.
◇ Test cabecalhoTabelaECodigoNaoEntramNaLeituraDeIdioma() started.
✔ Test cabecalhoTabelaECodigoNaoEntramNaLeituraDeIdioma() passed after 0.001 seconds.
◇ Test ajusteHerdaRestricoesSemSobreporPedidoNovo() started.
✔ Test ajusteHerdaRestricoesSemSobreporPedidoNovo() passed after 0.003 seconds.
◇ Test tresBlocosDeCincoComArtefatoSomandoQuinzeEAtendido() started.
✔ Test tresBlocosDeCincoComArtefatoSomandoQuinzeEAtendido() passed after 0.007 seconds.
◇ Test artefatoSemMarcaDeMinutosDizQueNaoEncontrouDistribuicao() started.
✔ Test artefatoSemMarcaDeMinutosDizQueNaoEncontrouDistribuicao() passed after 0.005 seconds.
◇ Test somaDezContraQuinzePedidosDivergeECitaOsNumeros() started.
✔ Test somaDezContraQuinzePedidosDivergeECitaOsNumeros() passed after 0.005 seconds.
◇ Test resumoDosBlocosNaoContaComoBlocoExtra(ultimo:) started.
◇ Test case passing 1 argument ultimo → 5 to resumoDosBlocosNaoContaComoBlocoExtra(ultimo:) started.
​◇ Test case passing 1 argument ultimo → 6 to resumoDosBlocosNaoContaComoBlocoExtra(ultimo:) started.
​✔ Test resumoDosBlocosNaoContaComoBlocoExtra(ultimo:) with 2 test cases passed after 0.010 seconds.
◇ Test blocosAdicionaisDepoisDaDistribuicaoNaoSaoResumo() started.
✔ Test blocosAdicionaisDepoisDaDistribuicaoNaoSaoResumo() passed after 0.004 seconds.
◇ Test totalAnunciadoNoCabecalhoNaoContaDuasVezes() started.
✔ Test totalAnunciadoNoCabecalhoNaoContaDuasVezes() passed after 0.007 seconds.
◇ Test artefatoComTempoPorExtensoContaComoMarcaEAtende() started.
✔ Test artefatoComTempoPorExtensoContaComoMarcaEAtende() passed after 0.007 seconds.
◇ Test umaMarcaPorExtensoDivergeEConcordaNoSingular() started.
✔ Test umaMarcaPorExtensoDivergeEConcordaNoSingular() passed after 0.007 seconds.
◇ Test pedidoPorExtensoEArtefatoEmDigitosLeemOMesmoLexico() started.
✔ Test pedidoPorExtensoEArtefatoEmDigitosLeemOMesmoLexico() passed after 0.007 seconds.
◇ Test meiaHoraEApostrofoSaoMarcasDeTempo() started.
✔ Test meiaHoraEApostrofoSaoMarcasDeTempo() passed after 0.006 seconds.
◇ Test pedidoSemRestricaoReconhecidaFicaTodoNaoAvaliadoEALinhaDiz() started.
✔ Test pedidoSemRestricaoReconhecidaFicaTodoNaoAvaliadoEALinhaDiz() passed after 0.002 seconds.
◇ Test aLinhaNuncaAprovaEContaOQueNaoFoiExaminado() started.
✔ Test aLinhaNuncaAprovaEContaOQueNaoFoiExaminado() passed after 0.013 seconds.
◇ Test artefatoAcimaDoTetoRecusaVeredictoEmVezDeLerUmPedaco() started.
✔ Test artefatoAcimaDoTetoRecusaVeredictoEmVezDeLerUmPedaco() passed after 0.001 seconds.
◇ Test conferenciaDeVersaoAntigaNaoSeAplicaAVersaoNova() started.
✔ Test conferenciaDeVersaoAntigaNaoSeAplicaAVersaoNova() passed after 0.007 seconds.
◇ Test acessoNegadoNaoLeOArtefatoENaoGravaConferencia() started.
✔ Test acessoNegadoNaoLeOArtefatoENaoGravaConferencia() passed after 0.003 seconds.
◇ Test falhaAoGravarAConferenciaPreservaOArtefatoJaCommitado() started.
✔ Test falhaAoGravarAConferenciaPreservaOArtefatoJaCommitado() passed after 0.009 seconds.
◇ Test exportarMarkdownNaoLevaConferenciaEImportarNaoCriaUma() started.
✔ Test exportarMarkdownNaoLevaConferenciaEImportarNaoCriaUma() passed after 0.008 seconds.
◇ Test aMensagemLevaPedidoArtefatoECriteriosInteiros() started.
✔ Test aMensagemLevaPedidoArtefatoECriteriosInteiros() passed after 0.008 seconds.
◇ Test parserRecusaChaveAlemDoContrato() started.
✔ Test parserRecusaChaveAlemDoContrato() passed after 0.001 seconds.
◇ Test parserRecusaSituacaoOuFonteForaDaLista() started.
✔ Test parserRecusaSituacaoOuFonteForaDaLista() passed after 0.001 seconds.
◇ Test citacaoQueNaoEstaNoOriginalViraInconclusivoESomeDaTela() started.
✔ Test citacaoQueNaoEstaNoOriginalViraInconclusivoESomeDaTela() passed after 0.001 seconds.
◇ Test citacaoLiteralPassaEPreservaOQueAIADisse() started.
✔ Test citacaoLiteralPassaEPreservaOQueAIADisse() passed after 0.001 seconds.
◇ Test jsonInvalidoDeixaARevisaoIndisponivelSemInventarAusenciaDeProblema() started.
✔ Test jsonInvalidoDeixaARevisaoIndisponivelSemInventarAusenciaDeProblema() passed after 0.001 seconds.
◇ Test aProvenienciaGravadaEODoProvedorEfetivoNaoDaConfiguracao() started.
✔ Test aProvenienciaGravadaEODoProvedorEfetivoNaoDaConfiguracao() passed after 0.001 seconds.
◇ Test aRespostaFavoravelNaoAprovaEDizQuemNaoApontou() started.
✔ Test aRespostaFavoravelNaoAprovaEDizQuemNaoApontou() passed after 0.001 seconds.
◇ Test acimaDaJanelaDoProvedorFicaIndisponivelSemCortarNemChamar() started.
✔ Test acimaDaJanelaDoProvedorFicaIndisponivelSemCortarNemChamar() passed after 0.001 seconds.
◇ Test retornoIncompletoNaoInventaQueOProvedorNaoLeuOArtefato() started.
✔ Test retornoIncompletoNaoInventaQueOProvedorNaoLeuOArtefato() passed after 0.001 seconds.
◇ Test gerarNaoDisparaRevisaoDaIA() started.
✔ Test gerarNaoDisparaRevisaoDaIA() passed after 0.010 seconds.
◇ Test conferirComIAGravaOutraConferenciaSemApagarALocal() started.
✔ Test conferirComIAGravaOutraConferenciaSemApagarALocal() passed after 0.010 seconds.
◇ Test acessoNegadoNaoChamaAIANemGravaRevisao() started.
✔ Test acessoNegadoNaoChamaAIANemGravaRevisao() passed after 0.003 seconds.
◇ Test duasDivergenciasViramOPedidoDeAjusteNasPalavrasDaConferencia() started.
✔ Test duasDivergenciasViramOPedidoDeAjusteNasPalavrasDaConferencia() passed after 0.001 seconds.
◇ Test semDivergenciaNaoHaPedidoDeAjuste() started.
✔ Test semDivergenciaNaoHaPedidoDeAjuste() passed after 0.008 seconds.
◇ Test versaoSemConferenciaTemRotaParaAPrimeiraPeloPedidoQueAProduziu() started.
✔ Test versaoSemConferenciaTemRotaParaAPrimeiraPeloPedidoQueAProduziu() passed after 0.001 seconds.
◇ Test tresInconclusivosNaoViramAusenciaDeDivergencia() started.
✔ Test tresInconclusivosNaoViramAusenciaDeDivergencia() passed after 0.001 seconds.
◇ Test versaoImportadaNaoOfereceConferenciaContraPedidoAlheio() started.
✔ Test versaoImportadaNaoOfereceConferenciaContraPedidoAlheio() passed after 0.001 seconds.
◇ Test semContaGrokNaoHaBotaoDaIAEHaLinhaQueDizPorQue() started.
✔ Test semContaGrokNaoHaBotaoDaIAEHaLinhaQueDizPorQue() passed after 0.001 seconds.
◇ Test criterioComNomeDeEnumNoTituloDerrubaARevisaoInteira() started.
✔ Test criterioComNomeDeEnumNoTituloDerrubaARevisaoInteira() passed after 0.001 seconds.
✔ Suite ConferenciaTrabalhoTests passed after 0.205 seconds.
◇ Suite ContinuidadeTrabalhoTests started.
◇ Test espanholRetomaTentativaRelatoEFeedbackSemInventarRealizacao() started.
✔ Test espanholRetomaTentativaRelatoEFeedbackSemInventarRealizacao() passed after 0.003 seconds.
◇ Test historicoLongoPreservaRetornoRecenteENucleoNosDoisMotores() started.
✔ Test historicoLongoPreservaRetornoRecenteENucleoNosDoisMotores() passed after 0.001 seconds.
✔ Suite ContinuidadeTrabalhoTests passed after 0.005 seconds.
◇ Suite ConversaNotasTests started.
◇ Test fecharImpedeSucessoOuFalhaTardiaDeReabrirCartao() started.
✔ Test fecharImpedeSucessoOuFalhaTardiaDeReabrirCartao() passed after 0.001 seconds.
◇ Test retornoAntigoNaoConcluiNovoPedidoNemSubstituiNovaResposta() started.
✔ Test retornoAntigoNaoConcluiNovoPedidoNemSubstituiNovaResposta() passed after 0.001 seconds.
◇ Test repetirMantemPerguntaFalhaETextoNovoDigitado() started.
✔ Test repetirMantemPerguntaFalhaETextoNovoDigitado() passed after 0.001 seconds.
◇ Test interromperPreservaPedidoParaRetomarSemAceitarRespostaAntiga() started.
✔ Test interromperPreservaPedidoParaRetomarSemAceitarRespostaAntiga() passed after 0.001 seconds.
◇ Test semModeloNaoEnviaNemApagaBusca() started.
✔ Test semModeloNaoEnviaNemApagaBusca() passed after 0.001 seconds.
◇ Test dependenciaViajaComTrocaEHistoricoRevogadoSaiMesmoNaFalha() started.
✔ Test dependenciaViajaComTrocaEHistoricoRevogadoSaiMesmoNaFalha() passed after 0.001 seconds.
◇ Test envioDuplicadoNaoIniciaOutraChamadaNemApagaRascunho() started.
✔ Test envioDuplicadoNaoIniciaOutraChamadaNemApagaRascunho() passed after 0.001 seconds.
✔ Suite ConversaNotasTests passed after 0.005 seconds.
◇ Suite DitadoProprioTests started.
◇ Test "o áudio antes da letra: a nota é depositada ANTES de a transcrição ser pedida" started.
✔ Test "o áudio antes da letra: a nota é depositada ANTES de a transcrição ser pedida" passed after 0.001 seconds.
◇ Test "falha de transcrição preserva o áudio e diz a verdade; nunca finge que transcreveu" started.
✔ Test "falha de transcrição preserva o áudio e diz a verdade; nunca finge que transcreveu" passed after 0.001 seconds.
◇ Test "silêncio não é sucesso: sem palavra nenhuma a nota fica com o áudio e o estado é honesto" started.
✔ Test "silêncio não é sucesso: sem palavra nenhuma a nota fica com o áudio e o estado é honesto" passed after 0.001 seconds.
◇ Test "tentar de novo é a recuperação: o mesmo áudio, a letra que faltava" started.
✔ Test "tentar de novo é a recuperação: o mesmo áudio, a letra que faltava" passed after 0.001 seconds.
◇ Test "disco recusa o depósito: a tela NÃO diz sem microfone — o áudio existe, a nota é que não entrou" started.
✔ Test "disco recusa o depósito: a tela NÃO diz sem microfone — o áudio existe, a nota é que não entrou" passed after 0.001 seconds.
◇ Test "disco volta: tentar de novo é o MESMO depósito, e a letra vem depois dele" started.
✔ Test "disco volta: tentar de novo é o MESMO depósito, e a letra vem depois dele" passed after 0.001 seconds.
◇ Test "microfone negado: nada é gravado e a tela diz por quê" started.
✔ Test "microfone negado: nada é gravado e a tela diz por quê" passed after 0.001 seconds.
◇ Test "o corpo da nota: o marcador do anexo é uma linha só, e a origem é a última" started.
✔ Test "o corpo da nota: o marcador do anexo é uma linha só, e a origem é a última" passed after 0.001 seconds.
◇ Test "o áudio mora no cofre de anexos, com a extensão que a nota vai procurar" started.
✔ Test "o áudio mora no cofre de anexos, com a extensão que a nota vai procurar" passed after 0.001 seconds.
◇ Test "traco://ditar não é Destino: anuncia o ditado e a Página não faz nada" started.
✔ Test "traco://ditar não é Destino: anuncia o ditado e a Página não faz nada" passed after 0.001 seconds.
◇ Test "dois ditados sobrepostos: cada um escreve na SUA nota, e não nasce nota órfã" started.
✔ Test "dois ditados sobrepostos: cada um escreve na SUA nota, e não nasce nota órfã" passed after 0.020 seconds.
◇ Test "a nota do ditado volta para quem a pediu: o caminho de conferir existe" started.
✔ Test "a nota do ditado volta para quem a pediu: o caminho de conferir existe" passed after 0.012 seconds.
✔ Suite DitadoProprioTests passed after 0.051 seconds.
◇ Suite EscritaPessoalTests started.
◇ Test osDoisMetodosEntramMesmoPelaPastaDoAutor() started.
✔ Test osDoisMetodosEntramMesmoPelaPastaDoAutor() passed after 0.005 seconds.
◇ Test osSeteCongeladosBatemComOBundle() started.
✔ Test osSeteCongeladosBatemComOBundle() passed after 0.001 seconds.
◇ Test nenhumaDas22ViraExercicio() started.
✔ Test nenhumaDas22ViraExercicio() passed after 0.011 seconds.
◇ Test oQueOsDoisMetodosLevamComRazaoContinuaDeles() started.
✔ Test oQueOsDoisMetodosLevamComRazaoContinuaDeles() passed after 0.015 seconds.
◇ Test osVinteDoRevisorG3NaoViramExercicio() started.
✔ Test osVinteDoRevisorG3NaoViramExercicio() passed after 0.007 seconds.
◇ Test osMeusVinteNaoViramExercicio() started.
✔ Test osMeusVinteNaoViramExercicio() passed after 0.012 seconds.
◇ Test cadaUmaDasMinhasBateNumaPortaDiferente() started.
✔ Test cadaUmaDasMinhasBateNumaPortaDiferente() passed after 0.005 seconds.
◇ Test aEscritaPessoalCalaOModelo() started.
✔ Test aEscritaPessoalCalaOModelo() passed after 0.001 seconds.
◇ Test aSessaoReconheceAEscritaPessoalDoTextoCru() started.
✔ Test aSessaoReconheceAEscritaPessoalDoTextoCru() passed after 0.001 seconds.
◇ Test aGuardaOlhaOTextoENaoOMetodo() started.
✔ Test aGuardaOlhaOTextoENaoOMetodo() passed after 0.001 seconds.
◇ Test aNotaComumDeTrabalhoContinuaAchandoAForma() started.
✔ Test aNotaComumDeTrabalhoContinuaAchandoAForma() passed after 0.054 seconds.
◇ Test todaPortaDeMainTemPeloMenosDuasFrases() started.
✔ Test todaPortaDeMainTemPeloMenosDuasFrases() passed after 0.001 seconds.
◇ Test asDuasReguasValemAoMesmoTempo() started.
✔ Test asDuasReguasValemAoMesmoTempo() passed after 0.090 seconds.
◇ Test oDesabafoComGanchoDeRoteamentoNaoViraExercicio() started.
✔ Test oDesabafoComGanchoDeRoteamentoNaoViraExercicio() passed after 0.014 seconds.
◇ Test cadaFamiliaTemUmaSondaAbaixoDoTeto() started.
✔ Test cadaFamiliaTemUmaSondaAbaixoDoTeto() passed after 0.007 seconds.
◇ Test aPalavraDeDuplaVidaSozinhaNaoDecide() started.
✔ Test aPalavraDeDuplaVidaSozinhaNaoDecide() passed after 0.009 seconds.
✔ Suite EscritaPessoalTests passed after 0.238 seconds.
◇ Suite EscritaVisivelTests started.
◇ Test aLinhaFicaNoPapelEmCadaQuadroDaGaveta(tamanho:) started.
◇ Test case passing 1 argument tamanho → UIContentSizeCategory(rawValue: "UICTContentSizeCategoryAccessibilityXXXL") to aLinhaFicaNoPapelEmCadaQuadroDaGaveta(tamanho:) started.
ESCRITA teclado AX5: EMULADO pela área segura 318 pt (8 tentativa(s)), papel 256–504 pt, topo do teclado 556 pt, inset extra 284 pt, TextKit 2
2026-09-09 21:37:11.911601-0300 Traco[14421:18004626] Lexicon creation for pt_BR failed: Error Domain=com.apple.Lexicon.ErrorDomain Code=0 "Could not determine the location of the base unigrams file, or one was not provided." UserInfo={NSLocalizedDescription=Could not determine the location of the base unigrams file, or one was not provided.}
GAVETA AX5, cartão a chegar: 84 quadros em 1.42 s (cadência 16.7 ms, sonda 2.4 ms/quadro), 0 fora do papel (E ⊄ P), 0 cobertos (P ∩ O ≠ ∅)
GAVETA AX5, aviso no lugar do cartão: 87 quadros em 1.43 s (cadência 16.7 ms, sonda 2.3 ms/quadro), 0 fora do papel (E ⊄ P), 0 cobertos (P ∩ O ≠ ∅)
GAVETA AX5, toast por cima do encaixe: 87 quadros em 1.43 s (cadência 16.7 ms, sonda 3.0 ms/quadro), 0 fora do papel (E ⊄ P), 0 cobertos (P ∩ O ≠ ∅)
GAVETA AX5: teclado emulado 318 pt, 0 quadro(s) com a linha ativa fora do papel, 0 quadro(s) com outra superfície sobre ela
GAVETA AX5, sonda adversarial: camada 182–216 pt sobre a linha 166–232 (322 pt de largura); 51 quadros, 35 acusados (P ∩ O ≠ ∅), 0 fora do papel; primeiro achado: CALayer 0,183 402×33
2026-09-09 21:37:20.840827-0300 Traco[14421:18004624]        CHHapticPattern.mm:487   +[CHHapticPattern patternForKey:error:]: Failed to read pattern library data: Error Domain=NSCocoaErrorDomain Code=260 "O arquivo “hapticpatternlibrary.plist” não pôde ser aberto porque tal arquivo não existe." UserInfo={NSFilePath=/Library/Audio/Tunings/Generic/Haptics/Library/hapticpatternlibrary.plist, NSURL=file:///Library/Audio/Tunings/Generic/Haptics/Library/hapticpatternlibrary.plist, NSUnderlyingError=0x1085dbab0 {Error Domain=NSPOSIXErrorDomain Code=2 "No such file or directory"}}
2026-09-09 21:37:20.841026-0300 Traco[14421:18004624] [UIKBFeedbackGenerator] <_UIKBFeedbackGenerator: 0x11823c540>: Error creating CHHapticPattern: Error Domain=NSCocoaErrorDomain Code=260 "O arquivo “hapticpatternlibrary.plist” não pôde ser aberto porque tal arquivo não existe." UserInfo={NSFilePath=/Library/Audio/Tunings/Generic/Haptics/Library/hapticpatternlibrary.plist, NSURL=file:///Library/Audio/Tunings/Generic/Haptics/Library/hapticpatternlibrary.plist, NSUnderlyingError=0x1085dbab0 {Error Domain=NSPOSIXErrorDomain Code=2 "No such file or directory"}}
2026-09-09 21:37:20.841194-0300 Traco[14421:18004624]        CHHapticPattern.mm:487   +[CHHapticPattern patternForKey:error:]: Failed to read pattern library data: Error Domain=NSCocoaErrorDomain Code=260 "O arquivo “hapticpatternlibrary.plist” não pôde ser aberto porque tal arquivo não existe." UserInfo={NSFilePath=/Library/Audio/Tunings/Generic/Haptics/Library/hapticpatternlibrary.plist, NSURL=file:///Library/Audio/Tunings/Generic/Haptics/Library/hapticpatternlibrary.plist, NSUnderlyingError=0x1085dbba0 {Error Domain=NSPOSIXErrorDomain Code=2 "No such file or directory"}}
2026-09-09 21:37:20.841431-0300 Traco[14421:18004624] [UIKBFeedbackGenerator] <_UIKBFeedbackGenerator: 0x11823c540>: Error creating CHHapticPattern: Error Domain=NSCocoaErrorDomain Code=260 "O arquivo “hapticpatternlibrary.plist” não pôde ser aberto porque tal arquivo não existe." UserInfo={NSFilePath=/Library/Audio/Tunings/Generic/Haptics/Library/hapticpatternlibrary.plist, NSURL=file:///Library/Audio/Tunings/Generic/Haptics/Library/hapticpatternlibrary.plist, NSUnderlyingError=0x1085dbba0 {Error Domain=NSPOSIXErrorDomain Code=2 "No such file or directory"}}
2026-09-09 21:37:20.841598-0300 Traco[14421:18004624]        CHHapticPattern.mm:487   +[CHHapticPattern patternForKey:error:]: Failed to read pattern library data: Error Domain=NSCocoaErrorDomain Code=260 "O arquivo “hapticpatternlibrary.plist” não pôde ser aberto porque tal arquivo não existe." UserInfo={NSFilePath=/Library/Audio/Tunings/Generic/Haptics/Library/hapticpatternlibrary.plist, NSURL=file:///Library/Audio/Tunings/Generic/Haptics/Library/hapticpatternlibrary.plist, NSUnderlyingError=0x1085dbab0 {Error Domain=NSPOSIXErrorDomain Code=2 "No such file or directory"}}
2026-09-09 21:37:20.841744-0300 Traco[14421:18004624] [UIKBFeedbackGenerator] <_UIKBFeedbackGenerator: 0x11823c540>: Error creating CHHapticPattern: Error Domain=NSCocoaErrorDomain Code=260 "O arquivo “hapticpatternlibrary.plist” não pôde ser aberto porque tal arquivo não existe." UserInfo={NSFilePath=/Library/Audio/Tunings/Generic/Haptics/Library/hapticpatternlibrary.plist, NSURL=file:///Library/Audio/Tunings/Generic/Haptics/Library/hapticpatternlibrary.plist, NSUnderlyingError=0x1085dbab0 {Error Domain=NSPOSIXErrorDomain Code=2 "No such file or directory"}}
2026-09-09 21:37:20.841972-0300 Traco[14421:18004624]        CHHapticPattern.mm:487   +[CHHapticPattern patternForKey:error:]: Failed to read pattern library data: Error Domain=NSCocoaErrorDomain Code=260 "O arquivo “hapticpatternlibrary.plist” não pôde ser aberto porque tal arquivo não existe." UserInfo={NSFilePath=/Library/Audio/Tunings/Generic/Haptics/Library/hapticpatternlibrary.plist, NSURL=file:///Library/Audio/Tunings/Generic/Haptics/Library/hapticpatternlibrary.plist, NSUnderlyingError=0x1085dbba0 {Error Domain=NSPOSIXErrorDomain Code=2 "No such file or directory"}}
2026-09-09 21:37:20.842094-0300 Traco[14421:18004624] [UIKBFeedbackGenerator] <_UIKBFeedbackGenerator: 0x11823c540>: Error creating CHHapticPattern: Error Domain=NSCocoaErrorDomain Code=260 "O arquivo “hapticpatternlibrary.plist” não pôde ser aberto porque tal arquivo não existe." UserInfo={NSFilePath=/Library/Audio/Tunings/Generic/Haptics/Library/hapticpatternlibrary.plist, NSURL=file:///Library/Audio/Tunings/Generic/Haptics/Library/hapticpatternlibrary.plist, NSUnderlyingError=0x1085dbba0 {Error Domain=NSPOSIXErrorDomain Code=2 "No such file or directory"}}
2026-09-09 21:37:20.842214-0300 Traco[14421:18004624]        CHHapticPattern.mm:487   +[CHHapticPattern patternForKey:error:]: Failed to read pattern library data: Error Domain=NSCocoaErrorDomain Code=260 "O arquivo “hapticpatternlibrary.plist” não pôde ser aberto porque tal arquivo não existe." UserInfo={NSFilePath=/Library/Audio/Tunings/Generic/Haptics/Library/hapticpatternlibrary.plist, NSURL=file:///Library/Audio/Tunings/Generic/Haptics/Library/hapticpatternlibrary.plist, NSUnderlyingError=0x1085dbab0 {Error Domain=NSPOSIXErrorDomain Code=2 "No such file or directory"}}
2026-09-09 21:37:20.842331-0300 Traco[14421:18004624] [UIKBFeedbackGenerator] <_UIKBFeedbackGenerator: 0x11823c540>: Error creating CHHapticPattern: Error Domain=NSCocoaErrorDomain Code=260 "O arquivo “hapticpatternlibrary.plist” não pôde ser aberto porque tal arquivo não existe." UserInfo={NSFilePath=/Library/Audio/Tunings/Generic/Haptics/Library/hapticpatternlibrary.plist, NSURL=file:///Library/Audio/Tunings/Generic/Haptics/Library/hapticpatternlibrary.plist, NSUnderlyingError=0x1085dbab0 {Error Domain=NSPOSIXErrorDomain Code=2 "No such file or directory"}}
2026-09-09 21:37:20.842481-0300 Traco[14421:18004624]        CHHapticPattern.mm:487   +[CHHapticPattern patternForKey:error:]: Failed to read pattern library data: Error Domain=NSCocoaErrorDomain Code=260 "O arquivo “hapticpatternlibrary.plist” não pôde ser aberto porque tal arquivo não existe." UserInfo={NSFilePath=/Library/Audio/Tunings/Generic/Haptics/Library/hapticpatternlibrary.plist, NSURL=file:///Library/Audio/Tunings/Generic/Haptics/Library/hapticpatternlibrary.plist, NSUnderlyingError=0x1085dbba0 {Error Domain=NSPOSIXErrorDomain Code=2 "No such file or directory"}}
2026-09-09 21:37:20.842635-0300 Traco[14421:18004624] [UIKBFeedbackGenerator] <_UIKBFeedbackGenerator: 0x11823c540>: Error creating CHHapticPattern: Error Domain=NSCocoaErrorDomain Code=260 "O arquivo “hapticpatternlibrary.plist” não pôde ser aberto porque tal arquivo não existe." UserInfo={NSFilePath=/Library/Audio/Tunings/Generic/Haptics/Library/hapticpatternlibrary.plist, NSURL=file:///Library/Audio/Tunings/Generic/Haptics/Library/hapticpatternlibrary.plist, NSUnderlyingError=0x1085dbba0 {Error Domain=NSPOSIXErrorDomain Code=2 "No such file or directory"}}
2026-09-09 21:37:20.842760-0300 Traco[14421:18004624]        CHHapticPattern.mm:487   +[CHHapticPattern patternForKey:error:]: Failed to read pattern library data: Error Domain=NSCocoaErrorDomain Code=260 "O arquivo “hapticpatternlibrary.plist” não pôde ser aberto porque tal arquivo não existe." UserInfo={NSFilePath=/Library/Audio/Tunings/Generic/Haptics/Library/hapticpatternlibrary.plist, NSURL=file:///Library/Audio/Tunings/Generic/Haptics/Library/hapticpatternlibrary.plist, NSUnderlyingError=0x1085dbab0 {Error Domain=NSPOSIXErrorDomain Code=2 "No such file or directory"}}
2026-09-09 21:37:20.842891-0300 Traco[14421:18004624] [UIKBFeedbackGenerator] <_UIKBFeedbackGenerator: 0x11823c540>: Error creating CHHapticPattern: Error Domain=NSCocoaErrorDomain Code=260 "O arquivo “hapticpatternlibrary.plist” não pôde ser aberto porque tal arquivo não existe." UserInfo={NSFilePath=/Library/Audio/Tunings/Generic/Haptics/Library/hapticpatternlibrary.plist, NSURL=file:///Library/Audio/Tunings/Generic/Haptics/Library/hapticpatternlibrary.plist, NSUnderlyingError=0x1085dbab0 {Error Domain=NSPOSIXErrorDomain Code=2 "No such file or directory"}}
2026-09-09 21:37:20.843013-0300 Traco[14421:18004624]        CHHapticPattern.mm:487   +[CHHapticPattern patternForKey:error:]: Failed to read pattern library data: Error Domain=NSCocoaErrorDomain Code=260 "O arquivo “hapticpatternlibrary.plist” não pôde ser aberto porque tal arquivo não existe." UserInfo={NSFilePath=/Library/Audio/Tunings/Generic/Haptics/Library/hapticpatternlibrary.plist, NSURL=file:///Library/Audio/Tunings/Generic/Haptics/Library/hapticpatternlibrary.plist, NSUnderlyingError=0x1085dbba0 {Error Domain=NSPOSIXErrorDomain Code=2 "No such file or directory"}}
2026-09-09 21:37:20.843115-0300 Traco[14421:18004624] [UIKBFeedbackGenerator] <_UIKBFeedbackGenerator: 0x11823c540>: Error creating CHHapticPattern: Error Domain=NSCocoaErrorDomain Code=260 "O arquivo “hapticpatternlibrary.plist” não pôde ser aberto porque tal arquivo não existe." UserInfo={NSFilePath=/Library/Audio/Tunings/Generic/Haptics/Library/hapticpatternlibrary.plist, NSURL=file:///Library/Audio/Tunings/Generic/Haptics/Library/hapticpatternlibrary.plist, NSUnderlyingError=0x1085dbba0 {Error Domain=NSPOSIXErrorDomain Code=2 "No such file or directory"}}
2026-09-09 21:37:20.843238-0300 Traco[14421:18004624]        CHHapticPattern.mm:487   +[CHHapticPattern patternForKey:error:]: Failed to read pattern library data: Error Domain=NSCocoaErrorDomain Code=260 "O arquivo “hapticpatternlibrary.plist” não pôde ser aberto porque tal arquivo não existe." UserInfo={NSFilePath=/Library/Audio/Tunings/Generic/Haptics/Library/hapticpatternlibrary.plist, NSURL=file:///Library/Audio/Tunings/Generic/Haptics/Library/hapticpatternlibrary.plist, NSUnderlyingError=0x1085dbab0 {Error Domain=NSPOSIXErrorDomain Code=2 "No such file or directory"}}
2026-09-09 21:37:20.843360-0300 Traco[14421:18004624] [UIKBFeedbackGenerator] <_UIKBFeedbackGenerator: 0x11823c540>: Error creating CHHapticPattern: Error Domain=NSCocoaErrorDomain Code=260 "O arquivo “hapticpatternlibrary.plist” não pôde ser aberto porque tal arquivo não existe." UserInfo={NSFilePath=/Library/Audio/Tunings/Generic/Haptics/Library/hapticpatternlibrary.plist, NSURL=file:///Library/Audio/Tunings/Generic/Haptics/Library/hapticpatternlibrary.plist, NSUnderlyingError=0x1085dbab0 {Error Domain=NSPOSIXErrorDomain Code=2 "No such file or directory"}}
​◇ Test case passing 1 argument tamanho → UIContentSizeCategory(rawValue: "UICTContentSizeCategoryL") to aLinhaFicaNoPapelEmCadaQuadroDaGaveta(tamanho:) started.
2026-09-09 21:37:22.295604-0300 Traco[14421:18004626]        CHHapticPattern.mm:487   +[CHHapticPattern patternForKey:error:]: Failed to read pattern library data: Error Domain=NSCocoaErrorDomain Code=260 "O arquivo “hapticpatternlibrary.plist” não pôde ser aberto porque tal arquivo não existe." UserInfo={NSFilePath=/Library/Audio/Tunings/Generic/Haptics/Library/hapticpatternlibrary.plist, NSURL=file:///Library/Audio/Tunings/Generic/Haptics/Library/hapticpatternlibrary.plist, NSUnderlyingError=0x1085dbc00 {Error Domain=NSPOSIXErrorDomain Code=2 "No such file or directory"}}
2026-09-09 21:37:22.295746-0300 Traco[14421:18004626] [UIKBFeedbackGenerator] <_UIKBFeedbackGenerator: 0x11823c540>: Error creating CHHapticPattern: Error Domain=NSCocoaErrorDomain Code=260 "O arquivo “hapticpatternlibrary.plist” não pôde ser aberto porque tal arquivo não existe." UserInfo={NSFilePath=/Library/Audio/Tunings/Generic/Haptics/Library/hapticpatternlibrary.plist, NSURL=file:///Library/Audio/Tunings/Generic/Haptics/Library/hapticpatternlibrary.plist, NSUnderlyingError=0x1085dbc00 {Error Domain=NSPOSIXErrorDomain Code=2 "No such file or directory"}}
2026-09-09 21:37:22.295926-0300 Traco[14421:18004626]        CHHapticPattern.mm:487   +[CHHapticPattern patternForKey:error:]: Failed to read pattern library data: Error Domain=NSCocoaErrorDomain Code=260 "O arquivo “hapticpatternlibrary.plist” não pôde ser aberto porque tal arquivo não existe." UserInfo={NSFilePath=/Library/Audio/Tunings/Generic/Haptics/Library/hapticpatternlibrary.plist, NSURL=file:///Library/Audio/Tunings/Generic/Haptics/Library/hapticpatternlibrary.plist, NSUnderlyingError=0x1085dbcf0 {Error Domain=NSPOSIXErrorDomain Code=2 "No such file or directory"}}
2026-09-09 21:37:22.296087-0300 Traco[14421:18004626] [UIKBFeedbackGenerator] <_UIKBFeedbackGenerator: 0x11823c540>: Error creating CHHapticPattern: Error Domain=NSCocoaErrorDomain Code=260 "O arquivo “hapticpatternlibrary.plist” não pôde ser aberto porque tal arquivo não existe." UserInfo={NSFilePath=/Library/Audio/Tunings/Generic/Haptics/Library/hapticpatternlibrary.plist, NSURL=file:///Library/Audio/Tunings/Generic/Haptics/Library/hapticpatternlibrary.plist, NSUnderlyingError=0x1085dbcf0 {Error Domain=NSPOSIXErrorDomain Code=2 "No such file or directory"}}
2026-09-09 21:37:22.296275-0300 Traco[14421:18004626]        CHHapticPattern.mm:487   +[CHHapticPattern patternForKey:error:]: Failed to read pattern library data: Error Domain=NSCocoaErrorDomain Code=260 "O arquivo “hapticpatternlibrary.plist” não pôde ser aberto porque tal arquivo não existe." UserInfo={NSFilePath=/Library/Audio/Tunings/Generic/Haptics/Library/hapticpatternlibrary.plist, NSURL=file:///Library/Audio/Tunings/Generic/Haptics/Library/hapticpatternlibrary.plist, NSUnderlyingError=0x1085dbc00 {Error Domain=NSPOSIXErrorDomain Code=2 "No such file or directory"}}
2026-09-09 21:37:22.296378-0300 Traco[14421:18004626] [UIKBFeedbackGenerator] <_UIKBFeedbackGenerator: 0x11823c540>: Error creating CHHapticPattern: Error Domain=NSCocoaErrorDomain Code=260 "O arquivo “hapticpatternlibrary.plist” não pôde ser aberto porque tal arquivo não existe." UserInfo={NSFilePath=/Library/Audio/Tunings/Generic/Haptics/Library/hapticpatternlibrary.plist, NSURL=file:///Library/Audio/Tunings/Generic/Haptics/Library/hapticpatternlibrary.plist, NSUnderlyingError=0x1085dbc00 {Error Domain=NSPOSIXErrorDomain Code=2 "No such file or directory"}}
2026-09-09 21:37:22.296524-0300 Traco[14421:18004626]        CHHapticPattern.mm:487   +[CHHapticPattern patternForKey:error:]: Failed to read pattern library data: Error Domain=NSCocoaErrorDomain Code=260 "O arquivo “hapticpatternlibrary.plist” não pôde ser aberto porque tal arquivo não existe." UserInfo={NSFilePath=/Library/Audio/Tunings/Generic/Haptics/Library/hapticpatternlibrary.plist, NSURL=file:///Library/Audio/Tunings/Generic/Haptics/Library/hapticpatternlibrary.plist, NSUnderlyingError=0x1085dbcf0 {Error Domain=NSPOSIXErrorDomain Code=2 "No such file or directory"}}
2026-09-09 21:37:22.296633-0300 Traco[14421:18004626] [UIKBFeedbackGenerator] <_UIKBFeedbackGenerator: 0x11823c540>: Error creating CHHapticPattern: Error Domain=NSCocoaErrorDomain Code=260 "O arquivo “hapticpatternlibrary.plist” não pôde ser aberto porque tal arquivo não existe." UserInfo={NSFilePath=/Library/Audio/Tunings/Generic/Haptics/Library/hapticpatternlibrary.plist, NSURL=file:///Library/Audio/Tunings/Generic/Haptics/Library/hapticpatternlibrary.plist, NSUnderlyingError=0x1085dbcf0 {Error Domain=NSPOSIXErrorDomain Code=2 "No such file or directory"}}
2026-09-09 21:37:22.296764-0300 Traco[14421:18004626]        CHHapticPattern.mm:487   +[CHHapticPattern patternForKey:error:]: Failed to read pattern library data: Error Domain=NSCocoaErrorDomain Code=260 "O arquivo “hapticpatternlibrary.plist” não pôde ser aberto porque tal arquivo não existe." UserInfo={NSFilePath=/Library/Audio/Tunings/Generic/Haptics/Library/hapticpatternlibrary.plist, NSURL=file:///Library/Audio/Tunings/Generic/Haptics/Library/hapticpatternlibrary.plist, NSUnderlyingError=0x1085dbc00 {Error Domain=NSPOSIXErrorDomain Code=2 "No such file or directory"}}
2026-09-09 21:37:22.296923-0300 Traco[14421:18004626] [UIKBFeedbackGenerator] <_UIKBFeedbackGenerator: 0x11823c540>: Error creating CHHapticPattern: Error Domain=NSCocoaErrorDomain Code=260 "O arquivo “hapticpatternlibrary.plist” não pôde ser aberto porque tal arquivo não existe." UserInfo={NSFilePath=/Library/Audio/Tunings/Generic/Haptics/Library/hapticpatternlibrary.plist, NSURL=file:///Library/Audio/Tunings/Generic/Haptics/Library/hapticpatternlibrary.plist, NSUnderlyingError=0x1085dbc00 {Error Domain=NSPOSIXErrorDomain Code=2 "No such file or directory"}}
2026-09-09 21:37:22.297039-0300 Traco[14421:18004626]        CHHapticPattern.mm:487   +[CHHapticPattern patternForKey:error:]: Failed to read pattern library data: Error Domain=NSCocoaErrorDomain Code=260 "O arquivo “hapticpatternlibrary.plist” não pôde ser aberto porque tal arquivo não existe." UserInfo={NSFilePath=/Library/Audio/Tunings/Generic/Haptics/Library/hapticpatternlibrary.plist, NSURL=file:///Library/Audio/Tunings/Generic/Haptics/Library/hapticpatternlibrary.plist, NSUnderlyingError=0x1085dbcf0 {Error Domain=NSPOSIXErrorDomain Code=2 "No such file or directory"}}
2026-09-09 21:37:22.297158-0300 Traco[14421:18004626] [UIKBFeedbackGenerator] <_UIKBFeedbackGenerator: 0x11823c540>: Error creating CHHapticPattern: Error Domain=NSCocoaErrorDomain Code=260 "O arquivo “hapticpatternlibrary.plist” não pôde ser aberto porque tal arquivo não existe." UserInfo={NSFilePath=/Library/Audio/Tunings/Generic/Haptics/Library/hapticpatternlibrary.plist, NSURL=file:///Library/Audio/Tunings/Generic/Haptics/Library/hapticpatternlibrary.plist, NSUnderlyingError=0x1085dbcf0 {Error Domain=NSPOSIXErrorDomain Code=2 "No such file or directory"}}
2026-09-09 21:37:22.297285-0300 Traco[14421:18004626]        CHHapticPattern.mm:487   +[CHHapticPattern patternForKey:error:]: Failed to read pattern library data: Error Domain=NSCocoaErrorDomain Code=260 "O arquivo “hapticpatternlibrary.plist” não pôde ser aberto porque tal arquivo não existe." UserInfo={NSFilePath=/Library/Audio/Tunings/Generic/Haptics/Library/hapticpatternlibrary.plist, NSURL=file:///Library/Audio/Tunings/Generic/Haptics/Library/hapticpatternlibrary.plist, NSUnderlyingError=0x1085dbc00 {Error Domain=NSPOSIXErrorDomain Code=2 "No such file or directory"}}
2026-09-09 21:37:22.297435-0300 Traco[14421:18004626] [UIKBFeedbackGenerator] <_UIKBFeedbackGenerator: 0x11823c540>: Error creating CHHapticPattern: Error Domain=NSCocoaErrorDomain Code=260 "O arquivo “hapticpatternlibrary.plist” não pôde ser aberto porque tal arquivo não existe." UserInfo={NSFilePath=/Library/Audio/Tunings/Generic/Haptics/Library/hapticpatternlibrary.plist, NSURL=file:///Library/Audio/Tunings/Generic/Haptics/Library/hapticpatternlibrary.plist, NSUnderlyingError=0x1085dbc00 {Error Domain=NSPOSIXErrorDomain Code=2 "No such file or directory"}}
2026-09-09 21:37:22.297570-0300 Traco[14421:18004626]        CHHapticPattern.mm:487   +[CHHapticPattern patternForKey:error:]: Failed to read pattern library data: Error Domain=NSCocoaErrorDomain Code=260 "O arquivo “hapticpatternlibrary.plist” não pôde ser aberto porque tal arquivo não existe." UserInfo={NSFilePath=/Library/Audio/Tunings/Generic/Haptics/Library/hapticpatternlibrary.plist, NSURL=file:///Library/Audio/Tunings/Generic/Haptics/Library/hapticpatternlibrary.plist, NSUnderlyingError=0x1085dbcf0 {Error Domain=NSPOSIXErrorDomain Code=2 "No such file or directory"}}
2026-09-09 21:37:22.297691-0300 Traco[14421:18004626] [UIKBFeedbackGenerator] <_UIKBFeedbackGenerator: 0x11823c540>: Error creating CHHapticPattern: Error Domain=NSCocoaErrorDomain Code=260 "O arquivo “hapticpatternlibrary.plist” não pôde ser aberto porque tal arquivo não existe." UserInfo={NSFilePath=/Library/Audio/Tunings/Generic/Haptics/Library/hapticpatternlibrary.plist, NSURL=file:///Library/Audio/Tunings/Generic/Haptics/Library/hapticpatternlibrary.plist, NSUnderlyingError=0x1085dbcf0 {Error Domain=NSPOSIXErrorDomain Code=2 "No such file or directory"}}
2026-09-09 21:37:22.297832-0300 Traco[14421:18004626]        CHHapticPattern.mm:487   +[CHHapticPattern patternForKey:error:]: Failed to read pattern library data: Error Domain=NSCocoaErrorDomain Code=260 "O arquivo “hapticpatternlibrary.plist” não pôde ser aberto porque tal arquivo não existe." UserInfo={NSFilePath=/Library/Audio/Tunings/Generic/Haptics/Library/hapticpatternlibrary.plist, NSURL=file:///Library/Audio/Tunings/Generic/Haptics/Library/hapticpatternlibrary.plist, NSUnderlyingError=0x1085dbc00 {Error Domain=NSPOSIXErrorDomain Code=2 "No such file or directory"}}
2026-09-09 21:37:22.297931-0300 Traco[14421:18004626] [UIKBFeedbackGenerator] <_UIKBFeedbackGenerator: 0x11823c540>: Error creating CHHapticPattern: Error Domain=NSCocoaErrorDomain Code=260 "O arquivo “hapticpatternlibrary.plist” não pôde ser aberto porque tal arquivo não existe." UserInfo={NSFilePath=/Library/Audio/Tunings/Generic/Haptics/Library/hapticpatternlibrary.plist, NSURL=file:///Library/Audio/Tunings/Generic/Haptics/Library/hapticpatternlibrary.plist, NSUnderlyingError=0x1085dbc00 {Error Domain=NSPOSIXErrorDomain Code=2 "No such file or directory"}}
2026-09-09 21:37:25.566424-0300 Traco[14421:18007246]        CHHapticPattern.mm:487   +[CHHapticPattern patternForKey:error:]: Failed to read pattern library data: Error Domain=NSCocoaErrorDomain Code=260 "O arquivo “hapticpatternlibrary.plist” não pôde ser aberto porque tal arquivo não existe." UserInfo={NSFilePath=/Library/Audio/Tunings/Generic/Haptics/Library/hapticpatternlibrary.plist, NSURL=file:///Library/Audio/Tunings/Generic/Haptics/Library/hapticpatternlibrary.plist, NSUnderlyingError=0x1085db4b0 {Error Domain=NSPOSIXErrorDomain Code=2 "No such file or directory"}}
2026-09-09 21:37:25.566594-0300 Traco[14421:18007246] [UIKBFeedbackGenerator] <_UIKBFeedbackGenerator: 0x11823c540>: Error creating CHHapticPattern: Error Domain=NSCocoaErrorDomain Code=260 "O arquivo “hapticpatternlibrary.plist” não pôde ser aberto porque tal arquivo não existe." UserInfo={NSFilePath=/Library/Audio/Tunings/Generic/Haptics/Library/hapticpatternlibrary.plist, NSURL=file:///Library/Audio/Tunings/Generic/Haptics/Library/hapticpatternlibrary.plist, NSUnderlyingError=0x1085db4b0 {Error Domain=NSPOSIXErrorDomain Code=2 "No such file or directory"}}
2026-09-09 21:37:25.566731-0300 Traco[14421:18007246]        CHHapticPattern.mm:487   +[CHHapticPattern patternForKey:error:]: Failed to read pattern library data: Error Domain=NSCocoaErrorDomain Code=260 "O arquivo “hapticpatternlibrary.plist” não pôde ser aberto porque tal arquivo não existe." UserInfo={NSFilePath=/Library/Audio/Tunings/Generic/Haptics/Library/hapticpatternlibrary.plist, NSURL=file:///Library/Audio/Tunings/Generic/Haptics/Library/hapticpatternlibrary.plist, NSUnderlyingError=0x1085db300 {Error Domain=NSPOSIXErrorDomain Code=2 "No such file or directory"}}
2026-09-09 21:37:25.566860-0300 Traco[14421:18007246] [UIKBFeedbackGenerator] <_UIKBFeedbackGenerator: 0x11823c540>: Error creating CHHapticPattern: Error Domain=NSCocoaErrorDomain Code=260 "O arquivo “hapticpatternlibrary.plist” não pôde ser aberto porque tal arquivo não existe." UserInfo={NSFilePath=/Library/Audio/Tunings/Generic/Haptics/Library/hapticpatternlibrary.plist, NSURL=file:///Library/Audio/Tunings/Generic/Haptics/Library/hapticpatternlibrary.plist, NSUnderlyingError=0x1085db300 {Error Domain=NSPOSIXErrorDomain Code=2 "No such file or directory"}}
2026-09-09 21:37:25.566980-0300 Traco[14421:18007246]        CHHapticPattern.mm:487   +[CHHapticPattern patternForKey:error:]: Failed to read pattern library data: Error Domain=NSCocoaErrorDomain Code=260 "O arquivo “hapticpatternlibrary.plist” não pôde ser aberto porque tal arquivo não existe." UserInfo={NSFilePath=/Library/Audio/Tunings/Generic/Haptics/Library/hapticpatternlibrary.plist, NSURL=file:///Library/Audio/Tunings/Generic/Haptics/Library/hapticpatternlibrary.plist, NSUnderlyingError=0x1085db4b0 {Error Domain=NSPOSIXErrorDomain Code=2 "No such file or directory"}}
2026-09-09 21:37:25.567074-0300 Traco[14421:18007246] [UIKBFeedbackGenerator] <_UIKBFeedbackGenerator: 0x11823c540>: Error creating CHHapticPattern: Error Domain=NSCocoaErrorDomain Code=260 "O arquivo “hapticpatternlibrary.plist” não pôde ser aberto porque tal arquivo não existe." UserInfo={NSFilePath=/Library/Audio/Tunings/Generic/Haptics/Library/hapticpatternlibrary.plist, NSURL=file:///Library/Audio/Tunings/Generic/Haptics/Library/hapticpatternlibrary.plist, NSUnderlyingError=0x1085db4b0 {Error Domain=NSPOSIXErrorDomain Code=2 "No such file or directory"}}
2026-09-09 21:37:25.567243-0300 Traco[14421:18007246]        CHHapticPattern.mm:487   +[CHHapticPattern patternForKey:error:]: Failed to read pattern library data: Error Domain=NSCocoaErrorDomain Code=260 "O arquivo “hapticpatternlibrary.plist” não pôde ser aberto porque tal arquivo não existe." UserInfo={NSFilePath=/Library/Audio/Tunings/Generic/Haptics/Library/hapticpatternlibrary.plist, NSURL=file:///Library/Audio/Tunings/Generic/Haptics/Library/hapticpatternlibrary.plist, NSUnderlyingError=0x1085db300 {Error Domain=NSPOSIXErrorDomain Code=2 "No such file or directory"}}
2026-09-09 21:37:25.567356-0300 Traco[14421:18007246] [UIKBFeedbackGenerator] <_UIKBFeedbackGenerator: 0x11823c540>: Error creating CHHapticPattern: Error Domain=NSCocoaErrorDomain Code=260 "O arquivo “hapticpatternlibrary.plist” não pôde ser aberto porque tal arquivo não existe." UserInfo={NSFilePath=/Library/Audio/Tunings/Generic/Haptics/Library/hapticpatternlibrary.plist, NSURL=file:///Library/Audio/Tunings/Generic/Haptics/Library/hapticpatternlibrary.plist, NSUnderlyingError=0x1085db300 {Error Domain=NSPOSIXErrorDomain Code=2 "No such file or directory"}}
2026-09-09 21:37:25.567475-0300 Traco[14421:18007246]        CHHapticPattern.mm:487   +[CHHapticPattern patternForKey:error:]: Failed to read pattern library data: Error Domain=NSCocoaErrorDomain Code=260 "O arquivo “hapticpatternlibrary.plist” não pôde ser aberto porque tal arquivo não existe." UserInfo={NSFilePath=/Library/Audio/Tunings/Generic/Haptics/Library/hapticpatternlibrary.plist, NSURL=file:///Library/Audio/Tunings/Generic/Haptics/Library/hapticpatternlibrary.plist, NSUnderlyingError=0x1085db4b0 {Error Domain=NSPOSIXErrorDomain Code=2 "No such file or directory"}}
2026-09-09 21:37:25.567626-0300 Traco[14421:18007246] [UIKBFeedbackGenerator] <_UIKBFeedbackGenerator: 0x11823c540>: Error creating CHHapticPattern: Error Domain=NSCocoaErrorDomain Code=260 "O arquivo “hapticpatternlibrary.plist” não pôde ser aberto porque tal arquivo não existe." UserInfo={NSFilePath=/Library/Audio/Tunings/Generic/Haptics/Library/hapticpatternlibrary.plist, NSURL=file:///Library/Audio/Tunings/Generic/Haptics/Library/hapticpatternlibrary.plist, NSUnderlyingError=0x1085db4b0 {Error Domain=NSPOSIXErrorDomain Code=2 "No such file or directory"}}
2026-09-09 21:37:25.567753-0300 Traco[14421:18007246]        CHHapticPattern.mm:487   +[CHHapticPattern patternForKey:error:]: Failed to read pattern library data: Error Domain=NSCocoaErrorDomain Code=260 "O arquivo “hapticpatternlibrary.plist” não pôde ser aberto porque tal arquivo não existe." UserInfo={NSFilePath=/Library/Audio/Tunings/Generic/Haptics/Library/hapticpatternlibrary.plist, NSURL=file:///Library/Audio/Tunings/Generic/Haptics/Library/hapticpatternlibrary.plist, NSUnderlyingError=0x1085db300 {Error Domain=NSPOSIXErrorDomain Code=2 "No such file or directory"}}
2026-09-09 21:37:25.567871-0300 Traco[14421:18007246] [UIKBFeedbackGenerator] <_UIKBFeedbackGenerator: 0x11823c540>: Error creating CHHapticPattern: Error Domain=NSCocoaErrorDomain Code=260 "O arquivo “hapticpatternlibrary.plist” não pôde ser aberto porque tal arquivo não existe." UserInfo={NSFilePath=/Library/Audio/Tunings/Generic/Haptics/Library/hapticpatternlibrary.plist, NSURL=file:///Library/Audio/Tunings/Generic/Haptics/Library/hapticpatternlibrary.plist, NSUnderlyingError=0x1085db300 {Error Domain=NSPOSIXErrorDomain Code=2 "No such file or directory"}}
2026-09-09 21:37:25.568008-0300 Traco[14421:18007246]        CHHapticPattern.mm:487   +[CHHapticPattern patternForKey:error:]: Failed to read pattern library data: Error Domain=NSCocoaErrorDomain Code=260 "O arquivo “hapticpatternlibrary.plist” não pôde ser aberto porque tal arquivo não existe." UserInfo={NSFilePath=/Library/Audio/Tunings/Generic/Haptics/Library/hapticpatternlibrary.plist, NSURL=file:///Library/Audio/Tunings/Generic/Haptics/Library/hapticpatternlibrary.plist, NSUnderlyingError=0x1085db4b0 {Error Domain=NSPOSIXErrorDomain Code=2 "No such file or directory"}}
2026-09-09 21:37:25.568125-0300 Traco[14421:18007246] [UIKBFeedbackGenerator] <_UIKBFeedbackGenerator: 0x11823c540>: Error creating CHHapticPattern: Error Domain=NSCocoaErrorDomain Code=260 "O arquivo “hapticpatternlibrary.plist” não pôde ser aberto porque tal arquivo não existe." UserInfo={NSFilePath=/Library/Audio/Tunings/Generic/Haptics/Library/hapticpatternlibrary.plist, NSURL=file:///Library/Audio/Tunings/Generic/Haptics/Library/hapticpatternlibrary.plist, NSUnderlyingError=0x1085db4b0 {Error Domain=NSPOSIXErrorDomain Code=2 "No such file or directory"}}
2026-09-09 21:37:25.568241-0300 Traco[14421:18007246]        CHHapticPattern.mm:487   +[CHHapticPattern patternForKey:error:]: Failed to read pattern library data: Error Domain=NSCocoaErrorDomain Code=260 "O arquivo “hapticpatternlibrary.plist” não pôde ser aberto porque tal arquivo não existe." UserInfo={NSFilePath=/Library/Audio/Tunings/Generic/Haptics/Library/hapticpatternlibrary.plist, NSURL=file:///Library/Audio/Tunings/Generic/Haptics/Library/hapticpatternlibrary.plist, NSUnderlyingError=0x1085db300 {Error Domain=NSPOSIXErrorDomain Code=2 "No such file or directory"}}
2026-09-09 21:37:25.568333-0300 Traco[14421:18007246] [UIKBFeedbackGenerator] <_UIKBFeedbackGenerator: 0x11823c540>: Error creating CHHapticPattern: Error Domain=NSCocoaErrorDomain Code=260 "O arquivo “hapticpatternlibrary.plist” não pôde ser aberto porque tal arquivo não existe." UserInfo={NSFilePath=/Library/Audio/Tunings/Generic/Haptics/Library/hapticpatternlibrary.plist, NSURL=file:///Library/Audio/Tunings/Generic/Haptics/Library/hapticpatternlibrary.plist, NSUnderlyingError=0x1085db300 {Error Domain=NSPOSIXErrorDomain Code=2 "No such file or directory"}}
2026-09-09 21:37:25.568470-0300 Traco[14421:18007246]        CHHapticPattern.mm:487   +[CHHapticPattern patternForKey:error:]: Failed to read pattern library data: Error Domain=NSCocoaErrorDomain Code=260 "O arquivo “hapticpatternlibrary.plist” não pôde ser aberto porque tal arquivo não existe." UserInfo={NSFilePath=/Library/Audio/Tunings/Generic/Haptics/Library/hapticpatternlibrary.plist, NSURL=file:///Library/Audio/Tunings/Generic/Haptics/Library/hapticpatternlibrary.plist, NSUnderlyingError=0x1085db4b0 {Error Domain=NSPOSIXErrorDomain Code=2 "No such file or directory"}}
2026-09-09 21:37:25.568582-0300 Traco[14421:18007246] [UIKBFeedbackGenerator] <_UIKBFeedbackGenerator: 0x11823c540>: Error creating CHHapticPattern: Error Domain=NSCocoaErrorDomain Code=260 "O arquivo “hapticpatternlibrary.plist” não pôde ser aberto porque tal arquivo não existe." UserInfo={NSFilePath=/Library/Audio/Tunings/Generic/Haptics/Library/hapticpatternlibrary.plist, NSURL=file:///Library/Audio/Tunings/Generic/Haptics/Library/hapticpatternlibrary.plist, NSUnderlyingError=0x1085db4b0 {Error Domain=NSPOSIXErrorDomain Code=2 "No such file or directory"}}
ESCRITA teclado large: de software, na tela 308 pt (2 tentativa(s)), papel 118–408 pt, topo do teclado 566 pt, inset extra 274 pt, TextKit 2
GAVETA large, cartão a chegar: 87 quadros em 1.43 s (cadência 16.7 ms, sonda 3.1 ms/quadro), 0 fora do papel (E ⊄ P), 0 cobertos (P ∩ O ≠ ∅)
GAVETA large, aviso no lugar do cartão: 87 quadros em 1.43 s (cadência 16.7 ms, sonda 2.4 ms/quadro), 0 fora do papel (E ⊄ P), 0 cobertos (P ∩ O ≠ ∅)
GAVETA large, toast por cima do encaixe: 87 quadros em 1.43 s (cadência 16.7 ms, sonda 3.1 ms/quadro), 0 fora do papel (E ⊄ P), 0 cobertos (P ∩ O ≠ ∅)
GAVETA large: teclado real 308 pt, 0 quadro(s) com a linha ativa fora do papel, 0 quadro(s) com outra superfície sobre ela
GAVETA large, sonda adversarial: camada 183–196 pt sobre a linha 176–203 (204 pt de largura); 51 quadros, 35 acusados (P ∩ O ≠ ∅), 0 fora do papel; primeiro achado: CALayer 0,183 402×13
2026-09-09 21:37:36.819194-0300 Traco[14421:18007246]        CHHapticPattern.mm:487   +[CHHapticPattern patternForKey:error:]: Failed to read pattern library data: Error Domain=NSCocoaErrorDomain Code=260 "O arquivo “hapticpatternlibrary.plist” não pôde ser aberto porque tal arquivo não existe." UserInfo={NSFilePath=/Library/Audio/Tunings/Generic/Haptics/Library/hapticpatternlibrary.plist, NSURL=file:///Library/Audio/Tunings/Generic/Haptics/Library/hapticpatternlibrary.plist, NSUnderlyingError=0x11eef16b0 {Error Domain=NSPOSIXErrorDomain Code=2 "No such file or directory"}}
2026-09-09 21:37:36.819332-0300 Traco[14421:18007246] [UIKBFeedbackGenerator] <_UIKBFeedbackGenerator: 0x11823c540>: Error creating CHHapticPattern: Error Domain=NSCocoaErrorDomain Code=260 "O arquivo “hapticpatternlibrary.plist” não pôde ser aberto porque tal arquivo não existe." UserInfo={NSFilePath=/Library/Audio/Tunings/Generic/Haptics/Library/hapticpatternlibrary.plist, NSURL=file:///Library/Audio/Tunings/Generic/Haptics/Library/hapticpatternlibrary.plist, NSUnderlyingError=0x11eef16b0 {Error Domain=NSPOSIXErrorDomain Code=2 "No such file or directory"}}
2026-09-09 21:37:36.819633-0300 Traco[14421:18007246]        CHHapticPattern.mm:487   +[CHHapticPattern patternForKey:error:]: Failed to read pattern library data: Error Domain=NSCocoaErrorDomain Code=260 "O arquivo “hapticpatternlibrary.plist” não pôde ser aberto porque tal arquivo não existe." UserInfo={NSFilePath=/Library/Audio/Tunings/Generic/Haptics/Library/hapticpatternlibrary.plist, NSURL=file:///Library/Audio/Tunings/Generic/Haptics/Library/hapticpatternlibrary.plist, NSUnderlyingError=0x11eef3660 {Error Domain=NSPOSIXErrorDomain Code=2 "No such file or directory"}}
2026-09-09 21:37:36.819794-0300 Traco[14421:18007246] [UIKBFeedbackGenerator] <_UIKBFeedbackGenerator: 0x11823c540>: Error creating CHHapticPattern: Error Domain=NSCocoaErrorDomain Code=260 "O arquivo “hapticpatternlibrary.plist” não pôde ser aberto porque tal arquivo não existe." UserInfo={NSFilePath=/Library/Audio/Tunings/Generic/Haptics/Library/hapticpatternlibrary.plist, NSURL=file:///Library/Audio/Tunings/Generic/Haptics/Library/hapticpatternlibrary.plist, NSUnderlyingError=0x11eef3660 {Error Domain=NSPOSIXErrorDomain Code=2 "No such file or directory"}}
2026-09-09 21:37:36.819976-0300 Traco[14421:18007246]        CHHapticPattern.mm:487   +[CHHapticPattern patternForKey:error:]: Failed to read pattern library data: Error Domain=NSCocoaErrorDomain Code=260 "O arquivo “hapticpatternlibrary.plist” não pôde ser aberto porque tal arquivo não existe." UserInfo={NSFilePath=/Library/Audio/Tunings/Generic/Haptics/Library/hapticpatternlibrary.plist, NSURL=file:///Library/Audio/Tunings/Generic/Haptics/Library/hapticpatternlibrary.plist, NSUnderlyingError=0x11eef16b0 {Error Domain=NSPOSIXErrorDomain Code=2 "No such file or directory"}}
2026-09-09 21:37:36.820142-0300 Traco[14421:18007246] [UIKBFeedbackGenerator] <_UIKBFeedbackGenerator: 0x11823c540>: Error creating CHHapticPattern: Error Domain=NSCocoaErrorDomain Code=260 "O arquivo “hapticpatternlibrary.plist” não pôde ser aberto porque tal arquivo não existe." UserInfo={NSFilePath=/Library/Audio/Tunings/Generic/Haptics/Library/hapticpatternlibrary.plist, NSURL=file:///Library/Audio/Tunings/Generic/Haptics/Library/hapticpatternlibrary.plist, NSUnderlyingError=0x11eef16b0 {Error Domain=NSPOSIXErrorDomain Code=2 "No such file or directory"}}
2026-09-09 21:37:36.820280-0300 Traco[14421:18007246]        CHHapticPattern.mm:487   +[CHHapticPattern patternForKey:error:]: Failed to read pattern library data: Error Domain=NSCocoaErrorDomain Code=260 "O arquivo “hapticpatternlibrary.plist” não pôde ser aberto porque tal arquivo não existe." UserInfo={NSFilePath=/Library/Audio/Tunings/Generic/Haptics/Library/hapticpatternlibrary.plist, NSURL=file:///Library/Audio/Tunings/Generic/Haptics/Library/hapticpatternlibrary.plist, NSUnderlyingError=0x11eef3660 {Error Domain=NSPOSIXErrorDomain Code=2 "No such file or directory"}}
2026-09-09 21:37:36.820383-0300 Traco[14421:18007246] [UIKBFeedbackGenerator] <_UIKBFeedbackGenerator: 0x11823c540>: Error creating CHHapticPattern: Error Domain=NSCocoaErrorDomain Code=260 "O arquivo “hapticpatternlibrary.plist” não pôde ser aberto porque tal arquivo não existe." UserInfo={NSFilePath=/Library/Audio/Tunings/Generic/Haptics/Library/hapticpatternlibrary.plist, NSURL=file:///Library/Audio/Tunings/Generic/Haptics/Library/hapticpatternlibrary.plist, NSUnderlyingError=0x11eef3660 {Error Domain=NSPOSIXErrorDomain Code=2 "No such file or directory"}}
2026-09-09 21:37:36.820574-0300 Traco[14421:18007246]        CHHapticPattern.mm:487   +[CHHapticPattern patternForKey:error:]: Failed to read pattern library data: Error Domain=NSCocoaErrorDomain Code=260 "O arquivo “hapticpatternlibrary.plist” não pôde ser aberto porque tal arquivo não existe." UserInfo={NSFilePath=/Library/Audio/Tunings/Generic/Haptics/Library/hapticpatternlibrary.plist, NSURL=file:///Library/Audio/Tunings/Generic/Haptics/Library/hapticpatternlibrary.plist, NSUnderlyingError=0x11eef16b0 {Error Domain=NSPOSIXErrorDomain Code=2 "No such file or directory"}}
2026-09-09 21:37:36.820681-0300 Traco[14421:18007246] [UIKBFeedbackGenerator] <_UIKBFeedbackGenerator: 0x11823c540>: Error creating CHHapticPattern: Error Domain=NSCocoaErrorDomain Code=260 "O arquivo “hapticpatternlibrary.plist” não pôde ser aberto porque tal arquivo não existe." UserInfo={NSFilePath=/Library/Audio/Tunings/Generic/Haptics/Library/hapticpatternlibrary.plist, NSURL=file:///Library/Audio/Tunings/Generic/Haptics/Library/hapticpatternlibrary.plist, NSUnderlyingError=0x11eef16b0 {Error Domain=NSPOSIXErrorDomain Code=2 "No such file or directory"}}
2026-09-09 21:37:36.820822-0300 Traco[14421:18007246]        CHHapticPattern.mm:487   +[CHHapticPattern patternForKey:error:]: Failed to read pattern library data: Error Domain=NSCocoaErrorDomain Code=260 "O arquivo “hapticpatternlibrary.plist” não pôde ser aberto porque tal arquivo não existe." UserInfo={NSFilePath=/Library/Audio/Tunings/Generic/Haptics/Library/hapticpatternlibrary.plist, NSURL=file:///Library/Audio/Tunings/Generic/Haptics/Library/hapticpatternlibrary.plist, NSUnderlyingError=0x11eef3660 {Error Domain=NSPOSIXErrorDomain Code=2 "No such file or directory"}}
2026-09-09 21:37:36.820923-0300 Traco[14421:18007246] [UIKBFeedbackGenerator] <_UIKBFeedbackGenerator: 0x11823c540>: Error creating CHHapticPattern: Error Domain=NSCocoaErrorDomain Code=260 "O arquivo “hapticpatternlibrary.plist” não pôde ser aberto porque tal arquivo não existe." UserInfo={NSFilePath=/Library/Audio/Tunings/Generic/Haptics/Library/hapticpatternlibrary.plist, NSURL=file:///Library/Audio/Tunings/Generic/Haptics/Library/hapticpatternlibrary.plist, NSUnderlyingError=0x11eef3660 {Error Domain=NSPOSIXErrorDomain Code=2 "No such file or directory"}}
2026-09-09 21:37:36.821057-0300 Traco[14421:18007246]        CHHapticPattern.mm:487   +[CHHapticPattern patternForKey:error:]: Failed to read pattern library data: Error Domain=NSCocoaErrorDomain Code=260 "O arquivo “hapticpatternlibrary.plist” não pôde ser aberto porque tal arquivo não existe." UserInfo={NSFilePath=/Library/Audio/Tunings/Generic/Haptics/Library/hapticpatternlibrary.plist, NSURL=file:///Library/Audio/Tunings/Generic/Haptics/Library/hapticpatternlibrary.plist, NSUnderlyingError=0x11eef16b0 {Error Domain=NSPOSIXErrorDomain Code=2 "No such file or directory"}}
2026-09-09 21:37:36.821157-0300 Traco[14421:18007246] [UIKBFeedbackGenerator] <_UIKBFeedbackGenerator: 0x11823c540>: Error creating CHHapticPattern: Error Domain=NSCocoaErrorDomain Code=260 "O arquivo “hapticpatternlibrary.plist” não pôde ser aberto porque tal arquivo não existe." UserInfo={NSFilePath=/Library/Audio/Tunings/Generic/Haptics/Library/hapticpatternlibrary.plist, NSURL=file:///Library/Audio/Tunings/Generic/Haptics/Library/hapticpatternlibrary.plist, NSUnderlyingError=0x11eef16b0 {Error Domain=NSPOSIXErrorDomain Code=2 "No such file or directory"}}
2026-09-09 21:37:36.821279-0300 Traco[14421:18007246]        CHHapticPattern.mm:487   +[CHHapticPattern patternForKey:error:]: Failed to read pattern library data: Error Domain=NSCocoaErrorDomain Code=260 "O arquivo “hapticpatternlibrary.plist” não pôde ser aberto porque tal arquivo não existe." UserInfo={NSFilePath=/Library/Audio/Tunings/Generic/Haptics/Library/hapticpatternlibrary.plist, NSURL=file:///Library/Audio/Tunings/Generic/Haptics/Library/hapticpatternlibrary.plist, NSUnderlyingError=0x11eef3660 {Error Domain=NSPOSIXErrorDomain Code=2 "No such file or directory"}}
2026-09-09 21:37:36.821408-0300 Traco[14421:18007246] [UIKBFeedbackGenerator] <_UIKBFeedbackGenerator: 0x11823c540>: Error creating CHHapticPattern: Error Domain=NSCocoaErrorDomain Code=260 "O arquivo “hapticpatternlibrary.plist” não pôde ser aberto porque tal arquivo não existe." UserInfo={NSFilePath=/Library/Audio/Tunings/Generic/Haptics/Library/hapticpatternlibrary.plist, NSURL=file:///Library/Audio/Tunings/Generic/Haptics/Library/hapticpatternlibrary.plist, NSUnderlyingError=0x11eef3660 {Error Domain=NSPOSIXErrorDomain Code=2 "No such file or directory"}}
2026-09-09 21:37:36.821536-0300 Traco[14421:18007246]        CHHapticPattern.mm:487   +[CHHapticPattern patternForKey:error:]: Failed to read pattern library data: Error Domain=NSCocoaErrorDomain Code=260 "O arquivo “hapticpatternlibrary.plist” não pôde ser aberto porque tal arquivo não existe." UserInfo={NSFilePath=/Library/Audio/Tunings/Generic/Haptics/Library/hapticpatternlibrary.plist, NSURL=file:///Library/Audio/Tunings/Generic/Haptics/Library/hapticpatternlibrary.plist, NSUnderlyingError=0x11eef16b0 {Error Domain=NSPOSIXErrorDomain Code=2 "No such file or directory"}}
2026-09-09 21:37:36.821656-0300 Traco[14421:18007246] [UIKBFeedbackGenerator] <_UIKBFeedbackGenerator: 0x11823c540>: Error creating CHHapticPattern: Error Domain=NSCocoaErrorDomain Code=260 "O arquivo “hapticpatternlibrary.plist” não pôde ser aberto porque tal arquivo não existe." UserInfo={NSFilePath=/Library/Audio/Tunings/Generic/Haptics/Library/hapticpatternlibrary.plist, NSURL=file:///Library/Audio/Tunings/Generic/Haptics/Library/hapticpatternlibrary.plist, NSUnderlyingError=0x11eef16b0 {Error Domain=NSPOSIXErrorDomain Code=2 "No such file or directory"}}
​✔ Test aLinhaFicaNoPapelEmCadaQuadroDaGaveta(tamanho:) with 2 test cases passed after 49.948 seconds.
◇ Test aLinhaAtivaEOCaretFicamNaAreaLivreDoPapel(tamanho:) started.
◇ Test case passing 1 argument tamanho → UIContentSizeCategory(rawValue: "UICTContentSizeCategoryAccessibilityXXXL") to aLinhaAtivaEOCaretFicamNaAreaLivreDoPapel(tamanho:) started.
2026-09-09 21:37:38.249697-0300 Traco[14421:18007248]        CHHapticPattern.mm:487   +[CHHapticPattern patternForKey:error:]: Failed to read pattern library data: Error Domain=NSCocoaErrorDomain Code=260 "O arquivo “hapticpatternlibrary.plist” não pôde ser aberto porque tal arquivo não existe." UserInfo={NSFilePath=/Library/Audio/Tunings/Generic/Haptics/Library/hapticpatternlibrary.plist, NSURL=file:///Library/Audio/Tunings/Generic/Haptics/Library/hapticpatternlibrary.plist, NSUnderlyingError=0x11eef3c30 {Error Domain=NSPOSIXErrorDomain Code=2 "No such file or directory"}}
2026-09-09 21:37:38.249891-0300 Traco[14421:18007248] [UIKBFeedbackGenerator] <_UIKBFeedbackGenerator: 0x11823c540>: Error creating CHHapticPattern: Error Domain=NSCocoaErrorDomain Code=260 "O arquivo “hapticpatternlibrary.plist” não pôde ser aberto porque tal arquivo não existe." UserInfo={NSFilePath=/Library/Audio/Tunings/Generic/Haptics/Library/hapticpatternlibrary.plist, NSURL=file:///Library/Audio/Tunings/Generic/Haptics/Library/hapticpatternlibrary.plist, NSUnderlyingError=0x11eef3c30 {Error Domain=NSPOSIXErrorDomain Code=2 "No such file or directory"}}
2026-09-09 21:37:38.250069-0300 Traco[14421:18007248]        CHHapticPattern.mm:487   +[CHHapticPattern patternForKey:error:]: Failed to read pattern library data: Error Domain=NSCocoaErrorDomain Code=260 "O arquivo “hapticpatternlibrary.plist” não pôde ser aberto porque tal arquivo não existe." UserInfo={NSFilePath=/Library/Audio/Tunings/Generic/Haptics/Library/hapticpatternlibrary.plist, NSURL=file:///Library/Audio/Tunings/Generic/Haptics/Library/hapticpatternlibrary.plist, NSUnderlyingError=0x11eef2430 {Error Domain=NSPOSIXErrorDomain Code=2 "No such file or directory"}}
2026-09-09 21:37:38.250460-0300 Traco[14421:18007248] [UIKBFeedbackGenerator] <_UIKBFeedbackGenerator: 0x11823c540>: Error creating CHHapticPattern: Error Domain=NSCocoaErrorDomain Code=260 "O arquivo “hapticpatternlibrary.plist” não pôde ser aberto porque tal arquivo não existe." UserInfo={NSFilePath=/Library/Audio/Tunings/Generic/Haptics/Library/hapticpatternlibrary.plist, NSURL=file:///Library/Audio/Tunings/Generic/Haptics/Library/hapticpatternlibrary.plist, NSUnderlyingError=0x11eef2430 {Error Domain=NSPOSIXErrorDomain Code=2 "No such file or directory"}}
2026-09-09 21:37:38.250678-0300 Traco[14421:18007248]        CHHapticPattern.mm:487   +[CHHapticPattern patternForKey:error:]: Failed to read pattern library data: Error Domain=NSCocoaErrorDomain Code=260 "O arquivo “hapticpatternlibrary.plist” não pôde ser aberto porque tal arquivo não existe." UserInfo={NSFilePath=/Library/Audio/Tunings/Generic/Haptics/Library/hapticpatternlibrary.plist, NSURL=file:///Library/Audio/Tunings/Generic/Haptics/Library/hapticpatternlibrary.plist, NSUnderlyingError=0x11eef3c30 {Error Domain=NSPOSIXErrorDomain Code=2 "No such file or directory"}}
2026-09-09 21:37:38.250861-0300 Traco[14421:18007248] [UIKBFeedbackGenerator] <_UIKBFeedbackGenerator: 0x11823c540>: Error creating CHHapticPattern: Error Domain=NSCocoaErrorDomain Code=260 "O arquivo “hapticpatternlibrary.plist” não pôde ser aberto porque tal arquivo não existe." UserInfo={NSFilePath=/Library/Audio/Tunings/Generic/Haptics/Library/hapticpatternlibrary.plist, NSURL=file:///Library/Audio/Tunings/Generic/Haptics/Library/hapticpatternlibrary.plist, NSUnderlyingError=0x11eef3c30 {Error Domain=NSPOSIXErrorDomain Code=2 "No such file or directory"}}
2026-09-09 21:37:38.251154-0300 Traco[14421:18007248]        CHHapticPattern.mm:487   +[CHHapticPattern patternForKey:error:]: Failed to read pattern library data: Error Domain=NSCocoaErrorDomain Code=260 "O arquivo “hapticpatternlibrary.plist” não pôde ser aberto porque tal arquivo não existe." UserInfo={NSFilePath=/Library/Audio/Tunings/Generic/Haptics/Library/hapticpatternlibrary.plist, NSURL=file:///Library/Audio/Tunings/Generic/Haptics/Library/hapticpatternlibrary.plist, NSUnderlyingError=0x11eef2430 {Error Domain=NSPOSIXErrorDomain Code=2 "No such file or directory"}}
2026-09-09 21:37:38.251295-0300 Traco[14421:18007248] [UIKBFeedbackGenerator] <_UIKBFeedbackGenerator: 0x11823c540>: Error creating CHHapticPattern: Error Domain=NSCocoaErrorDomain Code=260 "O arquivo “hapticpatternlibrary.plist” não pôde ser aberto porque tal arquivo não existe." UserInfo={NSFilePath=/Library/Audio/Tunings/Generic/Haptics/Library/hapticpatternlibrary.plist, NSURL=file:///Library/Audio/Tunings/Generic/Haptics/Library/hapticpatternlibrary.plist, NSUnderlyingError=0x11eef2430 {Error Domain=NSPOSIXErrorDomain Code=2 "No such file or directory"}}
2026-09-09 21:37:38.251531-0300 Traco[14421:18007248]        CHHapticPattern.mm:487   +[CHHapticPattern patternForKey:error:]: Failed to read pattern library data: Error Domain=NSCocoaErrorDomain Code=260 "O arquivo “hapticpatternlibrary.plist” não pôde ser aberto porque tal arquivo não existe." UserInfo={NSFilePath=/Library/Audio/Tunings/Generic/Haptics/Library/hapticpatternlibrary.plist, NSURL=file:///Library/Audio/Tunings/Generic/Haptics/Library/hapticpatternlibrary.plist, NSUnderlyingError=0x11eef3c30 {Error Domain=NSPOSIXErrorDomain Code=2 "No such file or directory"}}
2026-09-09 21:37:38.251727-0300 Traco[14421:18007248] [UIKBFeedbackGenerator] <_UIKBFeedbackGenerator: 0x11823c540>: Error creating CHHapticPattern: Error Domain=NSCocoaErrorDomain Code=260 "O arquivo “hapticpatternlibrary.plist” não pôde ser aberto porque tal arquivo não existe." UserInfo={NSFilePath=/Library/Audio/Tunings/Generic/Haptics/Library/hapticpatternlibrary.plist, NSURL=file:///Library/Audio/Tunings/Generic/Haptics/Library/hapticpatternlibrary.plist, NSUnderlyingError=0x11eef3c30 {Error Domain=NSPOSIXErrorDomain Code=2 "No such file or directory"}}
2026-09-09 21:37:38.251882-0300 Traco[14421:18007248]        CHHapticPattern.mm:487   +[CHHapticPattern patternForKey:error:]: Failed to read pattern library data: Error Domain=NSCocoaErrorDomain Code=260 "O arquivo “hapticpatternlibrary.plist” não pôde ser aberto porque tal arquivo não existe." UserInfo={NSFilePath=/Library/Audio/Tunings/Generic/Haptics/Library/hapticpatternlibrary.plist, NSURL=file:///Library/Audio/Tunings/Generic/Haptics/Library/hapticpatternlibrary.plist, NSUnderlyingError=0x11eef2430 {Error Domain=NSPOSIXErrorDomain Code=2 "No such file or directory"}}
2026-09-09 21:37:38.252001-0300 Traco[14421:18007248] [UIKBFeedbackGenerator] <_UIKBFeedbackGenerator: 0x11823c540>: Error creating CHHapticPattern: Error Domain=NSCocoaErrorDomain Code=260 "O arquivo “hapticpatternlibrary.plist” não pôde ser aberto porque tal arquivo não existe." UserInfo={NSFilePath=/Library/Audio/Tunings/Generic/Haptics/Library/hapticpatternlibrary.plist, NSURL=file:///Library/Audio/Tunings/Generic/Haptics/Library/hapticpatternlibrary.plist, NSUnderlyingError=0x11eef2430 {Error Domain=NSPOSIXErrorDomain Code=2 "No such file or directory"}}
2026-09-09 21:37:38.252119-0300 Traco[14421:18007248]        CHHapticPattern.mm:487   +[CHHapticPattern patternForKey:error:]: Failed to read pattern library data: Error Domain=NSCocoaErrorDomain Code=260 "O arquivo “hapticpatternlibrary.plist” não pôde ser aberto porque tal arquivo não existe." UserInfo={NSFilePath=/Library/Audio/Tunings/Generic/Haptics/Library/hapticpatternlibrary.plist, NSURL=file:///Library/Audio/Tunings/Generic/Haptics/Library/hapticpatternlibrary.plist, NSUnderlyingError=0x11eef3c30 {Error Domain=NSPOSIXErrorDomain Code=2 "No such file or directory"}}
2026-09-09 21:37:38.252318-0300 Traco[14421:18007248] [UIKBFeedbackGenerator] <_UIKBFeedbackGenerator: 0x11823c540>: Error creating CHHapticPattern: Error Domain=NSCocoaErrorDomain Code=260 "O arquivo “hapticpatternlibrary.plist” não pôde ser aberto porque tal arquivo não existe." UserInfo={NSFilePath=/Library/Audio/Tunings/Generic/Haptics/Library/hapticpatternlibrary.plist, NSURL=file:///Library/Audio/Tunings/Generic/Haptics/Library/hapticpatternlibrary.plist, NSUnderlyingError=0x11eef3c30 {Error Domain=NSPOSIXErrorDomain Code=2 "No such file or directory"}}
2026-09-09 21:37:38.252444-0300 Traco[14421:18007248]        CHHapticPattern.mm:487   +[CHHapticPattern patternForKey:error:]: Failed to read pattern library data: Error Domain=NSCocoaErrorDomain Code=260 "O arquivo “hapticpatternlibrary.plist” não pôde ser aberto porque tal arquivo não existe." UserInfo={NSFilePath=/Library/Audio/Tunings/Generic/Haptics/Library/hapticpatternlibrary.plist, NSURL=file:///Library/Audio/Tunings/Generic/Haptics/Library/hapticpatternlibrary.plist, NSUnderlyingError=0x11eef2430 {Error Domain=NSPOSIXErrorDomain Code=2 "No such file or directory"}}
2026-09-09 21:37:38.252557-0300 Traco[14421:18007248] [UIKBFeedbackGenerator] <_UIKBFeedbackGenerator: 0x11823c540>: Error creating CHHapticPattern: Error Domain=NSCocoaErrorDomain Code=260 "O arquivo “hapticpatternlibrary.plist” não pôde ser aberto porque tal arquivo não existe." UserInfo={NSFilePath=/Library/Audio/Tunings/Generic/Haptics/Library/hapticpatternlibrary.plist, NSURL=file:///Library/Audio/Tunings/Generic/Haptics/Library/hapticpatternlibrary.plist, NSUnderlyingError=0x11eef2430 {Error Domain=NSPOSIXErrorDomain Code=2 "No such file or directory"}}
2026-09-09 21:37:38.252703-0300 Traco[14421:18007248]        CHHapticPattern.mm:487   +[CHHapticPattern patternForKey:error:]: Failed to read pattern library data: Error Domain=NSCocoaErrorDomain Code=260 "O arquivo “hapticpatternlibrary.plist” não pôde ser aberto porque tal arquivo não existe." UserInfo={NSFilePath=/Library/Audio/Tunings/Generic/Haptics/Library/hapticpatternlibrary.plist, NSURL=file:///Library/Audio/Tunings/Generic/Haptics/Library/hapticpatternlibrary.plist, NSUnderlyingError=0x11eef3c30 {Error Domain=NSPOSIXErrorDomain Code=2 "No such file or directory"}}
2026-09-09 21:37:38.252870-0300 Traco[14421:18007248] [UIKBFeedbackGenerator] <_UIKBFeedbackGenerator: 0x11823c540>: Error creating CHHapticPattern: Error Domain=NSCocoaErrorDomain Code=260 "O arquivo “hapticpatternlibrary.plist” não pôde ser aberto porque tal arquivo não existe." UserInfo={NSFilePath=/Library/Audio/Tunings/Generic/Haptics/Library/hapticpatternlibrary.plist, NSURL=file:///Library/Audio/Tunings/Generic/Haptics/Library/hapticpatternlibrary.plist, NSUnderlyingError=0x11eef3c30 {Error Domain=NSPOSIXErrorDomain Code=2 "No such file or directory"}}
2026-09-09 21:37:41.574365-0300 Traco[14421:18007246]        CHHapticPattern.mm:487   +[CHHapticPattern patternForKey:error:]: Failed to read pattern library data: Error Domain=NSCocoaErrorDomain Code=260 "O arquivo “hapticpatternlibrary.plist” não pôde ser aberto porque tal arquivo não existe." UserInfo={NSFilePath=/Library/Audio/Tunings/Generic/Haptics/Library/hapticpatternlibrary.plist, NSURL=file:///Library/Audio/Tunings/Generic/Haptics/Library/hapticpatternlibrary.plist, NSUnderlyingError=0x11eef19b0 {Error Domain=NSPOSIXErrorDomain Code=2 "No such file or directory"}}
2026-09-09 21:37:41.574558-0300 Traco[14421:18007246] [UIKBFeedbackGenerator] <_UIKBFeedbackGenerator: 0x11823c540>: Error creating CHHapticPattern: Error Domain=NSCocoaErrorDomain Code=260 "O arquivo “hapticpatternlibrary.plist” não pôde ser aberto porque tal arquivo não existe." UserInfo={NSFilePath=/Library/Audio/Tunings/Generic/Haptics/Library/hapticpatternlibrary.plist, NSURL=file:///Library/Audio/Tunings/Generic/Haptics/Library/hapticpatternlibrary.plist, NSUnderlyingError=0x11eef19b0 {Error Domain=NSPOSIXErrorDomain Code=2 "No such file or directory"}}
2026-09-09 21:37:41.574709-0300 Traco[14421:18007246]        CHHapticPattern.mm:487   +[CHHapticPattern patternForKey:error:]: Failed to read pattern library data: Error Domain=NSCocoaErrorDomain Code=260 "O arquivo “hapticpatternlibrary.plist” não pôde ser aberto porque tal arquivo não existe." UserInfo={NSFilePath=/Library/Audio/Tunings/Generic/Haptics/Library/hapticpatternlibrary.plist, NSURL=file:///Library/Audio/Tunings/Generic/Haptics/Library/hapticpatternlibrary.plist, NSUnderlyingError=0x11eef3930 {Error Domain=NSPOSIXErrorDomain Code=2 "No such file or directory"}}
2026-09-09 21:37:41.574977-0300 Traco[14421:18007246] [UIKBFeedbackGenerator] <_UIKBFeedbackGenerator: 0x11823c540>: Error creating CHHapticPattern: Error Domain=NSCocoaErrorDomain Code=260 "O arquivo “hapticpatternlibrary.plist” não pôde ser aberto porque tal arquivo não existe." UserInfo={NSFilePath=/Library/Audio/Tunings/Generic/Haptics/Library/hapticpatternlibrary.plist, NSURL=file:///Library/Audio/Tunings/Generic/Haptics/Library/hapticpatternlibrary.plist, NSUnderlyingError=0x11eef3930 {Error Domain=NSPOSIXErrorDomain Code=2 "No such file or directory"}}
2026-09-09 21:37:41.575129-0300 Traco[14421:18007246]        CHHapticPattern.mm:487   +[CHHapticPattern patternForKey:error:]: Failed to read pattern library data: Error Domain=NSCocoaErrorDomain Code=260 "O arquivo “hapticpatternlibrary.plist” não pôde ser aberto porque tal arquivo não existe." UserInfo={NSFilePath=/Library/Audio/Tunings/Generic/Haptics/Library/hapticpatternlibrary.plist, NSURL=file:///Library/Audio/Tunings/Generic/Haptics/Library/hapticpatternlibrary.plist, NSUnderlyingError=0x11eef19b0 {Error Domain=NSPOSIXErrorDomain Code=2 "No such file or directory"}}
2026-09-09 21:37:41.575238-0300 Traco[14421:18007246] [UIKBFeedbackGenerator] <_UIKBFeedbackGenerator: 0x11823c540>: Error creating CHHapticPattern: Error Domain=NSCocoaErrorDomain Code=260 "O arquivo “hapticpatternlibrary.plist” não pôde ser aberto porque tal arquivo não existe." UserInfo={NSFilePath=/Library/Audio/Tunings/Generic/Haptics/Library/hapticpatternlibrary.plist, NSURL=file:///Library/Audio/Tunings/Generic/Haptics/Library/hapticpatternlibrary.plist, NSUnderlyingError=0x11eef19b0 {Error Domain=NSPOSIXErrorDomain Code=2 "No such file or directory"}}
2026-09-09 21:37:41.575421-0300 Traco[14421:18007246]        CHHapticPattern.mm:487   +[CHHapticPattern patternForKey:error:]: Failed to read pattern library data: Error Domain=NSCocoaErrorDomain Code=260 "O arquivo “hapticpatternlibrary.plist” não pôde ser aberto porque tal arquivo não existe." UserInfo={NSFilePath=/Library/Audio/Tunings/Generic/Haptics/Library/hapticpatternlibrary.plist, NSURL=file:///Library/Audio/Tunings/Generic/Haptics/Library/hapticpatternlibrary.plist, NSUnderlyingError=0x11eef3930 {Error Domain=NSPOSIXErrorDomain Code=2 "No such file or directory"}}
2026-09-09 21:37:41.575581-0300 Traco[14421:18007246] [UIKBFeedbackGenerator] <_UIKBFeedbackGenerator: 0x11823c540>: Error creating CHHapticPattern: Error Domain=NSCocoaErrorDomain Code=260 "O arquivo “hapticpatternlibrary.plist” não pôde ser aberto porque tal arquivo não existe." UserInfo={NSFilePath=/Library/Audio/Tunings/Generic/Haptics/Library/hapticpatternlibrary.plist, NSURL=file:///Library/Audio/Tunings/Generic/Haptics/Library/hapticpatternlibrary.plist, NSUnderlyingError=0x11eef3930 {Error Domain=NSPOSIXErrorDomain Code=2 "No such file or directory"}}
2026-09-09 21:37:41.575714-0300 Traco[14421:18007246]        CHHapticPattern.mm:487   +[CHHapticPattern patternForKey:error:]: Failed to read pattern library data: Error Domain=NSCocoaErrorDomain Code=260 "O arquivo “hapticpatternlibrary.plist” não pôde ser aberto porque tal arquivo não existe." UserInfo={NSFilePath=/Library/Audio/Tunings/Generic/Haptics/Library/hapticpatternlibrary.plist, NSURL=file:///Library/Audio/Tunings/Generic/Haptics/Library/hapticpatternlibrary.plist, NSUnderlyingError=0x11eef19b0 {Error Domain=NSPOSIXErrorDomain Code=2 "No such file or directory"}}
2026-09-09 21:37:41.575843-0300 Traco[14421:18007246] [UIKBFeedbackGenerator] <_UIKBFeedbackGenerator: 0x11823c540>: Error creating CHHapticPattern: Error Domain=NSCocoaErrorDomain Code=260 "O arquivo “hapticpatternlibrary.plist” não pôde ser aberto porque tal arquivo não existe." UserInfo={NSFilePath=/Library/Audio/Tunings/Generic/Haptics/Library/hapticpatternlibrary.plist, NSURL=file:///Library/Audio/Tunings/Generic/Haptics/Library/hapticpatternlibrary.plist, NSUnderlyingError=0x11eef19b0 {Error Domain=NSPOSIXErrorDomain Code=2 "No such file or directory"}}
2026-09-09 21:37:41.575987-0300 Traco[14421:18007246]        CHHapticPattern.mm:487   +[CHHapticPattern patternForKey:error:]: Failed to read pattern library data: Error Domain=NSCocoaErrorDomain Code=260 "O arquivo “hapticpatternlibrary.plist” não pôde ser aberto porque tal arquivo não existe." UserInfo={NSFilePath=/Library/Audio/Tunings/Generic/Haptics/Library/hapticpatternlibrary.plist, NSURL=file:///Library/Audio/Tunings/Generic/Haptics/Library/hapticpatternlibrary.plist, NSUnderlyingError=0x11eef3930 {Error Domain=NSPOSIXErrorDomain Code=2 "No such file or directory"}}
2026-09-09 21:37:41.576128-0300 Traco[14421:18007246] [UIKBFeedbackGenerator] <_UIKBFeedbackGenerator: 0x11823c540>: Error creating CHHapticPattern: Error Domain=NSCocoaErrorDomain Code=260 "O arquivo “hapticpatternlibrary.plist” não pôde ser aberto porque tal arquivo não existe." UserInfo={NSFilePath=/Library/Audio/Tunings/Generic/Haptics/Library/hapticpatternlibrary.plist, NSURL=file:///Library/Audio/Tunings/Generic/Haptics/Library/hapticpatternlibrary.plist, NSUnderlyingError=0x11eef3930 {Error Domain=NSPOSIXErrorDomain Code=2 "No such file or directory"}}
2026-09-09 21:37:41.576267-0300 Traco[14421:18007246]        CHHapticPattern.mm:487   +[CHHapticPattern patternForKey:error:]: Failed to read pattern library data: Error Domain=NSCocoaErrorDomain Code=260 "O arquivo “hapticpatternlibrary.plist” não pôde ser aberto porque tal arquivo não existe." UserInfo={NSFilePath=/Library/Audio/Tunings/Generic/Haptics/Library/hapticpatternlibrary.plist, NSURL=file:///Library/Audio/Tunings/Generic/Haptics/Library/hapticpatternlibrary.plist, NSUnderlyingError=0x11eef19b0 {Error Domain=NSPOSIXErrorDomain Code=2 "No such file or directory"}}
2026-09-09 21:37:41.576438-0300 Traco[14421:18007246] [UIKBFeedbackGenerator] <_UIKBFeedbackGenerator: 0x11823c540>: Error creating CHHapticPattern: Error Domain=NSCocoaErrorDomain Code=260 "O arquivo “hapticpatternlibrary.plist” não pôde ser aberto porque tal arquivo não existe." UserInfo={NSFilePath=/Library/Audio/Tunings/Generic/Haptics/Library/hapticpatternlibrary.plist, NSURL=file:///Library/Audio/Tunings/Generic/Haptics/Library/hapticpatternlibrary.plist, NSUnderlyingError=0x11eef19b0 {Error Domain=NSPOSIXErrorDomain Code=2 "No such file or directory"}}
2026-09-09 21:37:41.576587-0300 Traco[14421:18007246]        CHHapticPattern.mm:487   +[CHHapticPattern patternForKey:error:]: Failed to read pattern library data: Error Domain=NSCocoaErrorDomain Code=260 "O arquivo “hapticpatternlibrary.plist” não pôde ser aberto porque tal arquivo não existe." UserInfo={NSFilePath=/Library/Audio/Tunings/Generic/Haptics/Library/hapticpatternlibrary.plist, NSURL=file:///Library/Audio/Tunings/Generic/Haptics/Library/hapticpatternlibrary.plist, NSUnderlyingError=0x11eef3930 {Error Domain=NSPOSIXErrorDomain Code=2 "No such file or directory"}}
2026-09-09 21:37:41.576766-0300 Traco[14421:18007246] [UIKBFeedbackGenerator] <_UIKBFeedbackGenerator: 0x11823c540>: Error creating CHHapticPattern: Error Domain=NSCocoaErrorDomain Code=260 "O arquivo “hapticpatternlibrary.plist” não pôde ser aberto porque tal arquivo não existe." UserInfo={NSFilePath=/Library/Audio/Tunings/Generic/Haptics/Library/hapticpatternlibrary.plist, NSURL=file:///Library/Audio/Tunings/Generic/Haptics/Library/hapticpatternlibrary.plist, NSUnderlyingError=0x11eef3930 {Error Domain=NSPOSIXErrorDomain Code=2 "No such file or directory"}}
2026-09-09 21:37:41.576913-0300 Traco[14421:18007246]        CHHapticPattern.mm:487   +[CHHapticPattern patternForKey:error:]: Failed to read pattern library data: Error Domain=NSCocoaErrorDomain Code=260 "O arquivo “hapticpatternlibrary.plist” não pôde ser aberto porque tal arquivo não existe." UserInfo={NSFilePath=/Library/Audio/Tunings/Generic/Haptics/Library/hapticpatternlibrary.plist, NSURL=file:///Library/Audio/Tunings/Generic/Haptics/Library/hapticpatternlibrary.plist, NSUnderlyingError=0x11eef19b0 {Error Domain=NSPOSIXErrorDomain Code=2 "No such file or directory"}}
2026-09-09 21:37:41.577066-0300 Traco[14421:18007246] [UIKBFeedbackGenerator] <_UIKBFeedbackGenerator: 0x11823c540>: Error creating CHHapticPattern: Error Domain=NSCocoaErrorDomain Code=260 "O arquivo “hapticpatternlibrary.plist” não pôde ser aberto porque tal arquivo não existe." UserInfo={NSFilePath=/Library/Audio/Tunings/Generic/Haptics/Library/hapticpatternlibrary.plist, NSURL=file:///Library/Audio/Tunings/Generic/Haptics/Library/hapticpatternlibrary.plist, NSUnderlyingError=0x11eef19b0 {Error Domain=NSPOSIXErrorDomain Code=2 "No such file or directory"}}
ESCRITA teclado AX5: de software, na tela 308 pt (2 tentativa(s)), papel 137–301 pt, topo do teclado 566 pt, inset extra 274 pt, TextKit 2
ETIQUETA AX5: papel 137–223 (86 pt) -> 197–283 (86 pt); a cápsula desceu o topo 60 pt e tomou 0 pt de altura
ESCRITA AX5: 39 amostras, 39 com a linha do caret na área livre do papel; teclado real 308 pt
2026-09-09 21:37:49.882364-0300 Traco[14421:18007248]        CHHapticPattern.mm:487   +[CHHapticPattern patternForKey:error:]: Failed to read pattern library data: Error Domain=NSCocoaErrorDomain Code=260 "O arquivo “hapticpatternlibrary.plist” não pôde ser aberto porque tal arquivo não existe." UserInfo={NSFilePath=/Library/Audio/Tunings/Generic/Haptics/Library/hapticpatternlibrary.plist, NSURL=file:///Library/Audio/Tunings/Generic/Haptics/Library/hapticpatternlibrary.plist, NSUnderlyingError=0x11eef22b0 {Error Domain=NSPOSIXErrorDomain Code=2 "No such file or directory"}}
2026-09-09 21:37:49.882557-0300 Traco[14421:18007248] [UIKBFeedbackGenerator] <_UIKBFeedbackGenerator: 0x11823c540>: Error creating CHHapticPattern: Error Domain=NSCocoaErrorDomain Code=260 "O arquivo “hapticpatternlibrary.plist” não pôde ser aberto porque tal arquivo não existe." UserInfo={NSFilePath=/Library/Audio/Tunings/Generic/Haptics/Library/hapticpatternlibrary.plist, NSURL=file:///Library/Audio/Tunings/Generic/Haptics/Library/hapticpatternlibrary.plist, NSUnderlyingError=0x11eef22b0 {Error Domain=NSPOSIXErrorDomain Code=2 "No such file or directory"}}
2026-09-09 21:37:49.882717-0300 Traco[14421:18007248]        CHHapticPattern.mm:487   +[CHHapticPattern patternForKey:error:]: Failed to read pattern library data: Error Domain=NSCocoaErrorDomain Code=260 "O arquivo “hapticpatternlibrary.plist” não pôde ser aberto porque tal arquivo não existe." UserInfo={NSFilePath=/Library/Audio/Tunings/Generic/Haptics/Library/hapticpatternlibrary.plist, NSURL=file:///Library/Audio/Tunings/Generic/Haptics/Library/hapticpatternlibrary.plist, NSUnderlyingError=0x11eef2280 {Error Domain=NSPOSIXErrorDomain Code=2 "No such file or directory"}}
2026-09-09 21:37:49.882969-0300 Traco[14421:18007248] [UIKBFeedbackGenerator] <_UIKBFeedbackGenerator: 0x11823c540>: Error creating CHHapticPattern: Error Domain=NSCocoaErrorDomain Code=260 "O arquivo “hapticpatternlibrary.plist” não pôde ser aberto porque tal arquivo não existe." UserInfo={NSFilePath=/Library/Audio/Tunings/Generic/Haptics/Library/hapticpatternlibrary.plist, NSURL=file:///Library/Audio/Tunings/Generic/Haptics/Library/hapticpatternlibrary.plist, NSUnderlyingError=0x11eef2280 {Error Domain=NSPOSIXErrorDomain Code=2 "No such file or directory"}}
2026-09-09 21:37:49.883156-0300 Traco[14421:18007248]        CHHapticPattern.mm:487   +[CHHapticPattern patternForKey:error:]: Failed to read pattern library data: Error Domain=NSCocoaErrorDomain Code=260 "O arquivo “hapticpatternlibrary.plist” não pôde ser aberto porque tal arquivo não existe." UserInfo={NSFilePath=/Library/Audio/Tunings/Generic/Haptics/Library/hapticpatternlibrary.plist, NSURL=file:///Library/Audio/Tunings/Generic/Haptics/Library/hapticpatternlibrary.plist, NSUnderlyingError=0x11eef22b0 {Error Domain=NSPOSIXErrorDomain Code=2 "No such file or directory"}}
2026-09-09 21:37:49.883323-0300 Traco[14421:18007248] [UIKBFeedbackGenerator] <_UIKBFeedbackGenerator: 0x11823c540>: Error creating CHHapticPattern: Error Domain=NSCocoaErrorDomain Code=260 "O arquivo “hapticpatternlibrary.plist” não pôde ser aberto porque tal arquivo não existe." UserInfo={NSFilePath=/Library/Audio/Tunings/Generic/Haptics/Library/hapticpatternlibrary.plist, NSURL=file:///Library/Audio/Tunings/Generic/Haptics/Library/hapticpatternlibrary.plist, NSUnderlyingError=0x11eef22b0 {Error Domain=NSPOSIXErrorDomain Code=2 "No such file or directory"}}
2026-09-09 21:37:49.883516-0300 Traco[14421:18007248]        CHHapticPattern.mm:487   +[CHHapticPattern patternForKey:error:]: Failed to read pattern library data: Error Domain=NSCocoaErrorDomain Code=260 "O arquivo “hapticpatternlibrary.plist” não pôde ser aberto porque tal arquivo não existe." UserInfo={NSFilePath=/Library/Audio/Tunings/Generic/Haptics/Library/hapticpatternlibrary.plist, NSURL=file:///Library/Audio/Tunings/Generic/Haptics/Library/hapticpatternlibrary.plist, NSUnderlyingError=0x11eef2280 {Error Domain=NSPOSIXErrorDomain Code=2 "No such file or directory"}}
2026-09-09 21:37:49.883672-0300 Traco[14421:18007248] [UIKBFeedbackGenerator] <_UIKBFeedbackGenerator: 0x11823c540>: Error creating CHHapticPattern: Error Domain=NSCocoaErrorDomain Code=260 "O arquivo “hapticpatternlibrary.plist” não pôde ser aberto porque tal arquivo não existe." UserInfo={NSFilePath=/Library/Audio/Tunings/Generic/Haptics/Library/hapticpatternlibrary.plist, NSURL=file:///Library/Audio/Tunings/Generic/Haptics/Library/hapticpatternlibrary.plist, NSUnderlyingError=0x11eef2280 {Error Domain=NSPOSIXErrorDomain Code=2 "No such file or directory"}}
2026-09-09 21:37:49.884006-0300 Traco[14421:18007248]        CHHapticPattern.mm:487   +[CHHapticPattern patternForKey:error:]: Failed to read pattern library data: Error Domain=NSCocoaErrorDomain Code=260 "O arquivo “hapticpatternlibrary.plist” não pôde ser aberto porque tal arquivo não existe." UserInfo={NSFilePath=/Library/Audio/Tunings/Generic/Haptics/Library/hapticpatternlibrary.plist, NSURL=file:///Library/Audio/Tunings/Generic/Haptics/Library/hapticpatternlibrary.plist, NSUnderlyingError=0x11eef22b0 {Error Domain=NSPOSIXErrorDomain Code=2 "No such file or directory"}}
2026-09-09 21:37:49.884140-0300 Traco[14421:18007248] [UIKBFeedbackGenerator] <_UIKBFeedbackGenerator: 0x11823c540>: Error creating CHHapticPattern: Error Domain=NSCocoaErrorDomain Code=260 "O arquivo “hapticpatternlibrary.plist” não pôde ser aberto porque tal arquivo não existe." UserInfo={NSFilePath=/Library/Audio/Tunings/Generic/Haptics/Library/hapticpatternlibrary.plist, NSURL=file:///Library/Audio/Tunings/Generic/Haptics/Library/hapticpatternlibrary.plist, NSUnderlyingError=0x11eef22b0 {Error Domain=NSPOSIXErrorDomain Code=2 "No such file or directory"}}
2026-09-09 21:37:49.884295-0300 Traco[14421:18007248]        CHHapticPattern.mm:487   +[CHHapticPattern patternForKey:error:]: Failed to read pattern library data: Error Domain=NSCocoaErrorDomain Code=260 "O arquivo “hapticpatternlibrary.plist” não pôde ser aberto porque tal arquivo não existe." UserInfo={NSFilePath=/Library/Audio/Tunings/Generic/Haptics/Library/hapticpatternlibrary.plist, NSURL=file:///Library/Audio/Tunings/Generic/Haptics/Library/hapticpatternlibrary.plist, NSUnderlyingError=0x11eef2280 {Error Domain=NSPOSIXErrorDomain Code=2 "No such file or directory"}}
2026-09-09 21:37:49.884447-0300 Traco[14421:18007248] [UIKBFeedbackGenerator] <_UIKBFeedbackGenerator: 0x11823c540>: Error creating CHHapticPattern: Error Domain=NSCocoaErrorDomain Code=260 "O arquivo “hapticpatternlibrary.plist” não pôde ser aberto porque tal arquivo não existe." UserInfo={NSFilePath=/Library/Audio/Tunings/Generic/Haptics/Library/hapticpatternlibrary.plist, NSURL=file:///Library/Audio/Tunings/Generic/Haptics/Library/hapticpatternlibrary.plist, NSUnderlyingError=0x11eef2280 {Error Domain=NSPOSIXErrorDomain Code=2 "No such file or directory"}}
2026-09-09 21:37:49.884612-0300 Traco[14421:18007248]        CHHapticPattern.mm:487   +[CHHapticPattern patternForKey:error:]: Failed to read pattern library data: Error Domain=NSCocoaErrorDomain Code=260 "O arquivo “hapticpatternlibrary.plist” não pôde ser aberto porque tal arquivo não existe." UserInfo={NSFilePath=/Library/Audio/Tunings/Generic/Haptics/Library/hapticpatternlibrary.plist, NSURL=file:///Library/Audio/Tunings/Generic/Haptics/Library/hapticpatternlibrary.plist, NSUnderlyingError=0x11eef22b0 {Error Domain=NSPOSIXErrorDomain Code=2 "No such file or directory"}}
2026-09-09 21:37:49.884849-0300 Traco[14421:18007248] [UIKBFeedbackGenerator] <_UIKBFeedbackGenerator: 0x11823c540>: Error creating CHHapticPattern: Error Domain=NSCocoaErrorDomain Code=260 "O arquivo “hapticpatternlibrary.plist” não pôde ser aberto porque tal arquivo não existe." UserInfo={NSFilePath=/Library/Audio/Tunings/Generic/Haptics/Library/hapticpatternlibrary.plist, NSURL=file:///Library/Audio/Tunings/Generic/Haptics/Library/hapticpatternlibrary.plist, NSUnderlyingError=0x11eef22b0 {Error Domain=NSPOSIXErrorDomain Code=2 "No such file or directory"}}
2026-09-09 21:37:49.885006-0300 Traco[14421:18007248]        CHHapticPattern.mm:487   +[CHHapticPattern patternForKey:error:]: Failed to read pattern library data: Error Domain=NSCocoaErrorDomain Code=260 "O arquivo “hapticpatternlibrary.plist” não pôde ser aberto porque tal arquivo não existe." UserInfo={NSFilePath=/Library/Audio/Tunings/Generic/Haptics/Library/hapticpatternlibrary.plist, NSURL=file:///Library/Audio/Tunings/Generic/Haptics/Library/hapticpatternlibrary.plist, NSUnderlyingError=0x11eef2280 {Error Domain=NSPOSIXErrorDomain Code=2 "No such file or directory"}}
2026-09-09 21:37:49.885140-0300 Traco[14421:18007248] [UIKBFeedbackGenerator] <_UIKBFeedbackGenerator: 0x11823c540>: Error creating CHHapticPattern: Error Domain=NSCocoaErrorDomain Code=260 "O arquivo “hapticpatternlibrary.plist” não pôde ser aberto porque tal arquivo não existe." UserInfo={NSFilePath=/Library/Audio/Tunings/Generic/Haptics/Library/hapticpatternlibrary.plist, NSURL=file:///Library/Audio/Tunings/Generic/Haptics/Library/hapticpatternlibrary.plist, NSUnderlyingError=0x11eef2280 {Error Domain=NSPOSIXErrorDomain Code=2 "No such file or directory"}}
2026-09-09 21:37:49.885328-0300 Traco[14421:18007248]        CHHapticPattern.mm:487   +[CHHapticPattern patternForKey:error:]: Failed to read pattern library data: Error Domain=NSCocoaErrorDomain Code=260 "O arquivo “hapticpatternlibrary.plist” não pôde ser aberto porque tal arquivo não existe." UserInfo={NSFilePath=/Library/Audio/Tunings/Generic/Haptics/Library/hapticpatternlibrary.plist, NSURL=file:///Library/Audio/Tunings/Generic/Haptics/Library/hapticpatternlibrary.plist, NSUnderlyingError=0x11eef22b0 {Error Domain=NSPOSIXErrorDomain Code=2 "No such file or directory"}}
2026-09-09 21:37:49.885497-0300 Traco[14421:18007248] [UIKBFeedbackGenerator] <_UIKBFeedbackGenerator: 0x11823c540>: Error creating CHHapticPattern: Error Domain=NSCocoaErrorDomain Code=260 "O arquivo “hapticpatternlibrary.plist” não pôde ser aberto porque tal arquivo não existe." UserInfo={NSFilePath=/Library/Audio/Tunings/Generic/Haptics/Library/hapticpatternlibrary.plist, NSURL=file:///Library/Audio/Tunings/Generic/Haptics/Library/hapticpatternlibrary.plist, NSUnderlyingError=0x11eef22b0 {Error Domain=NSPOSIXErrorDomain Code=2 "No such file or directory"}}
​◇ Test case passing 1 argument tamanho → UIContentSizeCategory(rawValue: "UICTContentSizeCategoryL") to aLinhaAtivaEOCaretFicamNaAreaLivreDoPapel(tamanho:) started.
2026-09-09 21:37:51.284832-0300 Traco[14421:18004626]        CHHapticPattern.mm:487   +[CHHapticPattern patternForKey:error:]: Failed to read pattern library data: Error Domain=NSCocoaErrorDomain Code=260 "O arquivo “hapticpatternlibrary.plist” não pôde ser aberto porque tal arquivo não existe." UserInfo={NSFilePath=/Library/Audio/Tunings/Generic/Haptics/Library/hapticpatternlibrary.plist, NSURL=file:///Library/Audio/Tunings/Generic/Haptics/Library/hapticpatternlibrary.plist, NSUnderlyingError=0x11eef3d80 {Error Domain=NSPOSIXErrorDomain Code=2 "No such file or directory"}}
2026-09-09 21:37:51.284964-0300 Traco[14421:18004626] [UIKBFeedbackGenerator] <_UIKBFeedbackGenerator: 0x11823c540>: Error creating CHHapticPattern: Error Domain=NSCocoaErrorDomain Code=260 "O arquivo “hapticpatternlibrary.plist” não pôde ser aberto porque tal arquivo não existe." UserInfo={NSFilePath=/Library/Audio/Tunings/Generic/Haptics/Library/hapticpatternlibrary.plist, NSURL=file:///Library/Audio/Tunings/Generic/Haptics/Library/hapticpatternlibrary.plist, NSUnderlyingError=0x11eef3d80 {Error Domain=NSPOSIXErrorDomain Code=2 "No such file or directory"}}
2026-09-09 21:37:51.285145-0300 Traco[14421:18004626]        CHHapticPattern.mm:487   +[CHHapticPattern patternForKey:error:]: Failed to read pattern library data: Error Domain=NSCocoaErrorDomain Code=260 "O arquivo “hapticpatternlibrary.plist” não pôde ser aberto porque tal arquivo não existe." UserInfo={NSFilePath=/Library/Audio/Tunings/Generic/Haptics/Library/hapticpatternlibrary.plist, NSURL=file:///Library/Audio/Tunings/Generic/Haptics/Library/hapticpatternlibrary.plist, NSUnderlyingError=0x11eef3ab0 {Error Domain=NSPOSIXErrorDomain Code=2 "No such file or directory"}}
2026-09-09 21:37:51.285287-0300 Traco[14421:18004626] [UIKBFeedbackGenerator] <_UIKBFeedbackGenerator: 0x11823c540>: Error creating CHHapticPattern: Error Domain=NSCocoaErrorDomain Code=260 "O arquivo “hapticpatternlibrary.plist” não pôde ser aberto porque tal arquivo não existe." UserInfo={NSFilePath=/Library/Audio/Tunings/Generic/Haptics/Library/hapticpatternlibrary.plist, NSURL=file:///Library/Audio/Tunings/Generic/Haptics/Library/hapticpatternlibrary.plist, NSUnderlyingError=0x11eef3ab0 {Error Domain=NSPOSIXErrorDomain Code=2 "No such file or directory"}}
2026-09-09 21:37:51.285551-0300 Traco[14421:18004626]        CHHapticPattern.mm:487   +[CHHapticPattern patternForKey:error:]: Failed to read pattern library data: Error Domain=NSCocoaErrorDomain Code=260 "O arquivo “hapticpatternlibrary.plist” não pôde ser aberto porque tal arquivo não existe." UserInfo={NSFilePath=/Library/Audio/Tunings/Generic/Haptics/Library/hapticpatternlibrary.plist, NSURL=file:///Library/Audio/Tunings/Generic/Haptics/Library/hapticpatternlibrary.plist, NSUnderlyingError=0x11eef3d80 {Error Domain=NSPOSIXErrorDomain Code=2 "No such file or directory"}}
2026-09-09 21:37:51.285731-0300 Traco[14421:18004626] [UIKBFeedbackGenerator] <_UIKBFeedbackGenerator: 0x11823c540>: Error creating CHHapticPattern: Error Domain=NSCocoaErrorDomain Code=260 "O arquivo “hapticpatternlibrary.plist” não pôde ser aberto porque tal arquivo não existe." UserInfo={NSFilePath=/Library/Audio/Tunings/Generic/Haptics/Library/hapticpatternlibrary.plist, NSURL=file:///Library/Audio/Tunings/Generic/Haptics/Library/hapticpatternlibrary.plist, NSUnderlyingError=0x11eef3d80 {Error Domain=NSPOSIXErrorDomain Code=2 "No such file or directory"}}
2026-09-09 21:37:51.285879-0300 Traco[14421:18004626]        CHHapticPattern.mm:487   +[CHHapticPattern patternForKey:error:]: Failed to read pattern library data: Error Domain=NSCocoaErrorDomain Code=260 "O arquivo “hapticpatternlibrary.plist” não pôde ser aberto porque tal arquivo não existe." UserInfo={NSFilePath=/Library/Audio/Tunings/Generic/Haptics/Library/hapticpatternlibrary.plist, NSURL=file:///Library/Audio/Tunings/Generic/Haptics/Library/hapticpatternlibrary.plist, NSUnderlyingError=0x11eef3ab0 {Error Domain=NSPOSIXErrorDomain Code=2 "No such file or directory"}}
2026-09-09 21:37:51.286014-0300 Traco[14421:18004626] [UIKBFeedbackGenerator] <_UIKBFeedbackGenerator: 0x11823c540>: Error creating CHHapticPattern: Error Domain=NSCocoaErrorDomain Code=260 "O arquivo “hapticpatternlibrary.plist” não pôde ser aberto porque tal arquivo não existe." UserInfo={NSFilePath=/Library/Audio/Tunings/Generic/Haptics/Library/hapticpatternlibrary.plist, NSURL=file:///Library/Audio/Tunings/Generic/Haptics/Library/hapticpatternlibrary.plist, NSUnderlyingError=0x11eef3ab0 {Error Domain=NSPOSIXErrorDomain Code=2 "No such file or directory"}}
2026-09-09 21:37:51.286158-0300 Traco[14421:18004626]        CHHapticPattern.mm:487   +[CHHapticPattern patternForKey:error:]: Failed to read pattern library data: Error Domain=NSCocoaErrorDomain Code=260 "O arquivo “hapticpatternlibrary.plist” não pôde ser aberto porque tal arquivo não existe." UserInfo={NSFilePath=/Library/Audio/Tunings/Generic/Haptics/Library/hapticpatternlibrary.plist, NSURL=file:///Library/Audio/Tunings/Generic/Haptics/Library/hapticpatternlibrary.plist, NSUnderlyingError=0x11eef3d80 {Error Domain=NSPOSIXErrorDomain Code=2 "No such file or directory"}}
2026-09-09 21:37:51.286266-0300 Traco[14421:18004626] [UIKBFeedbackGenerator] <_UIKBFeedbackGenerator: 0x11823c540>: Error creating CHHapticPattern: Error Domain=NSCocoaErrorDomain Code=260 "O arquivo “hapticpatternlibrary.plist” não pôde ser aberto porque tal arquivo não existe." UserInfo={NSFilePath=/Library/Audio/Tunings/Generic/Haptics/Library/hapticpatternlibrary.plist, NSURL=file:///Library/Audio/Tunings/Generic/Haptics/Library/hapticpatternlibrary.plist, NSUnderlyingError=0x11eef3d80 {Error Domain=NSPOSIXErrorDomain Code=2 "No such file or directory"}}
2026-09-09 21:37:51.286414-0300 Traco[14421:18004626]        CHHapticPattern.mm:487   +[CHHapticPattern patternForKey:error:]: Failed to read pattern library data: Error Domain=NSCocoaErrorDomain Code=260 "O arquivo “hapticpatternlibrary.plist” não pôde ser aberto porque tal arquivo não existe." UserInfo={NSFilePath=/Library/Audio/Tunings/Generic/Haptics/Library/hapticpatternlibrary.plist, NSURL=file:///Library/Audio/Tunings/Generic/Haptics/Library/hapticpatternlibrary.plist, NSUnderlyingError=0x11eef3ab0 {Error Domain=NSPOSIXErrorDomain Code=2 "No such file or directory"}}
2026-09-09 21:37:51.286518-0300 Traco[14421:18004626] [UIKBFeedbackGenerator] <_UIKBFeedbackGenerator: 0x11823c540>: Error creating CHHapticPattern: Error Domain=NSCocoaErrorDomain Code=260 "O arquivo “hapticpatternlibrary.plist” não pôde ser aberto porque tal arquivo não existe." UserInfo={NSFilePath=/Library/Audio/Tunings/Generic/Haptics/Library/hapticpatternlibrary.plist, NSURL=file:///Library/Audio/Tunings/Generic/Haptics/Library/hapticpatternlibrary.plist, NSUnderlyingError=0x11eef3ab0 {Error Domain=NSPOSIXErrorDomain Code=2 "No such file or directory"}}
2026-09-09 21:37:51.286628-0300 Traco[14421:18004626]        CHHapticPattern.mm:487   +[CHHapticPattern patternForKey:error:]: Failed to read pattern library data: Error Domain=NSCocoaErrorDomain Code=260 "O arquivo “hapticpatternlibrary.plist” não pôde ser aberto porque tal arquivo não existe." UserInfo={NSFilePath=/Library/Audio/Tunings/Generic/Haptics/Library/hapticpatternlibrary.plist, NSURL=file:///Library/Audio/Tunings/Generic/Haptics/Library/hapticpatternlibrary.plist, NSUnderlyingError=0x11eef3d80 {Error Domain=NSPOSIXErrorDomain Code=2 "No such file or directory"}}
2026-09-09 21:37:51.286749-0300 Traco[14421:18004626] [UIKBFeedbackGenerator] <_UIKBFeedbackGenerator: 0x11823c540>: Error creating CHHapticPattern: Error Domain=NSCocoaErrorDomain Code=260 "O arquivo “hapticpatternlibrary.plist” não pôde ser aberto porque tal arquivo não existe." UserInfo={NSFilePath=/Library/Audio/Tunings/Generic/Haptics/Library/hapticpatternlibrary.plist, NSURL=file:///Library/Audio/Tunings/Generic/Haptics/Library/hapticpatternlibrary.plist, NSUnderlyingError=0x11eef3d80 {Error Domain=NSPOSIXErrorDomain Code=2 "No such file or directory"}}
2026-09-09 21:37:51.286926-0300 Traco[14421:18004626]        CHHapticPattern.mm:487   +[CHHapticPattern patternForKey:error:]: Failed to read pattern library data: Error Domain=NSCocoaErrorDomain Code=260 "O arquivo “hapticpatternlibrary.plist” não pôde ser aberto porque tal arquivo não existe." UserInfo={NSFilePath=/Library/Audio/Tunings/Generic/Haptics/Library/hapticpatternlibrary.plist, NSURL=file:///Library/Audio/Tunings/Generic/Haptics/Library/hapticpatternlibrary.plist, NSUnderlyingError=0x11eef3ab0 {Error Domain=NSPOSIXErrorDomain Code=2 "No such file or directory"}}
2026-09-09 21:37:51.287042-0300 Traco[14421:18004626] [UIKBFeedbackGenerator] <_UIKBFeedbackGenerator: 0x11823c540>: Error creating CHHapticPattern: Error Domain=NSCocoaErrorDomain Code=260 "O arquivo “hapticpatternlibrary.plist” não pôde ser aberto porque tal arquivo não existe." UserInfo={NSFilePath=/Library/Audio/Tunings/Generic/Haptics/Library/hapticpatternlibrary.plist, NSURL=file:///Library/Audio/Tunings/Generic/Haptics/Library/hapticpatternlibrary.plist, NSUnderlyingError=0x11eef3ab0 {Error Domain=NSPOSIXErrorDomain Code=2 "No such file or directory"}}
2026-09-09 21:37:51.287158-0300 Traco[14421:18004626]        CHHapticPattern.mm:487   +[CHHapticPattern patternForKey:error:]: Failed to read pattern library data: Error Domain=NSCocoaErrorDomain Code=260 "O arquivo “hapticpatternlibrary.plist” não pôde ser aberto porque tal arquivo não existe." UserInfo={NSFilePath=/Library/Audio/Tunings/Generic/Haptics/Library/hapticpatternlibrary.plist, NSURL=file:///Library/Audio/Tunings/Generic/Haptics/Library/hapticpatternlibrary.plist, NSUnderlyingError=0x11eef3d80 {Error Domain=NSPOSIXErrorDomain Code=2 "No such file or directory"}}
2026-09-09 21:37:51.287269-0300 Traco[14421:18004626] [UIKBFeedbackGenerator] <_UIKBFeedbackGenerator: 0x11823c540>: Error creating CHHapticPattern: Error Domain=NSCocoaErrorDomain Code=260 "O arquivo “hapticpatternlibrary.plist” não pôde ser aberto porque tal arquivo não existe." UserInfo={NSFilePath=/Library/Audio/Tunings/Generic/Haptics/Library/hapticpatternlibrary.plist, NSURL=file:///Library/Audio/Tunings/Generic/Haptics/Library/hapticpatternlibrary.plist, NSUnderlyingError=0x11eef3d80 {Error Domain=NSPOSIXErrorDomain Code=2 "No such file or directory"}}
2026-09-09 21:37:54.609705-0300 Traco[14421:18004626]        CHHapticPattern.mm:487   +[CHHapticPattern patternForKey:error:]: Failed to read pattern library data: Error Domain=NSCocoaErrorDomain Code=260 "O arquivo “hapticpatternlibrary.plist” não pôde ser aberto porque tal arquivo não existe." UserInfo={NSFilePath=/Library/Audio/Tunings/Generic/Haptics/Library/hapticpatternlibrary.plist, NSURL=file:///Library/Audio/Tunings/Generic/Haptics/Library/hapticpatternlibrary.plist, NSUnderlyingError=0x11eef3ab0 {Error Domain=NSPOSIXErrorDomain Code=2 "No such file or directory"}}
2026-09-09 21:37:54.609869-0300 Traco[14421:18004626] [UIKBFeedbackGenerator] <_UIKBFeedbackGenerator: 0x11823c540>: Error creating CHHapticPattern: Error Domain=NSCocoaErrorDomain Code=260 "O arquivo “hapticpatternlibrary.plist” não pôde ser aberto porque tal arquivo não existe." UserInfo={NSFilePath=/Library/Audio/Tunings/Generic/Haptics/Library/hapticpatternlibrary.plist, NSURL=file:///Library/Audio/Tunings/Generic/Haptics/Library/hapticpatternlibrary.plist, NSUnderlyingError=0x11eef3ab0 {Error Domain=NSPOSIXErrorDomain Code=2 "No such file or directory"}}
2026-09-09 21:37:54.610045-0300 Traco[14421:18004626]        CHHapticPattern.mm:487   +[CHHapticPattern patternForKey:error:]: Failed to read pattern library data: Error Domain=NSCocoaErrorDomain Code=260 "O arquivo “hapticpatternlibrary.plist” não pôde ser aberto porque tal arquivo não existe." UserInfo={NSFilePath=/Library/Audio/Tunings/Generic/Haptics/Library/hapticpatternlibrary.plist, NSURL=file:///Library/Audio/Tunings/Generic/Haptics/Library/hapticpatternlibrary.plist, NSUnderlyingError=0x11eef39f0 {Error Domain=NSPOSIXErrorDomain Code=2 "No such file or directory"}}
2026-09-09 21:37:54.610210-0300 Traco[14421:18004626] [UIKBFeedbackGenerator] <_UIKBFeedbackGenerator: 0x11823c540>: Error creating CHHapticPattern: Error Domain=NSCocoaErrorDomain Code=260 "O arquivo “hapticpatternlibrary.plist” não pôde ser aberto porque tal arquivo não existe." UserInfo={NSFilePath=/Library/Audio/Tunings/Generic/Haptics/Library/hapticpatternlibrary.plist, NSURL=file:///Library/Audio/Tunings/Generic/Haptics/Library/hapticpatternlibrary.plist, NSUnderlyingError=0x11eef39f0 {Error Domain=NSPOSIXErrorDomain Code=2 "No such file or directory"}}
2026-09-09 21:37:54.610343-0300 Traco[14421:18004626]        CHHapticPattern.mm:487   +[CHHapticPattern patternForKey:error:]: Failed to read pattern library data: Error Domain=NSCocoaErrorDomain Code=260 "O arquivo “hapticpatternlibrary.plist” não pôde ser aberto porque tal arquivo não existe." UserInfo={NSFilePath=/Library/Audio/Tunings/Generic/Haptics/Library/hapticpatternlibrary.plist, NSURL=file:///Library/Audio/Tunings/Generic/Haptics/Library/hapticpatternlibrary.plist, NSUnderlyingError=0x11eef3ab0 {Error Domain=NSPOSIXErrorDomain Code=2 "No such file or directory"}}
2026-09-09 21:37:54.610480-0300 Traco[14421:18004626] [UIKBFeedbackGenerator] <_UIKBFeedbackGenerator: 0x11823c540>: Error creating CHHapticPattern: Error Domain=NSCocoaErrorDomain Code=260 "O arquivo “hapticpatternlibrary.plist” não pôde ser aberto porque tal arquivo não existe." UserInfo={NSFilePath=/Library/Audio/Tunings/Generic/Haptics/Library/hapticpatternlibrary.plist, NSURL=file:///Library/Audio/Tunings/Generic/Haptics/Library/hapticpatternlibrary.plist, NSUnderlyingError=0x11eef3ab0 {Error Domain=NSPOSIXErrorDomain Code=2 "No such file or directory"}}
2026-09-09 21:37:54.610622-0300 Traco[14421:18004626]        CHHapticPattern.mm:487   +[CHHapticPattern patternForKey:error:]: Failed to read pattern library data: Error Domain=NSCocoaErrorDomain Code=260 "O arquivo “hapticpatternlibrary.plist” não pôde ser aberto porque tal arquivo não existe." UserInfo={NSFilePath=/Library/Audio/Tunings/Generic/Haptics/Library/hapticpatternlibrary.plist, NSURL=file:///Library/Audio/Tunings/Generic/Haptics/Library/hapticpatternlibrary.plist, NSUnderlyingError=0x11eef39f0 {Error Domain=NSPOSIXErrorDomain Code=2 "No such file or directory"}}
2026-09-09 21:37:54.610748-0300 Traco[14421:18004626] [UIKBFeedbackGenerator] <_UIKBFeedbackGenerator: 0x11823c540>: Error creating CHHapticPattern: Error Domain=NSCocoaErrorDomain Code=260 "O arquivo “hapticpatternlibrary.plist” não pôde ser aberto porque tal arquivo não existe." UserInfo={NSFilePath=/Library/Audio/Tunings/Generic/Haptics/Library/hapticpatternlibrary.plist, NSURL=file:///Library/Audio/Tunings/Generic/Haptics/Library/hapticpatternlibrary.plist, NSUnderlyingError=0x11eef39f0 {Error Domain=NSPOSIXErrorDomain Code=2 "No such file or directory"}}
2026-09-09 21:37:54.610880-0300 Traco[14421:18004626]        CHHapticPattern.mm:487   +[CHHapticPattern patternForKey:error:]: Failed to read pattern library data: Error Domain=NSCocoaErrorDomain Code=260 "O arquivo “hapticpatternlibrary.plist” não pôde ser aberto porque tal arquivo não existe." UserInfo={NSFilePath=/Library/Audio/Tunings/Generic/Haptics/Library/hapticpatternlibrary.plist, NSURL=file:///Library/Audio/Tunings/Generic/Haptics/Library/hapticpatternlibrary.plist, NSUnderlyingError=0x11eef3ab0 {Error Domain=NSPOSIXErrorDomain Code=2 "No such file or directory"}}
2026-09-09 21:37:54.611001-0300 Traco[14421:18004626] [UIKBFeedbackGenerator] <_UIKBFeedbackGenerator: 0x11823c540>: Error creating CHHapticPattern: Error Domain=NSCocoaErrorDomain Code=260 "O arquivo “hapticpatternlibrary.plist” não pôde ser aberto porque tal arquivo não existe." UserInfo={NSFilePath=/Library/Audio/Tunings/Generic/Haptics/Library/hapticpatternlibrary.plist, NSURL=file:///Library/Audio/Tunings/Generic/Haptics/Library/hapticpatternlibrary.plist, NSUnderlyingError=0x11eef3ab0 {Error Domain=NSPOSIXErrorDomain Code=2 "No such file or directory"}}
2026-09-09 21:37:54.611120-0300 Traco[14421:18004626]        CHHapticPattern.mm:487   +[CHHapticPattern patternForKey:error:]: Failed to read pattern library data: Error Domain=NSCocoaErrorDomain Code=260 "O arquivo “hapticpatternlibrary.plist” não pôde ser aberto porque tal arquivo não existe." UserInfo={NSFilePath=/Library/Audio/Tunings/Generic/Haptics/Library/hapticpatternlibrary.plist, NSURL=file:///Library/Audio/Tunings/Generic/Haptics/Library/hapticpatternlibrary.plist, NSUnderlyingError=0x11eef39f0 {Error Domain=NSPOSIXErrorDomain Code=2 "No such file or directory"}}
2026-09-09 21:37:54.611261-0300 Traco[14421:18004626] [UIKBFeedbackGenerator] <_UIKBFeedbackGenerator: 0x11823c540>: Error creating CHHapticPattern: Error Domain=NSCocoaErrorDomain Code=260 "O arquivo “hapticpatternlibrary.plist” não pôde ser aberto porque tal arquivo não existe." UserInfo={NSFilePath=/Library/Audio/Tunings/Generic/Haptics/Library/hapticpatternlibrary.plist, NSURL=file:///Library/Audio/Tunings/Generic/Haptics/Library/hapticpatternlibrary.plist, NSUnderlyingError=0x11eef39f0 {Error Domain=NSPOSIXErrorDomain Code=2 "No such file or directory"}}
2026-09-09 21:37:54.611397-0300 Traco[14421:18004626]        CHHapticPattern.mm:487   +[CHHapticPattern patternForKey:error:]: Failed to read pattern library data: Error Domain=NSCocoaErrorDomain Code=260 "O arquivo “hapticpatternlibrary.plist” não pôde ser aberto porque tal arquivo não existe." UserInfo={NSFilePath=/Library/Audio/Tunings/Generic/Haptics/Library/hapticpatternlibrary.plist, NSURL=file:///Library/Audio/Tunings/Generic/Haptics/Library/hapticpatternlibrary.plist, NSUnderlyingError=0x11eef3ab0 {Error Domain=NSPOSIXErrorDomain Code=2 "No such file or directory"}}
2026-09-09 21:37:54.611498-0300 Traco[14421:18004626] [UIKBFeedbackGenerator] <_UIKBFeedbackGenerator: 0x11823c540>: Error creating CHHapticPattern: Error Domain=NSCocoaErrorDomain Code=260 "O arquivo “hapticpatternlibrary.plist” não pôde ser aberto porque tal arquivo não existe." UserInfo={NSFilePath=/Library/Audio/Tunings/Generic/Haptics/Library/hapticpatternlibrary.plist, NSURL=file:///Library/Audio/Tunings/Generic/Haptics/Library/hapticpatternlibrary.plist, NSUnderlyingError=0x11eef3ab0 {Error Domain=NSPOSIXErrorDomain Code=2 "No such file or directory"}}
2026-09-09 21:37:54.611642-0300 Traco[14421:18004626]        CHHapticPattern.mm:487   +[CHHapticPattern patternForKey:error:]: Failed to read pattern library data: Error Domain=NSCocoaErrorDomain Code=260 "O arquivo “hapticpatternlibrary.plist” não pôde ser aberto porque tal arquivo não existe." UserInfo={NSFilePath=/Library/Audio/Tunings/Generic/Haptics/Library/hapticpatternlibrary.plist, NSURL=file:///Library/Audio/Tunings/Generic/Haptics/Library/hapticpatternlibrary.plist, NSUnderlyingError=0x11eef39f0 {Error Domain=NSPOSIXErrorDomain Code=2 "No such file or directory"}}
2026-09-09 21:37:54.611769-0300 Traco[14421:18004626] [UIKBFeedbackGenerator] <_UIKBFeedbackGenerator: 0x11823c540>: Error creating CHHapticPattern: Error Domain=NSCocoaErrorDomain Code=260 "O arquivo “hapticpatternlibrary.plist” não pôde ser aberto porque tal arquivo não existe." UserInfo={NSFilePath=/Library/Audio/Tunings/Generic/Haptics/Library/hapticpatternlibrary.plist, NSURL=file:///Library/Audio/Tunings/Generic/Haptics/Library/hapticpatternlibrary.plist, NSUnderlyingError=0x11eef39f0 {Error Domain=NSPOSIXErrorDomain Code=2 "No such file or directory"}}
2026-09-09 21:37:54.611906-0300 Traco[14421:18004626]        CHHapticPattern.mm:487   +[CHHapticPattern patternForKey:error:]: Failed to read pattern library data: Error Domain=NSCocoaErrorDomain Code=260 "O arquivo “hapticpatternlibrary.plist” não pôde ser aberto porque tal arquivo não existe." UserInfo={NSFilePath=/Library/Audio/Tunings/Generic/Haptics/Library/hapticpatternlibrary.plist, NSURL=file:///Library/Audio/Tunings/Generic/Haptics/Library/hapticpatternlibrary.plist, NSUnderlyingError=0x11eef3ab0 {Error Domain=NSPOSIXErrorDomain Code=2 "No such file or directory"}}
2026-09-09 21:37:54.612029-0300 Traco[14421:18004626] [UIKBFeedbackGenerator] <_UIKBFeedbackGenerator: 0x11823c540>: Error creating CHHapticPattern: Error Domain=NSCocoaErrorDomain Code=260 "O arquivo “hapticpatternlibrary.plist” não pôde ser aberto porque tal arquivo não existe." UserInfo={NSFilePath=/Library/Audio/Tunings/Generic/Haptics/Library/hapticpatternlibrary.plist, NSURL=file:///Library/Audio/Tunings/Generic/Haptics/Library/hapticpatternlibrary.plist, NSUnderlyingError=0x11eef3ab0 {Error Domain=NSPOSIXErrorDomain Code=2 "No such file or directory"}}
ESCRITA teclado large: de software, na tela 308 pt (2 tentativa(s)), papel 118–408 pt, topo do teclado 566 pt, inset extra 274 pt, TextKit 2
ETIQUETA large: papel 118–327 (209 pt) -> 143–327 (183 pt); a cápsula desceu o topo 25 pt e tomou 25 pt de altura
ESCRITA large: 52 amostras, 52 com a linha do caret na área livre do papel; teclado real 308 pt
2026-09-09 21:38:04.594066-0300 Traco[14421:18007248]        CHHapticPattern.mm:487   +[CHHapticPattern patternForKey:error:]: Failed to read pattern library data: Error Domain=NSCocoaErrorDomain Code=260 "O arquivo “hapticpatternlibrary.plist” não pôde ser aberto porque tal arquivo não existe." UserInfo={NSFilePath=/Library/Audio/Tunings/Generic/Haptics/Library/hapticpatternlibrary.plist, NSURL=file:///Library/Audio/Tunings/Generic/Haptics/Library/hapticpatternlibrary.plist, NSUnderlyingError=0x11eef2af0 {Error Domain=NSPOSIXErrorDomain Code=2 "No such file or directory"}}
2026-09-09 21:38:04.594241-0300 Traco[14421:18007248] [UIKBFeedbackGenerator] <_UIKBFeedbackGenerator: 0x11823c540>: Error creating CHHapticPattern: Error Domain=NSCocoaErrorDomain Code=260 "O arquivo “hapticpatternlibrary.plist” não pôde ser aberto porque tal arquivo não existe." UserInfo={NSFilePath=/Library/Audio/Tunings/Generic/Haptics/Library/hapticpatternlibrary.plist, NSURL=file:///Library/Audio/Tunings/Generic/Haptics/Library/hapticpatternlibrary.plist, NSUnderlyingError=0x11eef2af0 {Error Domain=NSPOSIXErrorDomain Code=2 "No such file or directory"}}
2026-09-09 21:38:04.594418-0300 Traco[14421:18007248]        CHHapticPattern.mm:487   +[CHHapticPattern patternForKey:error:]: Failed to read pattern library data: Error Domain=NSCocoaErrorDomain Code=260 "O arquivo “hapticpatternlibrary.plist” não pôde ser aberto porque tal arquivo não existe." UserInfo={NSFilePath=/Library/Audio/Tunings/Generic/Haptics/Library/hapticpatternlibrary.plist, NSURL=file:///Library/Audio/Tunings/Generic/Haptics/Library/hapticpatternlibrary.plist, NSUnderlyingError=0x11eef1ad0 {Error Domain=NSPOSIXErrorDomain Code=2 "No such file or directory"}}
2026-09-09 21:38:04.594546-0300 Traco[14421:18007248] [UIKBFeedbackGenerator] <_UIKBFeedbackGenerator: 0x11823c540>: Error creating CHHapticPattern: Error Domain=NSCocoaErrorDomain Code=260 "O arquivo “hapticpatternlibrary.plist” não pôde ser aberto porque tal arquivo não existe." UserInfo={NSFilePath=/Library/Audio/Tunings/Generic/Haptics/Library/hapticpatternlibrary.plist, NSURL=file:///Library/Audio/Tunings/Generic/Haptics/Library/hapticpatternlibrary.plist, NSUnderlyingError=0x11eef1ad0 {Error Domain=NSPOSIXErrorDomain Code=2 "No such file or directory"}}
2026-09-09 21:38:04.594665-0300 Traco[14421:18007248]        CHHapticPattern.mm:487   +[CHHapticPattern patternForKey:error:]: Failed to read pattern library data: Error Domain=NSCocoaErrorDomain Code=260 "O arquivo “hapticpatternlibrary.plist” não pôde ser aberto porque tal arquivo não existe." UserInfo={NSFilePath=/Library/Audio/Tunings/Generic/Haptics/Library/hapticpatternlibrary.plist, NSURL=file:///Library/Audio/Tunings/Generic/Haptics/Library/hapticpatternlibrary.plist, NSUnderlyingError=0x11eef2af0 {Error Domain=NSPOSIXErrorDomain Code=2 "No such file or directory"}}
2026-09-09 21:38:04.594817-0300 Traco[14421:18007248] [UIKBFeedbackGenerator] <_UIKBFeedbackGenerator: 0x11823c540>: Error creating CHHapticPattern: Error Domain=NSCocoaErrorDomain Code=260 "O arquivo “hapticpatternlibrary.plist” não pôde ser aberto porque tal arquivo não existe." UserInfo={NSFilePath=/Library/Audio/Tunings/Generic/Haptics/Library/hapticpatternlibrary.plist, NSURL=file:///Library/Audio/Tunings/Generic/Haptics/Library/hapticpatternlibrary.plist, NSUnderlyingError=0x11eef2af0 {Error Domain=NSPOSIXErrorDomain Code=2 "No such file or directory"}}
2026-09-09 21:38:04.595091-0300 Traco[14421:18007248]        CHHapticPattern.mm:487   +[CHHapticPattern patternForKey:error:]: Failed to read pattern library data: Error Domain=NSCocoaErrorDomain Code=260 "O arquivo “hapticpatternlibrary.plist” não pôde ser aberto porque tal arquivo não existe." UserInfo={NSFilePath=/Library/Audio/Tunings/Generic/Haptics/Library/hapticpatternlibrary.plist, NSURL=file:///Library/Audio/Tunings/Generic/Haptics/Library/hapticpatternlibrary.plist, NSUnderlyingError=0x11eef1ad0 {Error Domain=NSPOSIXErrorDomain Code=2 "No such file or directory"}}
2026-09-09 21:38:04.595232-0300 Traco[14421:18007248] [UIKBFeedbackGenerator] <_UIKBFeedbackGenerator: 0x11823c540>: Error creating CHHapticPattern: Error Domain=NSCocoaErrorDomain Code=260 "O arquivo “hapticpatternlibrary.plist” não pôde ser aberto porque tal arquivo não existe." UserInfo={NSFilePath=/Library/Audio/Tunings/Generic/Haptics/Library/hapticpatternlibrary.plist, NSURL=file:///Library/Audio/Tunings/Generic/Haptics/Library/hapticpatternlibrary.plist, NSUnderlyingError=0x11eef1ad0 {Error Domain=NSPOSIXErrorDomain Code=2 "No such file or directory"}}
2026-09-09 21:38:04.595497-0300 Traco[14421:18007248]        CHHapticPattern.mm:487   +[CHHapticPattern patternForKey:error:]: Failed to read pattern library data: Error Domain=NSCocoaErrorDomain Code=260 "O arquivo “hapticpatternlibrary.plist” não pôde ser aberto porque tal arquivo não existe." UserInfo={NSFilePath=/Library/Audio/Tunings/Generic/Haptics/Library/hapticpatternlibrary.plist, NSURL=file:///Library/Audio/Tunings/Generic/Haptics/Library/hapticpatternlibrary.plist, NSUnderlyingError=0x11eef2af0 {Error Domain=NSPOSIXErrorDomain Code=2 "No such file or directory"}}
2026-09-09 21:38:04.595662-0300 Traco[14421:18007248] [UIKBFeedbackGenerator] <_UIKBFeedbackGenerator: 0x11823c540>: Error creating CHHapticPattern: Error Domain=NSCocoaErrorDomain Code=260 "O arquivo “hapticpatternlibrary.plist” não pôde ser aberto porque tal arquivo não existe." UserInfo={NSFilePath=/Library/Audio/Tunings/Generic/Haptics/Library/hapticpatternlibrary.plist, NSURL=file:///Library/Audio/Tunings/Generic/Haptics/Library/hapticpatternlibrary.plist, NSUnderlyingError=0x11eef2af0 {Error Domain=NSPOSIXErrorDomain Code=2 "No such file or directory"}}
2026-09-09 21:38:04.595930-0300 Traco[14421:18007248]        CHHapticPattern.mm:487   +[CHHapticPattern patternForKey:error:]: Failed to read pattern library data: Error Domain=NSCocoaErrorDomain Code=260 "O arquivo “hapticpatternlibrary.plist” não pôde ser aberto porque tal arquivo não existe." UserInfo={NSFilePath=/Library/Audio/Tunings/Generic/Haptics/Library/hapticpatternlibrary.plist, NSURL=file:///Library/Audio/Tunings/Generic/Haptics/Library/hapticpatternlibrary.plist, NSUnderlyingError=0x11eef1ad0 {Error Domain=NSPOSIXErrorDomain Code=2 "No such file or directory"}}
2026-09-09 21:38:04.596058-0300 Traco[14421:18007248] [UIKBFeedbackGenerator] <_UIKBFeedbackGenerator: 0x11823c540>: Error creating CHHapticPattern: Error Domain=NSCocoaErrorDomain Code=260 "O arquivo “hapticpatternlibrary.plist” não pôde ser aberto porque tal arquivo não existe." UserInfo={NSFilePath=/Library/Audio/Tunings/Generic/Haptics/Library/hapticpatternlibrary.plist, NSURL=file:///Library/Audio/Tunings/Generic/Haptics/Library/hapticpatternlibrary.plist, NSUnderlyingError=0x11eef1ad0 {Error Domain=NSPOSIXErrorDomain Code=2 "No such file or directory"}}
2026-09-09 21:38:04.596216-0300 Traco[14421:18007248]        CHHapticPattern.mm:487   +[CHHapticPattern patternForKey:error:]: Failed to read pattern library data: Error Domain=NSCocoaErrorDomain Code=260 "O arquivo “hapticpatternlibrary.plist” não pôde ser aberto porque tal arquivo não existe." UserInfo={NSFilePath=/Library/Audio/Tunings/Generic/Haptics/Library/hapticpatternlibrary.plist, NSURL=file:///Library/Audio/Tunings/Generic/Haptics/Library/hapticpatternlibrary.plist, NSUnderlyingError=0x11eef2af0 {Error Domain=NSPOSIXErrorDomain Code=2 "No such file or directory"}}
2026-09-09 21:38:04.596348-0300 Traco[14421:18007248] [UIKBFeedbackGenerator] <_UIKBFeedbackGenerator: 0x11823c540>: Error creating CHHapticPattern: Error Domain=NSCocoaErrorDomain Code=260 "O arquivo “hapticpatternlibrary.plist” não pôde ser aberto porque tal arquivo não existe." UserInfo={NSFilePath=/Library/Audio/Tunings/Generic/Haptics/Library/hapticpatternlibrary.plist, NSURL=file:///Library/Audio/Tunings/Generic/Haptics/Library/hapticpatternlibrary.plist, NSUnderlyingError=0x11eef2af0 {Error Domain=NSPOSIXErrorDomain Code=2 "No such file or directory"}}
2026-09-09 21:38:04.596520-0300 Traco[14421:18007248]        CHHapticPattern.mm:487   +[CHHapticPattern patternForKey:error:]: Failed to read pattern library data: Error Domain=NSCocoaErrorDomain Code=260 "O arquivo “hapticpatternlibrary.plist” não pôde ser aberto porque tal arquivo não existe." UserInfo={NSFilePath=/Library/Audio/Tunings/Generic/Haptics/Library/hapticpatternlibrary.plist, NSURL=file:///Library/Audio/Tunings/Generic/Haptics/Library/hapticpatternlibrary.plist, NSUnderlyingError=0x11eef1ad0 {Error Domain=NSPOSIXErrorDomain Code=2 "No such file or directory"}}
2026-09-09 21:38:04.596621-0300 Traco[14421:18007248] [UIKBFeedbackGenerator] <_UIKBFeedbackGenerator: 0x11823c540>: Error creating CHHapticPattern: Error Domain=NSCocoaErrorDomain Code=260 "O arquivo “hapticpatternlibrary.plist” não pôde ser aberto porque tal arquivo não existe." UserInfo={NSFilePath=/Library/Audio/Tunings/Generic/Haptics/Library/hapticpatternlibrary.plist, NSURL=file:///Library/Audio/Tunings/Generic/Haptics/Library/hapticpatternlibrary.plist, NSUnderlyingError=0x11eef1ad0 {Error Domain=NSPOSIXErrorDomain Code=2 "No such file or directory"}}
2026-09-09 21:38:04.596873-0300 Traco[14421:18007248]        CHHapticPattern.mm:487   +[CHHapticPattern patternForKey:error:]: Failed to read pattern library data: Error Domain=NSCocoaErrorDomain Code=260 "O arquivo “hapticpatternlibrary.plist” não pôde ser aberto porque tal arquivo não existe." UserInfo={NSFilePath=/Library/Audio/Tunings/Generic/Haptics/Library/hapticpatternlibrary.plist, NSURL=file:///Library/Audio/Tunings/Generic/Haptics/Library/hapticpatternlibrary.plist, NSUnderlyingError=0x11eef2af0 {Error Domain=NSPOSIXErrorDomain Code=2 "No such file or directory"}}
2026-09-09 21:38:04.596989-0300 Traco[14421:18007248] [UIKBFeedbackGenerator] <_UIKBFeedbackGenerator: 0x11823c540>: Error creating CHHapticPattern: Error Domain=NSCocoaErrorDomain Code=260 "O arquivo “hapticpatternlibrary.plist” não pôde ser aberto porque tal arquivo não existe." UserInfo={NSFilePath=/Library/Audio/Tunings/Generic/Haptics/Library/hapticpatternlibrary.plist, NSURL=file:///Library/Audio/Tunings/Generic/Haptics/Library/hapticpatternlibrary.plist, NSUnderlyingError=0x11eef2af0 {Error Domain=NSPOSIXErrorDomain Code=2 "No such file or directory"}}
​✔ Test aLinhaAtivaEOCaretFicamNaAreaLivreDoPapel(tamanho:) with 2 test cases passed after 27.778 seconds.
✔ Suite EscritaVisivelTests passed after 77.727 seconds.
◇ Suite LinhaDoCaretTests started.
◇ Test documentoVazioDaALinhaDoCaret() started.
✔ Test documentoVazioDaALinhaDoCaret() passed after 0.037 seconds.
◇ Test linhaVaziaDepoisDeQuebraDeParagrafo() started.
✔ Test linhaVaziaDepoisDeQuebraDeParagrafo() passed after 0.001 seconds.
◇ Test quebraPorPalavraMedeALinhaVisualENaoOParagrafo() started.
✔ Test quebraPorPalavraMedeALinhaVisualENaoOParagrafo() passed after 0.001 seconds.
◇ Test fimDoDocumentoCaiNaUltimaLinha() started.
✔ Test fimDoDocumentoCaiNaUltimaLinha() passed after 0.001 seconds.
◇ Test aBordaDaQuebraNaoDevolveDuasLinhas() started.
LINHA: 61 offsets varridos, 0 em que a linha visual difere do caret; menor linha 63 pt, maior 65 pt
✔ Test aBordaDaQuebraNaoDevolveDuasLinhas() passed after 0.003 seconds.
✔ Suite LinhaDoCaretTests passed after 0.046 seconds.
◇ Suite FeriadosTests started.
◇ Test aPascoaBateComOCalendarioDeVerdade() started.
✔ Test aPascoaBateComOCalendarioDeVerdade() passed after 0.001 seconds.
◇ Test osMoveisSaemDaPascoa() started.
✔ Test osMoveisSaemDaPascoa() passed after 0.001 seconds.
◇ Test osNacionaisFixos() started.
✔ Test osNacionaisFixos() passed after 0.001 seconds.
◇ Test osDeGoiania() started.
✔ Test osDeGoiania() passed after 0.001 seconds.
◇ Test oEstadualDeGoias() started.
✔ Test oEstadualDeGoias() passed after 0.001 seconds.
◇ Test corpusChristiNaoEFacultativoAqui() started.
✔ Test corpusChristiNaoEFacultativoAqui() passed after 0.001 seconds.
◇ Test diaComumNaoTemRisco() started.
✔ Test diaComumNaoTemRisco() passed after 0.001 seconds.
◇ Test oFacultativoSeIdentifica() started.
✔ Test oFacultativoSeIdentifica() passed after 0.001 seconds.
◇ Test aHoraNaoImporta() started.
✔ Test aHoraNaoImporta() passed after 0.001 seconds.
✔ Suite FeriadosTests passed after 0.001 seconds.
◇ Suite "Fora do app — fundação" started.
◇ Test "grava atômico, com revisão, e autosave idêntico não regrava" started.
✔ Test "grava atômico, com revisão, e autosave idêntico não regrava" passed after 0.007 seconds.
◇ Test "a projeção corta; o estado guarda o texto inteiro; a Ilha recebe o mesmo trecho" started.
✔ Test "a projeção corta; o estado guarda o texto inteiro; a Ilha recebe o mesmo trecho" passed after 0.006 seconds.
◇ Test "escrita real acorda as DUAS faces — as duas leem o documento inteiro" started.
✔ Test "escrita real acorda as DUAS faces — as duas leem o documento inteiro" passed after 0.005 seconds.
◇ Test "cinco no dia: o documento carrega três E diz que faltam dois" started.
✔ Test "cinco no dia: o documento carrega três E diz que faltam dois" passed after 0.001 seconds.
◇ Test "App Group indisponível: nada confirma, e o widget lê 'indisponível'" started.
✔ Test "App Group indisponível: nada confirma, e o widget lê 'indisponível'" passed after 0.004 seconds.
◇ Test "snapshot truncado ou de outra versão é indisponível, nunca meia verdade" started.
✔ Test "snapshot truncado ou de outra versão é indisponível, nunca meia verdade" passed after 0.003 seconds.
◇ Test "horizonte vencido é 'desatualizado'; lista vazia dentro do horizonte é 'nada marcado'" started.
✔ Test "horizonte vencido é 'desatualizado'; lista vazia dentro do horizonte é 'nada marcado'" passed after 0.001 seconds.
◇ Test "D6: widget readicionado nunca mostra compromisso apagado" started.
✔ Test "D6: widget readicionado nunca mostra compromisso apagado" passed after 0.001 seconds.
◇ Test "linha do tempo curta: agora, cada fim, a soneca e o horizonte — nada por minuto" started.
✔ Test "linha do tempo curta: agora, cada fim, a soneca e o horizonte — nada por minuto" passed after 0.001 seconds.
◇ Test "A1: reload recusado não some — a volta à cena repete o que não foi confirmado" started.
✔ Test "A1: reload recusado não some — a volta à cena repete o que não foi confirmado" passed after 0.003 seconds.
◇ Test "A2: a suíte não escreve no App Group real (arquivo, chaves, reload)" started.
✔ Test "A2: a suíte não escreve no App Group real (arquivo, chaves, reload)" passed after 0.008 seconds.
◇ Test "ADR 08v: o conteúdo que sobe (request, update e recado) carrega a relevância — o compromisso vence a Ilha" started.
✔ Test "ADR 08v: o conteúdo que sobe (request, update e recado) carrega a relevância — o compromisso vence a Ilha" passed after 0.005 seconds.
◇ Test "feito repetido não inverte; desfazer é explícito" started.
✔ Test "feito repetido não inverte; desfazer é explícito" passed after 0.007 seconds.
◇ Test "cartão velho (outra nota, outro dia) não altera o Destaque de hoje" started.
✔ Test "cartão velho (outra nota, outro dia) não altera o Destaque de hoje" passed after 0.008 seconds.
◇ Test "superfície recusada: o feito volta atrás e não confirma" started.
✔ Test "superfície recusada: o feito volta atrás e não confirma" passed after 0.005 seconds.
◇ Test "soneca negada, lotada ou falhada não anuncia hora nenhuma" started.
✔ Test "soneca negada, lotada ou falhada não anuncia hora nenhuma" passed after 0.002 seconds.
◇ Test "soneca aceita: guardada, publicada, e repetir substitui em vez de duplicar" started.
✔ Test "soneca aceita: guardada, publicada, e repetir substitui em vez de duplicar" passed after 0.004 seconds.
◇ Test "ocorrência velha não agenda: o centro nem é chamado" started.
✔ Test "ocorrência velha não agenda: o centro nem é chamado" passed after 0.002 seconds.
◇ Test "corrida: o editor apaga o compromisso durante o await — a soneca não fica" started.
✔ Test "corrida: o editor apaga o compromisso durante o await — a soneca não fica" passed after 0.002 seconds.
◇ Test "o selo entra antes de qualquer representação" started.
✔ Test "o selo entra antes de qualquer representação" passed after 0.004 seconds.
◇ Test "compromisso: só o que o autor marcou — deixa e projeção do Trabalho ficam com os donos" started.
✔ Test "compromisso: só o que o autor marcou — deixa e projeção do Trabalho ficam com os donos" passed after 0.001 seconds.
◇ Test "proteção depois da consulta: o intent revalida e não abre" started.
✔ Test "proteção depois da consulta: o intent revalida e não abre" passed after 0.007 seconds.
◇ Test "arranque frio: a rota fica guardada sem ninguém ouvindo e é consumida UMA vez" started.
✔ Test "arranque frio: a rota fica guardada sem ninguém ouvindo e é consumida UMA vez" passed after 0.001 seconds.
◇ Test "o intent de abertura só executa no app; na extensão recusa e não deixa rota" started.
✔ Test "o intent de abertura só executa no app; na extensão recusa e não deixa rota" passed after 0.003 seconds.
◇ Test "anotar distingue vazio de falha de gravação; 'anotado' é depósito confirmado" started.
✔ Test "anotar distingue vazio de falha de gravação; 'anotado' é depósito confirmado" passed after 0.003 seconds.
✔ Suite "Fora do app — fundação" passed after 0.106 seconds.
◇ Suite "ADR 08i: o trecho público do Destaque" started.
◇ Test "dentro do teto a linha é inteira e não muda" started.
✔ Test "dentro do teto a linha é inteira e não muda" passed after 0.001 seconds.
◇ Test "a pontuação do autor não é metadado: uma frase que já termina em … continua inteira" started.
✔ Test "a pontuação do autor não é metadado: uma frase que já termina em … continua inteira" passed after 0.001 seconds.
◇ Test "acima do teto: prefixo fiel, fronteira de palavra, marcador dentro do orçamento" started.
✔ Test "acima do teto: prefixo fiel, fronteira de palavra, marcador dentro do orçamento" passed after 0.001 seconds.
◇ Test "o teto é em grafemas: 200 bandeiras contam 200, e o corte não parte um emoji" started.
✔ Test "o teto é em grafemas: 200 bandeiras contam 200, e o corte não parte um emoji" passed after 0.001 seconds.
◇ Test "palavra maior que o orçamento corta por grafema, ainda sinalizado" started.
✔ Test "palavra maior que o orçamento corta por grafema, ainda sinalizado" passed after 0.001 seconds.
◇ Test "instantâneo anterior a esta conta decodifica como integralidade desconhecida" started.
✔ Test "instantâneo anterior a esta conta decodifica como integralidade desconhecida" passed after 0.001 seconds.
◇ Test "o VoiceOver distingue trecho de texto integral" started.
✔ Test "o VoiceOver distingue trecho de texto integral" passed after 0.001 seconds.
◇ Test "o pequeno com Destaque promete a continuação: traco://nota/<id> abre a nota; id inválido não abre nada" started.
✔ Test "o pequeno com Destaque promete a continuação: traco://nota/<id> abre a nota; id inválido não abre nada" passed after 0.001 seconds.
✔ Suite "ADR 08i: o trecho público do Destaque" passed after 0.002 seconds.
◇ Suite GrokContratoTests started.
◇ Test esforcoExplicitoNaoMudaOSchemaENaoAceitaValorInvalido(modelo:) started.
◇ Test case passing 1 argument modelo → "grok-4.3" to esforcoExplicitoNaoMudaOSchemaENaoAceitaValorInvalido(modelo:) started.
​✔ Test esforcoExplicitoNaoMudaOSchemaENaoAceitaValorInvalido(modelo:) with 1 test case passed after 0.001 seconds.
◇ Test oTetoCobreAPiorLatenciaMedida() started.
✔ Test oTetoCobreAPiorLatenciaMedida() passed after 0.001 seconds.
◇ Test respostaCortadaOuRecusadaNaoViraEntregaCompleta() started.
✔ Test respostaCortadaOuRecusadaNaoViraEntregaCompleta() passed after 0.001 seconds.
◇ Test schemaVaiNoProtocoloESchemaInvalidoNaoDegradaParaTextoLivre() started.
✔ Test schemaVaiNoProtocoloESchemaInvalidoNaoDegradaParaTextoLivre() passed after 0.001 seconds.
✔ Suite GrokContratoTests passed after 0.005 seconds.
◇ Suite IntegridadeCorpusTests started.
◇ Test notaSoDeCamposRestauraSemInventarTexto() started.
✔ Test notaSoDeCamposRestauraSemInventarTexto() passed after 0.001 seconds.
◇ Test notaLegadaSoDeCamposRestauraSemInventarTexto() started.
✔ Test notaLegadaSoDeCamposRestauraSemInventarTexto() passed after 0.001 seconds.
◇ Test camposRestauramParagrafosEspacosETextoQuePareceEstrutura() started.
✔ Test camposRestauramParagrafosEspacosETextoQuePareceEstrutura() passed after 0.001 seconds.
◇ Test valoresVaziosEChavesDesconhecidasNaoSomemNoBackup() started.
✔ Test valoresVaziosEChavesDesconhecidasNaoSomemNoBackup() passed after 0.001 seconds.
◇ Test importacaoLegadaContinuaAceitandoIdsERotulos() started.
✔ Test importacaoLegadaContinuaAceitandoIdsERotulos() passed after 0.001 seconds.
◇ Test discursoSobreEstadoNaoESelo() started.
✔ Test discursoSobreEstadoNaoESelo() passed after 0.001 seconds.
◇ Test campoNovoDanificadoNaoDescartaAsPalavrasOriginais() started.
✔ Test campoNovoDanificadoNaoDescartaAsPalavrasOriginais() passed after 0.001 seconds.
◇ Test cabecalhoSeladoContinuaRecusadoMesmoComCorpo() started.
✔ Test cabecalhoSeladoContinuaRecusadoMesmoComCorpo() passed after 0.001 seconds.
◇ Test arquivoMistoInformaConteudoProtegidoMesmoImportandoAberta() started.
✔ Test arquivoMistoInformaConteudoProtegidoMesmoImportandoAberta() passed after 0.001 seconds.
◇ Test bookmarkInvalidoLimpaConfiguracaoSemExecutarAcesso() started.
2026-09-09 21:38:04.793164-0300 Traco[14421:18004023] [bookmark] BookmarkData: invalid header
✔ Test bookmarkInvalidoLimpaConfiguracaoSemExecutarAcesso() passed after 0.004 seconds.
◇ Test origemDoCabecalhoAtravessaOImport() started.
✔ Test origemDoCabecalhoAtravessaOImport() passed after 0.001 seconds.
◇ Test origemSobreviveAoRoundtripPelaPasta() started.
✔ Test origemSobreviveAoRoundtripPelaPasta() passed after 0.001 seconds.
◇ Test notaQueNaoEDoAutorFicaForaDoRetrato() started.
✔ Test notaQueNaoEDoAutorFicaForaDoRetrato() passed after 0.001 seconds.
◇ Test agendaSaiNaPastaComOQueVenceESemOQueOSeloFecha() started.
✔ Test agendaSaiNaPastaComOQueVenceESemOQueOSeloFecha() passed after 0.012 seconds.
◇ Test expressivaESeladaContinuamForaDaPastaDepoisDaOrigem() started.
✔ Test expressivaESeladaContinuamForaDaPastaDepoisDaOrigem() passed after 0.004 seconds.
✔ Suite IntegridadeCorpusTests passed after 0.029 seconds.
◇ Suite IntegridadeEntradaTests started.
◇ Test concluirRecusadoConservaAutoriaSemSinalNemSucesso() started.
✔ Test concluirRecusadoConservaAutoriaSemSinalNemSucesso() passed after 0.009 seconds.
◇ Test entradaRecusadaPreservaFonteEReciboNaoAntecedeCommit() started.
✔ Test entradaRecusadaPreservaFonteEReciboNaoAntecedeCommit() passed after 0.013 seconds.
◇ Test replayDepoisDoCommitNaoDuplicaNemRessuscitaNotaApagada() started.
✔ Test replayDepoisDoCommitNaoDuplicaNemRessuscitaNotaApagada() passed after 0.017 seconds.
◇ Test retiradaNaoApagaUmaEdicaoPosterior() started.
✔ Test retiradaNaoApagaUmaEdicaoPosterior() passed after 0.003 seconds.
◇ Test linkNaEntradaNaoConcedeAutoridadeSobreArquivoExterno() started.
✔ Test linkNaEntradaNaoConcedeAutoridadeSobreArquivoExterno() passed after 0.001 seconds.
◇ Test entradaMistaPreservaFonteRecusadaSemReimportarParteAberta() started.
✔ Test entradaMistaPreservaFonteRecusadaSemReimportarParteAberta() passed after 0.010 seconds.
◇ Test migracaoV2PreservaNotaEReciboSobreviveReabertura() started.
✔ Test migracaoV2PreservaNotaEReciboSobreviveReabertura() passed after 0.042 seconds.
✔ Suite IntegridadeEntradaTests passed after 0.099 seconds.
◇ Suite IntegridadeRotasTests started.
◇ Test salvarRecusadoMantemOTextoEALinhaFicaAteGravar() started.
✔ Test salvarRecusadoMantemOTextoEALinhaFicaAteGravar() passed after 0.010 seconds.
◇ Test trancarESairRecusadoNaoViraAPaginaNemAnunciaOSelo() started.
✔ Test trancarESairRecusadoNaoViraAPaginaNemAnunciaOSelo() passed after 0.004 seconds.
◇ Test trancarESairRecusadoDeixaORelogioDePeEAGravacaoSeguinteLevaOPrazo() started.
✔ Test trancarESairRecusadoDeixaORelogioDePeEAGravacaoSeguinteLevaOPrazo() passed after 0.009 seconds.
◇ Test abrirFechoRecusadoDeixaORelogioDePeEOFechoAbreNaSegunda() started.
✔ Test abrirFechoRecusadoDeixaORelogioDePeEOFechoAbreNaSegunda() passed after 0.004 seconds.
◇ Test avisoTransitorioNaoApagaALinhaDeRecusa() started.
✔ Test avisoTransitorioNaoApagaALinhaDeRecusa() passed after 0.309 seconds.
◇ Test versaoSoEntraNoHistoricoDepoisDoCommit() started.
✔ Test versaoSoEntraNoHistoricoDepoisDoCommit() passed after 0.007 seconds.
◇ Test expressivaVencidaSoTiraDoIndiceDepoisDoCommit() started.
✔ Test expressivaVencidaSoTiraDoIndiceDepoisDoCommit() passed after 0.009 seconds.
◇ Test apagarRecusadoRecuaEDeixaOEspelhoComoEstava() started.
✔ Test apagarRecusadoRecuaEDeixaOEspelhoComoEstava() passed after 0.015 seconds.
◇ Test importarCorpusProjetaSoDepoisDoCommit() started.
✔ Test importarCorpusProjetaSoDepoisDoCommit() passed after 0.008 seconds.
◇ Test aVarreduraDoSeloVenceAEscritaAtrasadaDaConclusao() started.
✔ Test aVarreduraDoSeloVenceAEscritaAtrasadaDaConclusao() passed after 0.006 seconds.
◇ Test aEntradaDoMacAtrasadaNaoRessuscitaANotaSelada() started.
✔ Test aEntradaDoMacAtrasadaNaoRessuscitaANotaSelada() passed after 0.003 seconds.
◇ Test seloNoIndiceEmCadaEstado() started.
✔ Test seloNoIndiceEmCadaEstado() passed after 0.001 seconds.
◇ Test seloNoSpotlightEmCadaEstado() started.
✔ Test seloNoSpotlightEmCadaEstado() passed after 0.001 seconds.
◇ Test seloNoWidgetEmCadaEstado() started.
✔ Test seloNoWidgetEmCadaEstado() passed after 0.016 seconds.
◇ Test seloNoContextoDaSabiaEmCadaEstado() started.
✔ Test seloNoContextoDaSabiaEmCadaEstado() passed after 0.005 seconds.
◇ Test seloNoExportCompletoEmCadaEstado() started.
✔ Test seloNoExportCompletoEmCadaEstado() passed after 0.002 seconds.
◇ Test seloNoMdDeCadaNotaEmCadaEstado() started.
✔ Test seloNoMdDeCadaNotaEmCadaEstado() passed after 0.003 seconds.
◇ Test selarPeloFechoTiraDoIndiceNaHora() started.
✔ Test selarPeloFechoTiraDoIndiceNaHora() passed after 0.006 seconds.
◇ Test pastaIndisponivelGuardaSoNoAparelhoEDiz() started.
✔ Test pastaIndisponivelGuardaSoNoAparelhoEDiz() passed after 0.008 seconds.
◇ Test bookmarkInvalidoDizQueAPastaSumiu() started.
2026-09-09 21:38:05.348685-0300 Traco[14421:18004023] [bookmark] BookmarkData: invalid header
✔ Test bookmarkInvalidoDizQueAPastaSumiu() passed after 0.006 seconds.
✔ Suite IntegridadeRotasTests passed after 0.439 seconds.
◇ Suite IntercambioTrabalhoTests started.
◇ Test corpoEditadoExternamenteVoltaIntegralComAutoriaEVinculosHonestos() started.
✔ Test corpoEditadoExternamenteVoltaIntegralComAutoriaEVinculosHonestos() passed after 0.001 seconds.
◇ Test retornoDaBaseAntigaFormaRamoSemSubstituirVersaoIntermediaria() started.
✔ Test retornoDaBaseAntigaFormaRamoSemSubstituirVersaoIntermediaria() passed after 0.004 seconds.
◇ Test intencaoRevistaExigeConfirmacaoEPreservaIntencaoDaBase() started.
✔ Test intencaoRevistaExigeConfirmacaoEPreservaIntencaoDaBase() passed after 0.001 seconds.
◇ Test mudancaDepoisDaPreviaExigeNovaConfirmacaoMasRelatoPodeSerConservado() started.
✔ Test mudancaDepoisDaPreviaExigeNovaConfirmacaoMasRelatoPodeSerConservado() passed after 0.001 seconds.
◇ Test semEnvelopeNaoInventaAncestralNemRemoveBOMOuComentario() started.
✔ Test semEnvelopeNaoInventaAncestralNemRemoveBOMOuComentario() passed after 0.001 seconds.
◇ Test BOMAntesDoEnvelopeECRLFPreservamCorpoExato() started.
✔ Test BOMAntesDoEnvelopeECRLFPreservamCorpoExato() passed after 0.001 seconds.
◇ Test envelopeAdulteradoNuncaCaiEmSemVinculo() started.
✔ Test envelopeAdulteradoNuncaCaiEmSemVinculo() passed after 0.001 seconds.
◇ Test repeticaoNaoFabricaHistoricoENaoCancelaPedidoQuandoNadaMudou() started.
✔ Test repeticaoNaoFabricaHistoricoENaoCancelaPedidoQuandoNadaMudou() passed after 0.001 seconds.
◇ Test encodingInvalidoETamanhoExcessivoSaoRecusadosSemTruncamento() started.
✔ Test encodingInvalidoETamanhoExcessivoSaoRecusadosSemTruncamento() passed after 0.002 seconds.
◇ Test fidelidadeDeBytesNaoConfundeUnicodeEquivalenteComReplay() started.
✔ Test fidelidadeDeBytesNaoConfundeUnicodeEquivalenteComReplay() passed after 0.001 seconds.
◇ Test commitRecusadoPreservaCandidatoERetryNaoAdicionaOutraVersao() started.
✔ Test commitRecusadoPreservaCandidatoERetryNaoAdicionaOutraVersao() passed after 0.002 seconds.
◇ Test conflitoMostraAsDuasVersoesEEscolherNuncaSobrescreve() started.
✔ Test conflitoMostraAsDuasVersoesEEscolherNuncaSobrescreve() passed after 0.001 seconds.
◇ Test recusaDeCommitOfereceRetryQueConfirmaAMesmaVersaoSemDuplicar() started.
✔ Test recusaDeCommitOfereceRetryQueConfirmaAMesmaVersaoSemDuplicar() passed after 0.003 seconds.
◇ Test selarAOrigemComOSeletorAbertoRecolheOMaterialEDizOQueRecolheu() started.
✔ Test selarAOrigemComOSeletorAbertoRecolheOMaterialEDizOQueRecolheu() passed after 0.007 seconds.
◇ Test arquivoSemNovidadeNaoInventaConflitoNemPedeDecisao() started.
✔ Test arquivoSemNovidadeNaoInventaConflitoNemPedeDecisao() passed after 0.001 seconds.
◇ Test recusaPorBaseDivergenteNaoOfereceNovaTentativaQueNaoPodeDarCerto() started.
✔ Test recusaPorBaseDivergenteNaoOfereceNovaTentativaQueNaoPodeDarCerto() passed after 0.001 seconds.
◇ Test aComparacaoMostraOndeAsDuasVersoesDiferem() started.
✔ Test aComparacaoMostraOndeAsDuasVersoesDiferem() passed after 0.001 seconds.
◇ Test manterAVersaoAtualDizOQueAconteceuComOArquivo() started.
✔ Test manterAVersaoAtualDizOQueAconteceuComOArquivo() passed after 0.001 seconds.
✔ Suite IntercambioTrabalhoTests passed after 0.026 seconds.
◇ Suite LatenciaTests started.
◇ Test aHipoteseAvaliadaDaOsDoisCarimbosEADistanciaEmDias() started.
✔ Test aHipoteseAvaliadaDaOsDoisCarimbosEADistanciaEmDias() passed after 0.001 seconds.
◇ Test hipoteseAntigaSemAvaliadaEmDescobreSemTempo() started.
✔ Test hipoteseAntigaSemAvaliadaEmDescobreSemTempo() passed after 0.001 seconds.
◇ Test hipoteseAbertaContinuaAbertaEOTrabalhoEncerradoAAbandona() started.
✔ Test hipoteseAbertaContinuaAbertaEOTrabalhoEncerradoAAbandona() passed after 0.001 seconds.
◇ Test aDecisaoRespondidaDataADescobertaPeloHistoricoDeVersoes() started.
✔ Test aDecisaoRespondidaDataADescobertaPeloHistoricoDeVersoes() passed after 0.001 seconds.
◇ Test decisaoRespondidaSemHistoricoNaoInventaData() started.
✔ Test decisaoRespondidaSemHistoricoNaoInventaData() passed after 0.001 seconds.
◇ Test aHoraDeConferirSepararAfirmadoDeDevido() started.
✔ Test aHoraDeConferirSepararAfirmadoDeDevido() passed after 0.001 seconds.
◇ Test aDataDoEsperoAncoraNaEscrita() started.
✔ Test aDataDoEsperoAncoraNaEscrita() passed after 0.001 seconds.
◇ Test aSerieAgrupaPorMesComMedianaEGuardaOsAbertosAoLado() started.
✔ Test aSerieAgrupaPorMesComMedianaEGuardaOsAbertosAoLado() passed after 0.001 seconds.
◇ Test notaSeladaNaoEntraNaLatenciaNemComoContagem() started.
✔ Test notaSeladaNaoEntraNaLatenciaNemComoContagem() passed after 0.001 seconds.
◇ Test aAutoriaDaHipoteseVemJuntoENaoViraDoAutor() started.
✔ Test aAutoriaDaHipoteseVemJuntoENaoViraDoAutor() passed after 0.001 seconds.
◇ Test oCorteDaTelaGuardaOsQuatroEstados() started.
✔ Test oCorteDaTelaGuardaOsQuatroEstados() passed after 0.001 seconds.
◇ Test serieVaziaNaoDizNada() started.
✔ Test serieVaziaNaoDizNada() passed after 0.001 seconds.
◇ Test menosDeUmDiaNaoViraUmDia() started.
✔ Test menosDeUmDiaNaoViraUmDia() passed after 0.001 seconds.
✔ Suite LatenciaTests passed after 0.005 seconds.
◇ Suite LeituraMarkdownTrabalhoTests started.
◇ Test arquivoPermaneceIntactoDepoisDaLeitura() started.
✔ Test arquivoPermaneceIntactoDepoisDaLeitura() passed after 0.002 seconds.
◇ Test arquivoGrandeEhRecusadoSemImportarPrefixo() started.
✔ Test arquivoGrandeEhRecusadoSemImportarPrefixo() passed after 0.004 seconds.
✔ Suite LeituraMarkdownTrabalhoTests passed after 0.006 seconds.
◇ Suite "Linha do tempo do widget (F4)" started.
◇ Test "a volta existe sempre, mesmo sem nenhuma transição" started.
✔ Test "a volta existe sempre, mesmo sem nenhuma transição" passed after 0.001 seconds.
◇ Test "a volta nunca passa do teto de releitura, por longe que seja a última entrada" started.
✔ Test "a volta nunca passa do teto de releitura, por longe que seja a última entrada" passed after 0.001 seconds.
◇ Test "a volta nunca cai abaixo do piso: transição colada não vira rajada" started.
✔ Test "a volta nunca cai abaixo do piso: transição colada não vira rajada" passed after 0.001 seconds.
◇ Test "entre o piso e o teto, a volta é a última entrada — releitura na hora em que muda" started.
✔ Test "entre o piso e o teto, a volta é a última entrada — releitura na hora em que muda" passed after 0.001 seconds.
◇ Test "o orçamento: no máximo umas poucas releituras por dia" started.
✔ Test "o orçamento: no máximo umas poucas releituras por dia" passed after 0.001 seconds.
◇ Test "a véspera, o início e o fim de cada compromisso entram na linha" started.
✔ Test "a véspera, o início e o fim de cada compromisso entram na linha" passed after 0.001 seconds.
◇ Test "a meia-noite entra sempre: o Destaque de hoje deixa de ser o de hoje" started.
✔ Test "a meia-noite entra sempre: o Destaque de hoje deixa de ser o de hoje" passed after 0.001 seconds.
◇ Test "nenhuma entrada no passado, nenhuma repetida, tudo em ordem" started.
✔ Test "nenhuma entrada no passado, nenhuma repetida, tudo em ordem" passed after 0.001 seconds.
◇ Test "a véspera que já passou não vira entrada" started.
✔ Test "a véspera que já passou não vira entrada" passed after 0.001 seconds.
◇ Test "a linha é curta: um dia cheio cabe em poucas entradas" started.
✔ Test "a linha é curta: um dia cheio cabe em poucas entradas" passed after 0.001 seconds.
◇ Test "a soneca da tela bloqueada continua sendo uma transição" started.
✔ Test "a soneca da tela bloqueada continua sendo uma transição" passed after 0.001 seconds.
✔ Suite "Linha do tempo do widget (F4)" passed after 0.004 seconds.
◇ Suite "O sino só sai quando há alarme (F4-B)" started.
◇ Test "avisos negados no iPhone: nenhum sino na superfície" started.
✔ Test "avisos negados no iPhone: nenhum sino na superfície" passed after 0.001 seconds.
◇ Test "permissão negada vence o caminho de publicação inteiro" started.
✔ Test "permissão negada vence o caminho de publicação inteiro" passed after 0.002 seconds.
✔ Suite "O sino só sai quando há alarme (F4-B)" passed after 0.002 seconds.
◇ Suite "O estado honesto sai em qualquer combinação (F4-C)" started.
◇ Test "instantâneo fresco não inventa estado, com ou sem conteúdo" started.
✔ Test "instantâneo fresco não inventa estado, com ou sem conteúdo" passed after 0.001 seconds.
◇ Test "velho SEM conteúdo: o estado é o próprio miolo, com a recuperação" started.
✔ Test "velho SEM conteúdo: o estado é o próprio miolo, com a recuperação" passed after 0.001 seconds.
◇ Test "velho COM Destaque posto: o estado desce ao rodapé — nunca some (R1)" started.
✔ Test "velho COM Destaque posto: o estado desce ao rodapé — nunca some (R1)" passed after 0.001 seconds.
◇ Test "a lei, nas quatro combinações: velho é sempre dito" started.
✔ Test "a lei, nas quatro combinações: velho é sempre dito" passed after 0.001 seconds.
✔ Suite "O estado honesto sai em qualquer combinação (F4-C)" passed after 0.001 seconds.
◇ Suite "A palavra do estado não quebra com hífen (F4-D)" started.
◇ Test "palavra só: uma linha — sem onde quebrar, ela encolhe inteira" started.
✔ Test "palavra só: uma linha — sem onde quebrar, ela encolhe inteira" passed after 0.001 seconds.
◇ Test "com espaço: o teto inteiro — quebrar linha vale mais que encolher" started.
✔ Test "com espaço: o teto inteiro — quebrar linha vale mais que encolher" passed after 0.001 seconds.
◇ Test "os quatro estados que a face escreve hoje, um por um" started.
✔ Test "os quatro estados que a face escreve hoje, um por um" passed after 0.001 seconds.
✔ Suite "A palavra do estado não quebra com hífen (F4-D)" passed after 0.001 seconds.
◇ Suite "A face não fecha número sobre lista cortada (F4-E)" started.
◇ Test "dia inteiro na face: nada a dizer, e nenhuma linha gasta dizendo" started.
✔ Test "dia inteiro na face: nada a dizer, e nenhuma linha gasta dizendo" passed after 0.001 seconds.
◇ Test "cinco no dia, um na face: quatro depois — não dois" started.
✔ Test "cinco no dia, um na face: quatro depois — não dois" passed after 0.001 seconds.
◇ Test "instantâneo que não sabe não inventa: 'mais depois', sem número" started.
✔ Test "instantâneo que não sabe não inventa: 'mais depois', sem número" passed after 0.001 seconds.
◇ Test "a voz diz a mesma coisa que a tela" started.
✔ Test "a voz diz a mesma coisa que a tela" passed after 0.001 seconds.
◇ Test "lista curta é a verdade inteira: o documento sabe sem carregar conta" started.
✔ Test "lista curta é a verdade inteira: o documento sabe sem carregar conta" passed after 0.001 seconds.
✔ Suite "A face não fecha número sobre lista cortada (F4-E)" passed after 0.001 seconds.
◇ Suite "F5: quantas linhas o Destaque pode ocupar no médio" started.
◇ Test "com agenda embaixo, duas — a agenda só existe ali e fica com o pé do cartão" started.
✔ Test "com agenda embaixo, duas — a agenda só existe ali e fica com o pé do cartão" passed after 0.001 seconds.
◇ Test "sem agenda o layout decide: o teto de duas linhas com o rodapé deixava três linhas vazias" started.
✔ Test "sem agenda o layout decide: o teto de duas linhas com o rodapé deixava três linhas vazias" passed after 0.001 seconds.
✔ Suite "F5: quantas linhas o Destaque pode ocupar no médio" passed after 0.001 seconds.
◇ Suite "F5: o piso do encolhimento" started.
◇ Test "o rótulo encolhe até 0,6 — legível, e reescrevível se não couber" started.
✔ Test "o rótulo encolhe até 0,6 — legível, e reescrevível se não couber" passed after 0.001 seconds.
✔ Suite "F5: o piso do encolhimento" passed after 0.001 seconds.
◇ Suite "ADR 08i: a ordem de sacrifício" started.
◇ Test "o rótulo cede antes de uma linha da frase: para cada n, com rótulo vem antes de sem" started.
✔ Test "o rótulo cede antes de uma linha da frase: para cada n, com rótulo vem antes de sem" passed after 0.001 seconds.
◇ Test "a frase nunca fica sem candidato: o último é uma linha, sem rótulo" started.
✔ Test "a frase nunca fica sem candidato: o último é uma linha, sem rótulo" passed after 0.001 seconds.
◇ Test "no estado velho o rodapé toma o lugar do rótulo: nenhum candidato o tem" started.
✔ Test "no estado velho o rodapé toma o lugar do rótulo: nenhum candidato o tem" passed after 0.001 seconds.
◇ Test "o critério medível: os candidatos descem de um em um, sem lacuna" started.
✔ Test "o critério medível: os candidatos descem de um em um, sem lacuna" passed after 0.001 seconds.
✔ Suite "ADR 08i: a ordem de sacrifício" passed after 0.001 seconds.
◇ Suite MotorTrabalhoContextoTests started.
◇ Test pedidoSemHistoricoTerminaNaInstrucaoSemSecoesVazias() started.
✔ Test pedidoSemHistoricoTerminaNaInstrucaoSemSecoesVazias() passed after 0.001 seconds.
◇ Test instrucaoVigenteFicaDepoisDoMaterialConflitanteEDoFechamento() started.
✔ Test instrucaoVigenteFicaDepoisDoMaterialConflitanteEDoFechamento() passed after 0.001 seconds.
◇ Test contextoCortadoMantemFechamentoCorrecaoEInstrucaoInteiros() started.
✔ Test contextoCortadoMantemFechamentoCorrecaoEInstrucaoInteiros() passed after 0.001 seconds.
◇ Test nucleoQueNaoCabeNaoETruncadoParaSimularPedidoValido() started.
✔ Test nucleoQueNaoCabeNaoETruncadoParaSimularPedidoValido() passed after 0.001 seconds.
◇ Test reproduzirLiteralmenteContinuaSendoPedidoPossivel() started.
✔ Test reproduzirLiteralmenteContinuaSendoPedidoPossivel() passed after 0.005 seconds.
✔ Suite MotorTrabalhoContextoTests passed after 0.007 seconds.
◇ Suite DestaqueBuscaTests started.
◇ Test marcaOTermoSemComerOResto() started.
✔ Test marcaOTermoSemComerOResto() passed after 0.007 seconds.
✔ Suite DestaqueBuscaTests passed after 0.007 seconds.
◇ Suite NotasFiltroTests started.
◇ Test buscaAchaObstaculoEIgnoraLabel() started.
✔ Test buscaAchaObstaculoEIgnoraLabel() passed after 0.001 seconds.
◇ Test trancadaNaoEntraNaBusca() started.
✔ Test trancadaNaoEntraNaBusca() passed after 0.001 seconds.
◇ Test filtroWOOPSoWOOP() started.
✔ Test filtroWOOPSoWOOP() passed after 0.001 seconds.
◇ Test limparBuscaRestauraTudo() started.
✔ Test limparBuscaRestauraTudo() passed after 0.001 seconds.
◇ Test filtroDeDominioNaoPintaNemMistura() started.
✔ Test filtroDeDominioNaoPintaNemMistura() passed after 0.001 seconds.
◇ Test paginaSemVozNaoEntraNoArquivo() started.
✔ Test paginaSemVozNaoEntraNoArquivo() passed after 0.001 seconds.
◇ Test paginaSemNomeNaoViraLinhaEmBranco() started.
✔ Test paginaSemNomeNaoViraLinhaEmBranco() passed after 0.001 seconds.
✔ Suite NotasFiltroTests passed after 0.002 seconds.
◇ Suite SessaoTests started.
◇ Test expressivaTrancaEAnalisarNaoEscreve() started.
✔ Test expressivaTrancaEAnalisarNaoEscreve() passed after 0.003 seconds.
◇ Test umAmbarEnquantoLe() started.
✔ Test umAmbarEnquantoLe() passed after 0.001 seconds.
◇ Test abrirTrancadaNaoMostraTexto() started.
✔ Test abrirTrancadaNaoMostraTexto() passed after 0.001 seconds.
◇ Test relogioDoTimerNaoDependeDeTicks() started.
✔ Test relogioDoTimerNaoDependeDeTicks() passed after 0.001 seconds.
◇ Test fimDoTimerTrancaComoSaida() started.
✔ Test fimDoTimerTrancaComoSaida() passed after 0.002 seconds.
◇ Test padroesNaoEntraNaNota() started.
✔ Test padroesNaoEntraNaNota() passed after 0.001 seconds.
◇ Test timerNasceComQuinzeMinutos() started.
✔ Test timerNasceComQuinzeMinutos() passed after 0.001 seconds.
◇ Test quinzeMinutosDeRelogioTranca() started.
✔ Test quinzeMinutosDeRelogioTranca() passed after 0.002 seconds.
◇ Test prazoVencidoTrancaAoReabrir() started.
✔ Test prazoVencidoTrancaAoReabrir() passed after 0.002 seconds.
◇ Test vencidaNaNotasTrancaSemAbrir() started.
✔ Test vencidaNaNotasTrancaSemAbrir() passed after 0.004 seconds.
◇ Test vencidaNaoMenteSeODiscoRecusa() started.
✔ Test vencidaNaoMenteSeODiscoRecusa() passed after 0.002 seconds.
◇ Test prazoAbertoRetomaOResto() started.
✔ Test prazoAbertoRetomaOResto() passed after 0.001 seconds.
◇ Test concluirComDezMinutosTrancaDireto() started.
✔ Test concluirComDezMinutosTrancaDireto() passed after 0.002 seconds.
◇ Test concluirAntesDosDezPassaPelaConfirmacao() started.
✔ Test concluirAntesDosDezPassaPelaConfirmacao() passed after 0.001 seconds.
◇ Test sairPelasNotasDuranteTimerAbreConfirmacao() started.
✔ Test sairPelasNotasDuranteTimerAbreConfirmacao() passed after 0.001 seconds.
◇ Test recordarDuranteTimerNaoCapturaTexto() started.
✔ Test recordarDuranteTimerNaoCapturaTexto() passed after 0.001 seconds.
◇ Test analiseCalaEmExpressivaNoMotor() started.
✔ Test analiseCalaEmExpressivaNoMotor() passed after 0.001 seconds.
◇ Test padroesSemObstaculoNaoRepeteFragmento() started.
✔ Test padroesSemObstaculoNaoRepeteFragmento() passed after 0.001 seconds.
✔ Suite SessaoTests passed after 0.027 seconds.
◇ Suite CicloDeVidaTests started.
◇ Test migracaoVersionadaInicializa() started.
✔ Test migracaoVersionadaInicializa() passed after 0.001 seconds.
◇ Test anexoOrfaoEDetectadoComCarencia() started.
✔ Test anexoOrfaoEDetectadoComCarencia() passed after 0.001 seconds.
◇ Test trancadaSeguraSeusAnexos() started.
✔ Test trancadaSeguraSeusAnexos() passed after 0.001 seconds.
✔ Suite CicloDeVidaTests passed after 0.002 seconds.
◇ Suite AutoAnaliseTests started.
◇ Test pausaVesteWOOPSemBotao() started.
✔ Test pausaVesteWOOPSemBotao() passed after 0.085 seconds.
◇ Test silencioAutomaticoEInvisivel() started.
✔ Test silencioAutomaticoEInvisivel() passed after 0.081 seconds.
◇ Test digitarCancelaOAgendamento() started.
✔ Test digitarCancelaOAgendamento() passed after 0.053 seconds.
◇ Test naoRodaDuranteTimerNemComFormaOuOptOut() started.
✔ Test naoRodaDuranteTimerNemComFormaOuOptOut() passed after 0.130 seconds.
✔ Suite AutoAnaliseTests passed after 0.352 seconds.
◇ Suite RevisoesTests started.
◇ Test trancadaEExpressivaNuncaAgendam() started.
✔ Test trancadaEExpressivaNuncaAgendam() passed after 0.001 seconds.
◇ Test revisaoCaiTresDiasDepois() started.
✔ Test revisaoCaiTresDiasDepois() passed after 0.001 seconds.
✔ Suite RevisoesTests passed after 0.002 seconds.
◇ Suite CorpusTests started.
◇ Test trancadaNuncaSaiNoExport() started.
✔ Test trancadaNuncaSaiNoExport() passed after 0.002 seconds.
◇ Test arquivoMdEhLegivelEVersionavel() started.
✔ Test arquivoMdEhLegivelEVersionavel() passed after 0.001 seconds.
✔ Suite CorpusTests passed after 0.002 seconds.
◇ Suite ApagarTests started.
◇ Test apagarRemoveNotaELimpaSessao() started.
✔ Test apagarRemoveNotaELimpaSessao() passed after 0.009 seconds.
◇ Test apagarOutraNotaNaoMexeNaPagina() started.
✔ Test apagarOutraNotaNaoMexeNaPagina() passed after 0.005 seconds.
✔ Suite ApagarTests passed after 0.015 seconds.
◇ Suite AnaliseRemotaTests started.
◇ Test parseVereditoEstrito() started.
✔ Test parseVereditoEstrito() passed after 0.001 seconds.
◇ Test contaDesligadaNaoDeixaRastroNoCofre() started.
✔ Test contaDesligadaNaoDeixaRastroNoCofre() passed after 0.003 seconds.
◇ Test semContaRemotaCalaSemRede() started.
✔ Test semContaRemotaCalaSemRede() passed after 0.001 seconds.
◇ Test testeNuncaEscreveNoCofreDoAparelho() started.
✔ Test testeNuncaEscreveNoCofreDoAparelho() passed after 0.001 seconds.
◇ Test loginEPelaAssinaturaNaoPorToken() started.
✔ Test loginEPelaAssinaturaNaoPorToken() passed after 0.001 seconds.
✔ Suite AnaliseRemotaTests passed after 0.006 seconds.
◇ Suite AutoVestirTests started.
◇ Test pausaVesteDireto() started.
✔ Test pausaVesteDireto() passed after 0.122 seconds.
◇ Test soltarDesfazESuprimeNaNota() started.
✔ Test soltarDesfazESuprimeNaNota() passed after 0.264 seconds.
◇ Test expressivaNuncaComecaSozinha() started.
✔ Test expressivaNuncaComecaSozinha() passed after 0.121 seconds.
✔ Suite AutoVestirTests passed after 0.508 seconds.
◇ Suite ImportarTests started.
◇ Test importaOProprioExport() started.
✔ Test importaOProprioExport() passed after 0.001 seconds.
◇ Test mdSoltoViraUmaNota() started.
✔ Test mdSoltoViraUmaNota() passed after 0.001 seconds.
◇ Test vazioNaoImportaNada() started.
✔ Test vazioNaoImportaNada() passed after 0.001 seconds.
✔ Suite ImportarTests passed after 0.003 seconds.
◇ Suite RevisaoRotaTests started.
◇ Test uuidSaiDoUserInfo() started.
✔ Test uuidSaiDoUserInfo() passed after 0.001 seconds.
✔ Suite RevisaoRotaTests passed after 0.001 seconds.
◇ Suite CorrecoesVarredura3Tests started.
◇ Test gestoVoltaDoNomeEDoRaw() started.
✔ Test gestoVoltaDoNomeEDoRaw() passed after 0.001 seconds.
◇ Test roundtripPreservaOGesto() started.
✔ Test roundtripPreservaOGesto() passed after 0.001 seconds.
◇ Test modeloNaoConsegueEscreverNaTela() started.
✔ Test modeloNaoConsegueEscreverNaTela() passed after 0.001 seconds.
◇ Test perguntaSoPassaSeCitarOAutorDeVerdade() started.
✔ Test perguntaSoPassaSeCitarOAutorDeVerdade() passed after 0.001 seconds.
◇ Test textoMudadoEmVooNaoVeste() started.
✔ Test textoMudadoEmVooNaoVeste() passed after 0.210 seconds.
✔ Suite CorrecoesVarredura3Tests passed after 0.213 seconds.
◇ Suite RoundtripCamposTests started.
◇ Test camposVoltamComoCamposNaoComoVoz() started.
✔ Test camposVoltamComoCamposNaoComoVoz() passed after 0.001 seconds.
◇ Test semBlocoDeFormaNadaMuda() started.
✔ Test semBlocoDeFormaNadaMuda() passed after 0.001 seconds.
✔ Suite RoundtripCamposTests passed after 0.002 seconds.
◇ Suite EscadaTests started.
◇ Test escadaSobeETemTeto() started.
✔ Test escadaSobeETemTeto() passed after 0.016 seconds.
✔ Suite EscadaTests passed after 0.016 seconds.
◇ Suite ConfiancaDia200Tests started.
◇ Test soltarPreservaAsRespostas() started.
✔ Test soltarPreservaAsRespostas() passed after 0.005 seconds.
◇ Test soltarSemRespostasNaoSujaOTexto() started.
✔ Test soltarSemRespostasNaoSujaOTexto() passed after 0.004 seconds.
◇ Test apagarTemJanelaDeDesfazer() started.
✔ Test apagarTemJanelaDeDesfazer() passed after 0.009 seconds.
✔ Suite ConfiancaDia200Tests passed after 0.019 seconds.
◇ Suite PadroesRemotoTests started.
◇ Test parseEstritoDasPerguntas() started.
✔ Test parseEstritoDasPerguntas() passed after 0.001 seconds.
◇ Test nuncaRepeteDuasVisitasSeguidas() started.
✔ Test nuncaRepeteDuasVisitasSeguidas() passed after 0.001 seconds.
✔ Suite PadroesRemotoTests passed after 0.001 seconds.
◇ Suite FechoExpressivaTests started.
◇ Test queimarDestroiOTextoEGuardaOSentido() started.
✔ Test queimarDestroiOTextoEGuardaOSentido() passed after 0.006 seconds.
◇ Test queimadaNuncaSaiNoExportNemNoBackup() started.
✔ Test queimadaNuncaSaiNoExportNemNoBackup() passed after 0.006 seconds.
◇ Test queimarNaoMenteSeODiscoRecusa() started.
✔ Test queimarNaoMenteSeODiscoRecusa() passed after 0.003 seconds.
◇ Test sentidoDoFechoNaoMenteSeODiscoRecusa() started.
✔ Test sentidoDoFechoNaoMenteSeODiscoRecusa() passed after 0.003 seconds.
◇ Test queimarNaoDeixaJanelaDeDesfazer() started.
✔ Test queimarNaoDeixaJanelaDeDesfazer() passed after 0.006 seconds.
◇ Test queimadaNaoAbre() started.
✔ Test queimadaNaoAbre() passed after 0.005 seconds.
◇ Test selarGuardaOTextoEOSentido() started.
✔ Test selarGuardaOTextoEOSentido() passed after 0.002 seconds.
◇ Test oFechoEEscolhaDoAutorNaoDoRelogio() started.
✔ Test oFechoEEscolhaDoAutorNaoDoRelogio() passed after 0.002 seconds.
✔ Suite FechoExpressivaTests passed after 0.036 seconds.
◇ Suite RotaDoWidgetTests started.
◇ Test widgetAbreAsRotasDaCasa() started.
✔ Test widgetAbreAsRotasDaCasa() passed after 0.001 seconds.
✔ Suite RotaDoWidgetTests passed after 0.001 seconds.
◇ Suite FurosDaVarreduraTests started.
◇ Test aPerguntaNaoEngoleAForma() started.
✔ Test aPerguntaNaoEngoleAForma() passed after 0.124 seconds.
◇ Test noSilencioAPerguntaAparece() started.
✔ Test noSilencioAPerguntaAparece() passed after 0.127 seconds.
◇ Test oFechoLevaOAutorAoDestinoQueOTimerBarrou() started.
✔ Test oFechoLevaOAutorAoDestinoQueOTimerBarrou() passed after 0.068 seconds.
◇ Test queimarTambemLevaAoDestino() started.
✔ Test queimarTambemLevaAoDestino() passed after 0.007 seconds.
◇ Test oItalicoNaoVazaQuandoHaCraseDepois() started.
✔ Test oItalicoNaoVazaQuandoHaCraseDepois() passed after 0.001 seconds.
✔ Suite FurosDaVarreduraTests passed after 0.329 seconds.
◇ Suite OrigemAcompanhaConsumidorTests started.
◇ Test retratoDaRotaDeProducaoDasNotasNaoLevaOTextoDoBot() started.
✔ Test retratoDaRotaDeProducaoDasNotasNaoLevaOTextoDoBot() passed after 0.004 seconds.
◇ Test aNotaDoBotCitadaChegaComAOrigemNoTitulo() started.
✔ Test aNotaDoBotCitadaChegaComAOrigemNoTitulo() passed after 0.001 seconds.
◇ Test oRetratoDoPerfilEDaPaginaUsaAMesmaConversaoComOrigem() started.
✔ Test oRetratoDoPerfilEDaPaginaUsaAMesmaConversaoComOrigem() passed after 0.001 seconds.
◇ Test aTrajetoriaNaoMedeAMenteComTextoQueNaoEDela() started.
✔ Test aTrajetoriaNaoMedeAMenteComTextoQueNaoEDela() passed after 0.001 seconds.
◇ Test aSemanaNaoContaNemDestacaAQuiloQueOBotEscreveu() started.
✔ Test aSemanaNaoContaNemDestacaAQuiloQueOBotEscreveu() passed after 0.001 seconds.
◇ Test aRedeNaoLigaDoQueOBotEscreveuMasDeixaOAutorLigarAEle() started.
✔ Test aRedeNaoLigaDoQueOBotEscreveuMasDeixaOAutorLigarAEle() passed after 0.001 seconds.
◇ Test oDominioNaoENemInferidoNemClassificadoDoTextoDoBot() started.
✔ Test oDominioNaoENemInferidoNemClassificadoDoTextoDoBot() passed after 0.001 seconds.
◇ Test oContratoDaPastaTrazOsCamposEAPerguntaDeCadaMetodo() started.
✔ Test oContratoDaPastaTrazOsCamposEAPerguntaDeCadaMetodo() passed after 0.002 seconds.
✔ Suite OrigemAcompanhaConsumidorTests passed after 0.011 seconds.
◇ Suite PerfilQualidadeTests started.
◇ Test "a terceira lista é exatamente o que a tabela diz estar indisponível por qualidade" started.
✔ Test "a terceira lista é exatamente o que a tabela diz estar indisponível por qualidade" passed after 0.001 seconds.
◇ Test "data compartilhada sobe para a abertura; datas diferentes descem à linha" started.
✔ Test "data compartilhada sobe para a abertura; datas diferentes descem à linha" passed after 0.001 seconds.
◇ Test "conserto nomeado aparece na linha; sem conserto, nada promete" started.
✔ Test "conserto nomeado aparece na linha; sem conserto, nada promete" passed after 0.001 seconds.
◇ Test "a linha compõe nome tingido mais resto sem cor, e o texto não muda" started.
✔ Test "a linha compõe nome tingido mais resto sem cor, e o texto não muda" passed after 0.001 seconds.
✔ Suite PerfilQualidadeTests passed after 0.001 seconds.
◇ Suite PilulaContrasteTests started.
◇ Test aCapsulaDesabilitadaSeLeEmTodoFundo() started.
✔ Test aCapsulaDesabilitadaSeLeEmTodoFundo() passed after 0.001 seconds.
◇ Test nenhumaFormaVoltaAoCinzaMorto() started.
✔ Test nenhumaFormaVoltaAoCinzaMorto() passed after 0.001 seconds.
◇ Test aContaColadaNaADRConfere() started.
✔ Test aContaColadaNaADRConfere() passed after 0.001 seconds.
✔ Suite PilulaContrasteTests passed after 0.002 seconds.
◇ Suite PoliticaTests started.
◇ Test todaOperacaoTemRegraEProva() started.
✔ Test todaOperacaoTemRegraEProva() passed after 0.001 seconds.
◇ Test ondeOAparelhoReprovouSemContaNinguemResponde() started.
✔ Test ondeOAparelhoReprovouSemContaNinguemResponde() passed after 0.001 seconds.
◇ Test aEscadaDesceAoAparelhoSoOndeATabelaDeixa() started.
✔ Test aEscadaDesceAoAparelhoSoOndeATabelaDeixa() passed after 0.001 seconds.
◇ Test oPerfilListaAsDezesseisSemRepetir() started.
✔ Test oPerfilListaAsDezesseisSemRepetir() passed after 0.001 seconds.
◇ Test indisponivelPorQualidadeNaoTemExecutorNemComContaEAparelho() started.
✔ Test indisponivelPorQualidadeNaoTemExecutorNemComContaEAparelho() passed after 0.004 seconds.
◇ Test responderEsperaAComparacaoPareadaAntesDeVoltar() started.
✔ Test responderEsperaAComparacaoPareadaAntesDeVoltar() passed after 0.001 seconds.
◇ Test produzirSemProvedorEIndisponivel() started.
✔ Test produzirSemProvedorEIndisponivel() passed after 0.007 seconds.
✔ Suite PoliticaTests passed after 0.013 seconds.
◇ Suite PortaoDaRotaQueCalaTests started.
◇ Test avisoEhAFraseExatamenteQuandoNinguemResponde() started.
✔ Test avisoEhAFraseExatamenteQuandoNinguemResponde() passed after 0.001 seconds.
◇ Test contaLigadaNaoRessuscitaOperacaoCortadaPorQualidade() started.
✔ Test contaLigadaNaoRessuscitaOperacaoCortadaPorQualidade() passed after 0.001 seconds.
◇ Test aVarreduraAindaEnxerga() started.
✔ Test aVarreduraAindaEnxerga() passed after 0.124 seconds.
◇ Test nenhumaOperacaoPerdeuASuaSuperficie() started.
✔ Test nenhumaOperacaoPerdeuASuaSuperficie() passed after 0.325 seconds.
◇ Test aTabelaDeSuperficiesCobreAsDezesseis() started.
✔ Test aTabelaDeSuperficiesCobreAsDezesseis() passed after 0.005 seconds.
✔ Suite PortaoDaRotaQueCalaTests passed after 0.456 seconds.
◇ Suite PortaoDoMovimentoTests started.
◇ Test aVarreduraAindaEnxerga() started.
✔ Test aVarreduraAindaEnxerga() passed after 0.001 seconds.
◇ Test nenhumMovimentoNovoForaDeTema() started.
✔ Test nenhumMovimentoNovoForaDeTema() passed after 1.055 seconds.
✔ Suite PortaoDoMovimentoTests passed after 1.056 seconds.
◇ Suite PortaoDoTryBangTests started.
◇ Test aVarreduraAindaEnxerga() started.
✔ Test aVarreduraAindaEnxerga() passed after 0.001 seconds.
◇ Test nenhumTryBangNovoNaProducao() started.
✔ Test nenhumTryBangNovoNaProducao() passed after 0.235 seconds.
✔ Suite PortaoDoTryBangTests passed after 0.235 seconds.
◇ Suite AProvaDosQuatro started.
◇ Test oPromptDasNotasSobreviveAoTextoMaisFeioDoAutor() started.
✔ Test oPromptDasNotasSobreviveAoTextoMaisFeioDoAutor() passed after 0.001 seconds.
◇ Test aTentativaMaisFeiaSerializaSemPerderLinha() started.
✔ Test aTentativaMaisFeiaSerializaSemPerderLinha() passed after 0.001 seconds.
◇ Test oCampoMaisFeioVoltaIdenticoDoBackup() started.
✔ Test oCampoMaisFeioVoltaIdenticoDoBackup() passed after 0.001 seconds.
◇ Test aAssinaturaDaNotaAceitaOTextoMaisFeio() started.
✔ Test aAssinaturaDaNotaAceitaOTextoMaisFeio() passed after 0.002 seconds.
◇ Test oGuardaDoJsonEOIsValidJSONObjectENaoOTry() started.
✔ Test oGuardaDoJsonEOIsValidJSONObjectENaoOTry() passed after 0.001 seconds.
◇ Test aConferenciaSoAceitaPadraoLiteralDoProprioArquivo() started.
✔ Test aConferenciaSoAceitaPadraoLiteralDoProprioArquivo() passed after 0.005 seconds.
◇ Test oPortaoDaConferenciaEnxergaArgumentoAninhado() started.
✔ Test oPortaoDaConferenciaEnxergaArgumentoAninhado() passed after 0.001 seconds.
✔ Suite AProvaDosQuatro passed after 0.009 seconds.
◇ Suite PraticaTrabalhoTests started.
◇ Test jsonAntigoSemCamposDaPraticaDecodificaEValida() started.
✔ Test jsonAntigoSemCamposDaPraticaDecodificaEValida() passed after 0.001 seconds.
◇ Test tentativaEFeedbackSobrevivemAoDiscoEAoReabrir() started.
✔ Test tentativaEFeedbackSobrevivemAoDiscoEAoReabrir() passed after 0.001 seconds.
◇ Test criterioIDInventadoNoFeedbackNaoPassaNaValidacao() started.
✔ Test criterioIDInventadoNoFeedbackNaoPassaNaValidacao() passed after 0.001 seconds.
◇ Test tentativaSemAcaoOuSemPraticaNoMaterialERecusada() started.
✔ Test tentativaSemAcaoOuSemPraticaNoMaterialERecusada() passed after 0.001 seconds.
◇ Test guardarTentativaRecusaMaterialSemPraticaApoioVazioEAnteriorInexistente() started.
✔ Test guardarTentativaRecusaMaterialSemPraticaApoioVazioEAnteriorInexistente() passed after 0.001 seconds.
◇ Test hipoteseSoAponteEvidenciasConhecidas() started.
✔ Test hipoteseSoAponteEvidenciasConhecidas() passed after 0.001 seconds.
◇ Test preparacaoRecusadaNaoCaiNaProducaoDelegadaETentativaContinuaPossivel() started.
✔ Test preparacaoRecusadaNaoCaiNaProducaoDelegadaETentativaContinuaPossivel() passed after 0.002 seconds.
◇ Test semContaGrokAPreparacaoDePraticaNaoUsaOAparelho() started.
✔ Test semContaGrokAPreparacaoDePraticaNaoUsaOAparelho() passed after 0.001 seconds.
◇ Test semContaGrokOFeedbackFicaIndisponivelSemLerATentativa() started.
✔ Test semContaGrokOFeedbackFicaIndisponivelSemLerATentativa() passed after 0.001 seconds.
◇ Test tentativaSemExercicioTemAcaoPropriaESemFeedback() started.
✔ Test tentativaSemExercicioTemAcaoPropriaESemFeedback() passed after 0.001 seconds.
◇ Test dificuldadePropostaPelaTelaTemAutoriaESemEvidenciasInventadas() started.
✔ Test dificuldadePropostaPelaTelaTemAutoriaESemEvidenciasInventadas() passed after 0.001 seconds.
◇ Test emDelegarAHipoteseTemAutoriaEAContestadaEntraNoProximoPedido() started.
✔ Test emDelegarAHipoteseTemAutoriaEAContestadaEntraNoProximoPedido() passed after 0.001 seconds.
◇ Test praticaIndisponivelSobreviveAoDiscoENaoBloqueiaNovoPedido() started.
✔ Test praticaIndisponivelSobreviveAoDiscoENaoBloqueiaNovoPedido() passed after 0.001 seconds.
◇ Test tentativaNaoViraVersaoENaoMudaOrigemDoMaterial() started.
✔ Test tentativaNaoViraVersaoENaoMudaOrigemDoMaterial() passed after 0.001 seconds.
◇ Test origensIAPessoaMistaEExternaSobrevivemAoCicloDaPratica() started.
✔ Test origensIAPessoaMistaEExternaSobrevivemAoCicloDaPratica() passed after 0.001 seconds.
◇ Test preparacaoValidaViraPraticaComCriteriosIdentificados() started.
✔ Test preparacaoValidaViraPraticaComCriteriosIdentificados() passed after 0.001 seconds.
◇ Test exemploIgualAoEnunciadoOuDentroDeleERecusado() started.
✔ Test exemploIgualAoEnunciadoOuDentroDeleERecusado() passed after 0.001 seconds.
◇ Test criterioQueRepeteQuatroPalavrasDoExemploERecusado() started.
✔ Test criterioQueRepeteQuatroPalavrasDoExemploERecusado() passed after 0.001 seconds.
◇ Test preparacaoForaDoContratoNaoViraPraticaParcial() started.
✔ Test preparacaoForaDoContratoNaoViraPraticaParcial() passed after 0.001 seconds.
◇ Test cadaRecusaDaPreparacaoDizQualGuardaFoiSemVazarOConteudo() started.
✔ Test cadaRecusaDaPreparacaoDizQualGuardaFoiSemVazarOConteudo() passed after 0.001 seconds.
◇ Test nenhumCampoDaRecusaCarregaPalavraDoExercicio() started.
✔ Test nenhumCampoDaRecusaCarregaPalavraDoExercicio() passed after 0.022 seconds.
◇ Test aRecusaPorVazamentoContaAOrigemDoQuadrigramaSemOTrecho() started.
✔ Test aRecusaPorVazamentoContaAOrigemDoQuadrigramaSemOTrecho() passed after 0.001 seconds.
◇ Test criteriosVaziosNaoDesaparecemParaFazerPreparacaoPassar() started.
✔ Test criteriosVaziosNaoDesaparecemParaFazerPreparacaoPassar() passed after 0.001 seconds.
◇ Test jsonComProsaOuMarkdownAoRedorNaoCumpreContrato() started.
✔ Test jsonComProsaOuMarkdownAoRedorNaoCumpreContrato() passed after 0.001 seconds.
◇ Test schemasRemotosUsamOsMesmosIDsReaisDoPrompt() started.
✔ Test schemasRemotosUsamOsMesmosIDsReaisDoPrompt() passed after 0.001 seconds.
◇ Test materialHostilContinuaValorJSONSemFabricarLinha() started.
✔ Test materialHostilContinuaValorJSONSemFabricarLinha() passed after 0.001 seconds.
◇ Test setecentasLinhasCurtasCabemInteirasSemInflarAJanela() started.
✔ Test setecentasLinhasCurtasCabemInteirasSemInflarAJanela() passed after 0.001 seconds.
◇ Test praticaSoEPedidaEmPraticarOuCombinarDelimitado() started.
✔ Test praticaSoEPedidaEmPraticarOuCombinarDelimitado() passed after 0.001 seconds.
◇ Test montagemDaPreparacaoLevaTentativaAtribuidaSemResolverAProxima() started.
✔ Test montagemDaPreparacaoLevaTentativaAtribuidaSemResolverAProxima() passed after 0.001 seconds.
◇ Test payloadForaDoContratoNaoProduzVeredito() started.
✔ Test payloadForaDoContratoNaoProduzVeredito() passed after 0.001 seconds.
◇ Test segmentoInventadoNaoProduzCitacaoNemVeredito() started.
✔ Test segmentoInventadoNaoProduzCitacaoNemVeredito() passed after 0.001 seconds.
◇ Test criterioDuplicadoOuSegmentosRepetidosForaDeOrdemOuComLacunasSaoRecusados() started.
✔ Test criterioDuplicadoOuSegmentosRepetidosForaDeOrdemOuComLacunasSaoRecusados() passed after 0.001 seconds.
◇ Test appResolveEvidenciaLiteralSemPedirAoModeloQueACopie() started.
✔ Test appResolveEvidenciaLiteralSemPedirAoModeloQueACopie() passed after 0.001 seconds.
◇ Test ausenciaDeEvidenciaPodeSerDeclaradaSemInventarCitacao() started.
✔ Test ausenciaDeEvidenciaPodeSerDeclaradaSemInventarCitacao() passed after 0.001 seconds.
◇ Test vereditoSemTrechoNenhumNaoConfirmaNada() started.
✔ Test vereditoSemTrechoNenhumNaoConfirmaNada() passed after 0.001 seconds.
◇ Test observacaoQueTrazSolucaoOuReescritaNaoEMostrada() started.
✔ Test observacaoQueTrazSolucaoOuReescritaNaoEMostrada() passed after 0.001 seconds.
◇ Test criterioNaoCobertoVoltaNaoAvaliadoENuncaAcertoImplicito() started.
✔ Test criterioNaoCobertoVoltaNaoAvaliadoENuncaAcertoImplicito() passed after 0.001 seconds.
◇ Test aLinhaDoFeedbackNuncaAprovaEDizNadaConfirmadoSemConfirmacao() started.
✔ Test aLinhaDoFeedbackNuncaAprovaEDizNadaConfirmadoSemConfirmacao() passed after 0.001 seconds.
◇ Test tetoDoProvedorRecusaConferenciaEmVezDeCortar() started.
✔ Test tetoDoProvedorRecusaConferenciaEmVezDeCortar() passed after 0.002 seconds.
◇ Test montagemDaConferenciaLevaEnunciadoCriteriosApoioETentativaInteiros() started.
✔ Test montagemDaConferenciaLevaEnunciadoCriteriosApoioETentativaInteiros() passed after 0.001 seconds.
◇ Test reavaliarAMesmaTentativaNaoCriaOutraDemonstracao() started.
✔ Test reavaliarAMesmaTentativaNaoCriaOutraDemonstracao() passed after 0.001 seconds.
◇ Test novaTentativaLigaAAnteriorSemApagarAPrimeira() started.
✔ Test novaTentativaLigaAAnteriorSemApagarAPrimeira() passed after 0.001 seconds.
◇ Test guardarTentativaNaoMarcaAcaoExecutadaNemConfirmaHipotese() started.
✔ Test guardarTentativaNaoMarcaAcaoExecutadaNemConfirmaHipotese() passed after 0.001 seconds.
◇ Test confirmarConcordanciaRegistraMotivoENaoDeclaraAprendizagem() started.
✔ Test confirmarConcordanciaRegistraMotivoENaoDeclaraAprendizagem() passed after 0.001 seconds.
◇ Test feedbackNaoSobrescreveARespostaDaPessoa() started.
✔ Test feedbackNaoSobrescreveARespostaDaPessoa() passed after 0.001 seconds.
◇ Test retryDeSaveNaoDuplicaTentativaENaoApagaOQueEstavaEmEdicao() started.
✔ Test retryDeSaveNaoDuplicaTentativaENaoApagaOQueEstavaEmEdicao() passed after 0.002 seconds.
◇ Test reabrirRecuperaATentativaGuardada() started.
✔ Test reabrirRecuperaATentativaGuardada() passed after 0.002 seconds.
◇ Test retornoAtrasadoEDescartadoAposNovaTentativa() started.
✔ Test retornoAtrasadoEDescartadoAposNovaTentativa() passed after 0.002 seconds.
◇ Test retornoAtrasadoEDescartadoAposNovoMaterial() started.
✔ Test retornoAtrasadoEDescartadoAposNovoMaterial() passed after 0.002 seconds.
◇ Test retornoAtrasadoEDescartadoAposMudarOApoio() started.
✔ Test retornoAtrasadoEDescartadoAposMudarOApoio() passed after 0.002 seconds.
◇ Test retornoAtrasadoEDescartadoAposContestarHipotese() started.
✔ Test retornoAtrasadoEDescartadoAposContestarHipotese() passed after 0.002 seconds.
◇ Test retornoAtrasadoEDescartadoAposRevogarOAcesso() started.
✔ Test retornoAtrasadoEDescartadoAposRevogarOAcesso() passed after 0.002 seconds.
◇ Test acessoNegadoNaoLeENaoChamaOProvedor() started.
✔ Test acessoNegadoNaoLeENaoChamaOProvedor() passed after 0.002 seconds.
◇ Test exportarMarkdownNaoLevaTentativaNemFeedbackComoVersao() started.
✔ Test exportarMarkdownNaoLevaTentativaNemFeedbackComoVersao() passed after 0.001 seconds.
✔ Suite PraticaTrabalhoTests passed after 0.067 seconds.
◇ Suite PrivacidadeTrabalhoTests started.
◇ Test origemAbertaPermiteEProtecaoRestringeSemApagarDados() started.
✔ Test origemAbertaPermiteEProtecaoRestringeSemApagarDados() passed after 0.006 seconds.
◇ Test origemApagadaRestringeMasTrabalhoIndependenteContinua() started.
✔ Test origemApagadaRestringeMasTrabalhoIndependenteContinua() passed after 0.003 seconds.
◇ Test metadadoIlegivelRestringeSemSubstituirDocumento() started.
✔ Test metadadoIlegivelRestringeSemSubstituirDocumento() passed after 0.001 seconds.
◇ Test protecaoEVerificadaAntesDeDecodificarCorpoDoTrabalho() started.
✔ Test protecaoEVerificadaAntesDeDecodificarCorpoDoTrabalho() passed after 0.002 seconds.
◇ Test oficinaAbertaRevalidaAntesDeAlterarGuardarOuGerar() started.
✔ Test oficinaAbertaRevalidaAntesDeAlterarGuardarOuGerar() passed after 0.002 seconds.
◇ Test revogarAntesDeIniciarTaskImpedeChamadaAoProvider() started.
✔ Test revogarAntesDeIniciarTaskImpedeChamadaAoProvider() passed after 0.002 seconds.
◇ Test origemRevogadaDuranteProviderDescartaRespostaEPreservaHistorico() started.
✔ Test origemRevogadaDuranteProviderDescartaRespostaEPreservaHistorico() passed after 0.002 seconds.
◇ Test restaurarElegibilidadeNaoPerdeHistoriaNemSoltaOrigem() started.
✔ Test restaurarElegibilidadeNaoPerdeHistoriaNemSoltaOrigem() passed after 0.002 seconds.
◇ Test liberarOrigemRestauraErroDeSaveSemPerderAlteracoesPendentes() started.
✔ Test liberarOrigemRestauraErroDeSaveSemPerderAlteracoesPendentes() passed after 0.005 seconds.
✔ Suite PrivacidadeTrabalhoTests passed after 0.030 seconds.
◇ Suite PromessaDoAvisoTests started.
◇ Test semAvisoNaoPrometeAlarme() started.
✔ Test semAvisoNaoPrometeAlarme() passed after 0.001 seconds.
◇ Test negadoNaoPromete() started.
✔ Test negadoNaoPromete() passed after 0.001 seconds.
◇ Test naoPerguntadoPrometeSobCondicao() started.
✔ Test naoPerguntadoPrometeSobCondicao() passed after 0.001 seconds.
◇ Test leituraPendenteSeguraAPromessa() started.
✔ Test leituraPendenteSeguraAPromessa() passed after 0.001 seconds.
◇ Test concedidoPrometeSemCondicao() started.
✔ Test concedidoPrometeSemCondicao() passed after 0.001 seconds.
◇ Test horaPassadaNaoPromete() started.
✔ Test horaPassadaNaoPromete() passed after 0.001 seconds.
◇ Test horaExataDoAlarmeJaPassou() started.
✔ Test horaExataDoAlarmeJaPassou() passed after 0.001 seconds.
◇ Test negadoVemAntesDoRelogio() started.
✔ Test negadoVemAntesDoRelogio() passed after 0.001 seconds.
◇ Test semAvisoIgnoraORelogio() started.
✔ Test semAvisoIgnoraORelogio() passed after 0.001 seconds.
◇ Test semInstanteMantemOsQuatroCasos() started.
✔ Test semInstanteMantemOsQuatroCasos() passed after 0.001 seconds.
◇ Test serieQueRepeteNaoFicaSemAlarme() started.
✔ Test serieQueRepeteNaoFicaSemAlarme() passed after 0.001 seconds.
◇ Test serieQueRepeteNaoAtropelaOBeco() started.
✔ Test serieQueRepeteNaoAtropelaOBeco() passed after 0.001 seconds.
◇ Test serieSemAvisoContinuaSemAviso() started.
✔ Test serieSemAvisoContinuaSemAviso() passed after 0.001 seconds.
✔ Suite PromessaDoAvisoTests passed after 0.002 seconds.
◇ Suite ProsaLiteralTests started.
◇ Test marcadoresIncompletosPermanecemLiterais(_:) started.
◇ Test case passing 1 argument fonte → "2 * 3" to marcadoresIncompletosPermanecemLiterais(_:) started.
​◇ Test case passing 1 argument fonte → "~aproximadamente" to marcadoresIncompletosPermanecemLiterais(_:) started.
​◇ Test case passing 1 argument fonte → "[sem fecho" to marcadoresIncompletosPermanecemLiterais(_:) started.
​◇ Test case passing 1 argument fonte → "`código aberto" to marcadoresIncompletosPermanecemLiterais(_:) started.
​◇ Test case passing 1 argument fonte → "[[nota" to marcadoresIncompletosPermanecemLiterais(_:) started.
​◇ Test case passing 1 argument fonte → "fim **" to marcadoresIncompletosPermanecemLiterais(_:) started.
​◇ Test case passing 1 argument fonte → "👩🏽‍💻 [rascunho" to marcadoresIncompletosPermanecemLiterais(_:) started.
​✔ Test marcadoresIncompletosPermanecemLiterais(_:) with 7 test cases passed after 0.001 seconds.
◇ Test literalNaoImpedeFormatacaoSeguinte() started.
✔ Test literalNaoImpedeFormatacaoSeguinte() passed after 0.001 seconds.
✔ Suite ProsaLiteralTests passed after 0.004 seconds.
◇ Suite ProvaTests started.
◇ Test osPontosSaoAsFrasesDoAutor() started.
✔ Test osPontosSaoAsFrasesDoAutor() passed after 0.001 seconds.
◇ Test migalhaNaoEPonto() started.
✔ Test migalhaNaoEPonto() passed after 0.001 seconds.
◇ Test alvoCurtoViraUmPontoSo() started.
✔ Test alvoCurtoViraUmPontoSo() passed after 0.001 seconds.
◇ Test oTetoSegura() started.
✔ Test oTetoSegura() passed after 0.001 seconds.
◇ Test pontosPreservamNumerosEAbreviacoes() started.
✔ Test pontosPreservamNumerosEAbreviacoes() passed after 0.001 seconds.
◇ Test quatroPalavrasSeguidasDoAlvoEVazamento() started.
✔ Test quatroPalavrasSeguidasDoAlvoEVazamento() passed after 0.001 seconds.
◇ Test perguntaQueApontaSemCitarPassa() started.
✔ Test perguntaQueApontaSemCitarPassa() passed after 0.001 seconds.
◇ Test alvoCurtoNaoPodeAparecerNaPergunta() started.
✔ Test alvoCurtoNaoPodeAparecerNaPergunta() passed after 0.001 seconds.
◇ Test alvoVazioNaoVazaNada() started.
✔ Test alvoVazioNaoVazaNada() passed after 0.001 seconds.
◇ Test aPerguntaPrecisaSerPerguntaEcaber() started.
✔ Test aPerguntaPrecisaSerPerguntaEcaber() passed after 0.001 seconds.
◇ Test aPerguntaQueVazaEeRecusadaPeloParser() started.
✔ Test aPerguntaQueVazaEeRecusadaPeloParser() passed after 0.001 seconds.
◇ Test aConferenciaExigeDecisaoPorPontoESelecionaSoEquivalentes() started.
✔ Test aConferenciaExigeDecisaoPorPontoESelecionaSoEquivalentes() passed after 0.001 seconds.
◇ Test omissaoPontoInventadoOuEstadoDesconhecidoDerrubaTudo() started.
✔ Test omissaoPontoInventadoOuEstadoDesconhecidoDerrubaTudo() passed after 0.001 seconds.
◇ Test esquemaRemotoExigeTodosOsJulgamentosSemExemploDeAcertos() started.
✔ Test esquemaRemotoExigeTodosOsJulgamentosSemExemploDeAcertos() passed after 0.001 seconds.
◇ Test textoLivreNoLugarDoJsonNaoPassa() started.
✔ Test textoLivreNoLugarDoJsonNaoPassa() passed after 0.001 seconds.
✔ Suite ProvaTests passed after 0.014 seconds.
◇ Suite EcoTests started.
◇ Test oEcoComCitacaoLiteralPassa() started.
✔ Test oEcoComCitacaoLiteralPassa() passed after 0.001 seconds.
◇ Test aCitacaoInventadaEDescartada() started.
✔ Test aCitacaoInventadaEDescartada() passed after 0.001 seconds.
◇ Test indiceForaDoIntervaloNaoEntra() started.
✔ Test indiceForaDoIntervaloNaoEntra() passed after 0.001 seconds.
◇ Test trechoCurtoDemaisNaoEProva() started.
✔ Test trechoCurtoDemaisNaoEProva() passed after 0.001 seconds.
◇ Test aMesmaNotaNaoEcoaDuasVezes() started.
✔ Test aMesmaNotaNaoEcoaDuasVezes() passed after 0.001 seconds.
◇ Test tetoDeTres() started.
✔ Test tetoDeTres() passed after 0.001 seconds.
◇ Test semJsonNaoHaEco() started.
✔ Test semJsonNaoHaEco() passed after 0.001 seconds.
✔ Suite EcoTests passed after 0.001 seconds.
◇ Suite EcoSemRepeticaoTests started.
◇ Test aCitacaoContidaNoTituloEredundante() started.
✔ Test aCitacaoContidaNoTituloEredundante() passed after 0.001 seconds.
◇ Test aCitacaoDeOutraParteAcrescenta() started.
✔ Test aCitacaoDeOutraParteAcrescenta() passed after 0.001 seconds.
✔ Suite EcoSemRepeticaoTests passed after 0.001 seconds.
◇ Suite RecordarLadoALadoTests started.
◇ Test aFolhaLargaEmCorpoNormalComparaLadoALado() started.
✔ Test aFolhaLargaEmCorpoNormalComparaLadoALado() passed after 0.001 seconds.
◇ Test aFolhaEstreitaEmpilha() started.
✔ Test aFolhaEstreitaEmpilha() passed after 0.001 seconds.
◇ Test corpoDeAcessibilidadeEmpilhaEmQualquerLargura() started.
✔ Test corpoDeAcessibilidadeEmpilhaEmQualquerLargura() passed after 0.001 seconds.
✔ Suite RecordarLadoALadoTests passed after 0.006 seconds.
◇ Suite RecordarPerguntaTardiaTests started.
◇ Test aPerguntaChegaAntesDaPrimeiraLetraEEntra() started.
✔ Test aPerguntaChegaAntesDaPrimeiraLetraEEntra() passed after 0.001 seconds.
◇ Test aPerguntaQueChegaDepoisDaPrimeiraLetraNaoEntra() started.
✔ Test aPerguntaQueChegaDepoisDaPrimeiraLetraNaoEntra() passed after 0.001 seconds.
◇ Test espacoEmBrancoNaoEEscrita() started.
✔ Test espacoEmBrancoNaoEEscrita() passed after 0.001 seconds.
◇ Test aSegundaPerguntaNaoSubstituiAPrimeira() started.
✔ Test aSegundaPerguntaNaoSubstituiAPrimeira() passed after 0.001 seconds.
✔ Suite RecordarPerguntaTardiaTests passed after 0.001 seconds.
◇ Suite QualidadeTrabalhoTests started.
◇ Test combinarProduzEntregaEPraticaEGuardaAmbasSemMudarAutoria() started.
✔ Test combinarProduzEntregaEPraticaEGuardaAmbasSemMudarAutoria() passed after 0.001 seconds.
◇ Test praticarNaoChamaEntregaECombinarSemTrechoNaoPreparaExercicio() started.
✔ Test praticarNaoChamaEntregaECombinarSemTrechoNaoPreparaExercicio() passed after 0.001 seconds.
◇ Test falhaNaParteDelegadaNaoConcluiComApenasExercicio() started.
✔ Test falhaNaParteDelegadaNaoConcluiComApenasExercicio() passed after 0.002 seconds.
◇ Test mudarTrechoEnquantoIARespondeCancelaPedidoAntigo() started.
✔ Test mudarTrechoEnquantoIARespondeCancelaPedidoAntigo() passed after 0.006 seconds.
◇ Test tresBlocosPrecisamTerCincoMinutosCadaNaoApenasSomarQuinze() started.
✔ Test tresBlocosPrecisamTerCincoMinutosCadaNaoApenasSomarQuinze() passed after 0.004 seconds.
◇ Test numerosGrandesNaoDerrubamAConferenciaNemSomemDaSoma() started.
✔ Test numerosGrandesNaoDerrubamAConferenciaNemSomemDaSoma() passed after 0.005 seconds.
◇ Test revisaoNaoConfirmaConteudoSemApontarNadaNoArtefato() started.
✔ Test revisaoNaoConfirmaConteudoSemApontarNadaNoArtefato() passed after 0.001 seconds.
✔ Suite QualidadeTrabalhoTests passed after 0.019 seconds.
◇ Suite RascunhoTrabalhoTests started.
◇ Test guardarAPropriaVersaoNaoDeixaEdicaoPendenteAoReabrir() started.
✔ Test guardarAPropriaVersaoNaoDeixaEdicaoPendenteAoReabrir() passed after 0.001 seconds.
◇ Test versaoDiferenteDaGuardadaContinuaPendente() started.
✔ Test versaoDiferenteDaGuardadaContinuaPendente() passed after 0.001 seconds.
◇ Test primeiraVersaoEmEdicaoContinuaPendente() started.
✔ Test primeiraVersaoEmEdicaoContinuaPendente() passed after 0.001 seconds.
◇ Test rascunhoVazioNaoEEdicaoPendente() started.
✔ Test rascunhoVazioNaoEEdicaoPendente() passed after 0.001 seconds.
◇ Test intencaoEResultadoSeguemJulgadosPorDiferenca() started.
✔ Test intencaoEResultadoSeguemJulgadosPorDiferenca() passed after 0.001 seconds.
◇ Test aOrdemDoDesvioEADaLeitura() started.
✔ Test aOrdemDoDesvioEADaLeitura() passed after 0.001 seconds.
◇ Test campoLivreNaoTemGuardado() started.
✔ Test campoLivreNaoTemGuardado() passed after 0.001 seconds.
✔ Suite RascunhoTrabalhoTests passed after 0.002 seconds.
◇ Suite RecomendacaoTests started.
◇ Test oShowDeStandUpViraFrase() started.
✔ Test oShowDeStandUpViraFrase() passed after 0.001 seconds.
◇ Test hojeAmanhaEDepois() started.
✔ Test hojeAmanhaEDepois() passed after 0.001 seconds.
◇ Test oFeriadoDoSistemaViraFraseCurta() started.
✔ Test oFeriadoDoSistemaViraFraseCurta() passed after 0.001 seconds.
◇ Test foraDaJanelaNaoSugere() started.
✔ Test foraDaJanelaNaoSugere() passed after 0.001 seconds.
◇ Test aHoraSaiComEsemMinuto() started.
✔ Test aHoraSaiComEsemMinuto() passed after 0.001 seconds.
◇ Test oDiaInteiroSeDiz() started.
✔ Test oDiaInteiroSeDiz() passed after 0.001 seconds.
◇ Test tituloComDiaDaSemanaPodeSerRecusado() started.
✔ Test tituloComDiaDaSemanaPodeSerRecusado() passed after 0.001 seconds.
◇ Test comAmanhaOTituloSobreviveAoDiaDaSemana() started.
✔ Test comAmanhaOTituloSobreviveAoDiaDaSemana() passed after 0.001 seconds.
◇ Test tituloComHoraDentroNaoSugere() started.
✔ Test tituloComHoraDentroNaoSugere() passed after 0.001 seconds.
◇ Test tituloVazioNaoSugere() started.
✔ Test tituloVazioNaoSugere() passed after 0.001 seconds.
◇ Test aPrimeiraQueOParserAceita() started.
✔ Test aPrimeiraQueOParserAceita() passed after 0.001 seconds.
◇ Test semCompromissoNaoHaSugestao() started.
✔ Test semCompromissoNaoHaSugestao() passed after 0.001 seconds.
◇ Test aJanelaEDeSeteDias() started.
✔ Test aJanelaEDeSeteDias() passed after 0.005 seconds.
◇ Test aLeituraInjetadaVemOrdenada() started.
✔ Test aLeituraInjetadaVemOrdenada() passed after 0.001 seconds.
✔ Suite RecomendacaoTests passed after 0.012 seconds.
◇ Suite RespostaNotasTests started.
◇ Test atribuiSomenteFonteSelecionadaSemPedirTituloAoModelo() started.
✔ Test atribuiSomenteFonteSelecionadaSemPedirTituloAoModelo() passed after 0.001 seconds.
◇ Test tituloIgualNaoFundeIdentidadesNemAtribuiNotaErrada() started.
✔ Test tituloIgualNaoFundeIdentidadesNemAtribuiNotaErrada() passed after 0.001 seconds.
◇ Test IDsInventadosDuplicadosOuDeTrechoVazioNaoProduzemFonte() started.
✔ Test IDsInventadosDuplicadosOuDeTrechoVazioNaoProduzemFonte() passed after 0.001 seconds.
◇ Test semFontesNaoFabricaCitacaoENaoRecusaInformacaoGeral() started.
✔ Test semFontesNaoFabricaCitacaoENaoRecusaInformacaoGeral() passed after 0.001 seconds.
◇ Test perguntaECorrecaoNaoSaoCortadasENotaOmitidaNaoViraFonte() started.
✔ Test perguntaECorrecaoNaoSaoCortadasENotaOmitidaNaoViraFonte() passed after 0.001 seconds.
◇ Test muitasLinhasCurtasNaoInflamObjetosDeIDPorLinha() started.
✔ Test muitasLinhasCurtasNaoInflamObjetosDeIDPorLinha() passed after 0.001 seconds.
◇ Test conteudoHostilNaoFabricaTrechoNoContrato() started.
✔ Test conteudoHostilNaoFabricaTrechoNoContrato() passed after 0.001 seconds.
◇ Test oPedidoDizQueDiaEHojeSemFurarOTeto() started.
✔ Test oPedidoDizQueDiaEHojeSemFurarOTeto() passed after 0.001 seconds.
◇ Test insuficienteComAjudaEscritaNaoViraSilencioTotal() started.
✔ Test insuficienteComAjudaEscritaNaoViraSilencioTotal() passed after 0.001 seconds.
◇ Test rotuloInternoSaiDoTextoEViraOTituloDaNota() started.
✔ Test rotuloInternoSaiDoTextoEViraOTituloDaNota() passed after 0.001 seconds.
◇ Test trocaDeRotuloNaoInventaFonteNemMordePalavraVizinha() started.
✔ Test trocaDeRotuloNaoInventaFonteNemMordePalavraVizinha() passed after 0.001 seconds.
◇ Test snapshotRejeitaSeloEdicaoSemDataEExclusao() started.
✔ Test snapshotRejeitaSeloEdicaoSemDataEExclusao() passed after 0.002 seconds.
◇ Test seloDuranteRespostaDescartaRetornoEHistoricoDependente() started.
✔ Test seloDuranteRespostaDescartaRetornoEHistoricoDependente() passed after 0.003 seconds.
◇ Test historicoRevogadoNaoVaiAoProvedorNaPerguntaSeguinte() started.
✔ Test historicoRevogadoNaoVaiAoProvedorNaPerguntaSeguinte() passed after 0.003 seconds.
✔ Suite RespostaNotasTests passed after 0.016 seconds.
◇ Suite ResultadoObservadoTests started.
◇ Test atoEResultadoSaoEixosIndependentes() started.
✔ Test atoEResultadoSaoEixosIndependentes() passed after 0.001 seconds.
◇ Test asTresFormasEntramERelatoSemClassificacaoFicaNaoObservado() started.
✔ Test asTresFormasEntramERelatoSemClassificacaoFicaNaoObservado() passed after 0.001 seconds.
◇ Test registroAntigoSemAChaveContinuaNaoObservado() started.
✔ Test registroAntigoSemAChaveContinuaNaoObservado() passed after 0.001 seconds.
◇ Test tentativaNaoCarregaResultadoObservado() started.
✔ Test tentativaNaoCarregaResultadoObservado() passed after 0.001 seconds.
◇ Test cancelarAcaoTemGestoESoAlcancaOPendente() started.
✔ Test cancelarAcaoTemGestoESoAlcancaOPendente() passed after 0.001 seconds.
◇ Test observadoAntes_naoSeCancelaDepois() started.
✔ Test observadoAntes_naoSeCancelaDepois() passed after 0.001 seconds.
◇ Test canceladaAntes_naoRecebeResultadoDepois() started.
✔ Test canceladaAntes_naoRecebeResultadoDepois() passed after 0.001 seconds.
◇ Test aOrientacaoSeguinteMudaPeloResultado() started.
✔ Test aOrientacaoSeguinteMudaPeloResultado() passed after 0.001 seconds.
◇ Test aOrientacaoNomeiaAAcaoDoUltimoResultado() started.
✔ Test aOrientacaoNomeiaAAcaoDoUltimoResultado() passed after 0.001 seconds.
◇ Test aCausaDoRelatoFicaGuardadaNaVersaoQueNasceuDela() started.
✔ Test aCausaDoRelatoFicaGuardadaNaVersaoQueNasceuDela() passed after 0.001 seconds.
◇ Test semResultadoInformadoNaoHaCausa() started.
✔ Test semResultadoInformadoNaoHaCausa() passed after 0.001 seconds.
◇ Test oDocumentoRecusaACausaQueNaoFecha() started.
✔ Test oDocumentoRecusaACausaQueNaoFecha() passed after 0.001 seconds.
◇ Test oContextoDizOsTresEixosSeparados() started.
✔ Test oContextoDizOsTresEixosSeparados() passed after 0.001 seconds.
◇ Test oNucleoDaCausaNaoChamaRelatoDeTentativa() started.
✔ Test oNucleoDaCausaNaoChamaRelatoDeTentativa() passed after 0.001 seconds.
✔ Suite ResultadoObservadoTests passed after 0.004 seconds.
◇ Suite RetomadaTrabalhoTests started.
◇ Test oResumoContaOQueHouveDepoisDaVisitaENadaDeAntes() started.
✔ Test oResumoContaOQueHouveDepoisDaVisitaENadaDeAntes() passed after 0.001 seconds.
◇ Test semNovidadeOResumoCalaEmVezDeFalarDoVelho() started.
✔ Test semNovidadeOResumoCalaEmVezDeFalarDoVelho() passed after 0.001 seconds.
◇ Test atoRealizadoEResultadoInformadoSaoDuasLinhas() started.
✔ Test atoRealizadoEResultadoInformadoSaoDuasLinhas() passed after 0.001 seconds.
◇ Test decisaoSemDataNaoEntraNoResumo() started.
✔ Test decisaoSemDataNaoEntraNoResumo() passed after 0.001 seconds.
◇ Test todaRolagemDaFolhaTemDestinoQueExiste() started.
✔ Test todaRolagemDaFolhaTemDestinoQueExiste() passed after 0.006 seconds.
✔ Suite RetomadaTrabalhoTests passed after 0.006 seconds.
◇ Suite SabiaOrcamentoTests started.
◇ Test perguntaInteiraComContextoLongo() started.
✔ Test perguntaInteiraComContextoLongo() passed after 0.001 seconds.
◇ Test perguntaQueNaoCabeRecusa() started.
✔ Test perguntaQueNaoCabeRecusa() passed after 0.001 seconds.
◇ Test conferenciaLongaNaoJulgaSemMemoria() started.
✔ Test conferenciaLongaNaoJulgaSemMemoria() passed after 0.001 seconds.
◇ Test conferenciaCurtaPreservaTodosOsIndicesEMemoria() started.
✔ Test conferenciaCurtaPreservaTodosOsIndicesEMemoria() passed after 0.001 seconds.
◇ Test conferirCalaComEvidenciaCortada() started.
✔ Test conferirCalaComEvidenciaCortada() passed after 0.001 seconds.
◇ Test conferenciaRecusaMemoriaVazia() started.
✔ Test conferenciaRecusaMemoriaVazia() passed after 0.001 seconds.
◇ Test conferenciaRecusaPontosVazios() started.
✔ Test conferenciaRecusaPontosVazios() passed after 0.001 seconds.
◇ Test cargaInteiraNoLimiteSacrificaContexto() started.
✔ Test cargaInteiraNoLimiteSacrificaContexto() passed after 0.001 seconds.
◇ Test rotuloNaoViajaSemConteudo() started.
✔ Test rotuloNaoViajaSemConteudo() passed after 0.001 seconds.
◇ Test instigarNaoMandaCabecalhoDeMetodoVazio() started.
✔ Test instigarNaoMandaCabecalhoDeMetodoVazio() passed after 0.001 seconds.
◇ Test contraporNaoMandaCabecalhoDeMetodoVazio() started.
✔ Test contraporNaoMandaCabecalhoDeMetodoVazio() passed after 0.001 seconds.
◇ Test provaNaoMandaCabecalhoDePistaVazia() started.
✔ Test provaNaoMandaCabecalhoDePistaVazia() passed after 0.001 seconds.
◇ Test ecosPedeCandidatasInteirasOuCala() started.
✔ Test ecosPedeCandidatasInteirasOuCala() passed after 0.001 seconds.
◇ Test responderLocalMantemANotaSobRotulo() started.
✔ Test responderLocalMantemANotaSobRotulo() passed after 0.001 seconds.
◇ Test orcamentoRecusadoNaoImpedeTentativaMaior() started.
✔ Test orcamentoRecusadoNaoImpedeTentativaMaior() passed after 0.001 seconds.
◇ Test delimitadoresInvertidosNaoDerrubamOParser() started.
✔ Test delimitadoresInvertidosNaoDerrubamOParser() passed after 0.001 seconds.
◇ Test booleanosNaoSaoJulgamentos() started.
✔ Test booleanosNaoSaoJulgamentos() passed after 0.001 seconds.
◇ Test chaveExtraRecusaConferenciaInteira() started.
✔ Test chaveExtraRecusaConferenciaInteira() passed after 0.001 seconds.
◇ Test fracaoNaoEJulgamento() started.
✔ Test fracaoNaoEJulgamento() passed after 0.001 seconds.
◇ Test numeroEmStringNaoEJulgamento() started.
✔ Test numeroEmStringNaoEJulgamento() passed after 0.001 seconds.
◇ Test julgamentosValidosViramIndices() started.
✔ Test julgamentosValidosViramIndices() passed after 0.001 seconds.
◇ Test indiceForaRecusaTudo() started.
✔ Test indiceForaRecusaTudo() passed after 0.001 seconds.
◇ Test nenhumEquivalenteEConferenciaValida() started.
✔ Test nenhumEquivalenteEConferenciaValida() passed after 0.001 seconds.
✔ Suite SabiaOrcamentoTests passed after 0.010 seconds.
◇ Suite TemaTests started.
◇ Test movimentoReduzidoCorta() started.
✔ Test movimentoReduzidoCorta() passed after 0.001 seconds.
◇ Test soAOpacidadeAnimaSobReduzido() started.
✔ Test soAOpacidadeAnimaSobReduzido() passed after 0.001 seconds.
◇ Test gavetaECalendarioSeguemAMesmaLei() started.
✔ Test gavetaECalendarioSeguemAMesmaLei() passed after 0.001 seconds.
◇ Test oQueSeArrastaCortaSecoEmReduzido() started.
✔ Test oQueSeArrastaCortaSecoEmReduzido() passed after 0.001 seconds.
◇ Test deslocamentoCorta() started.
✔ Test deslocamentoCorta() passed after 0.001 seconds.
◇ Test escalaNaoAnima() started.
✔ Test escalaNaoAnima() passed after 0.005 seconds.
◇ Test opacidadeSeMantem() started.
✔ Test opacidadeSeMantem() passed after 0.001 seconds.
◇ Test lacoPara() started.
✔ Test lacoPara() passed after 0.001 seconds.
◇ Test nenhumLiteralDeDuracaoOuMolaNosArquivosDaV10A() started.
✔ Test nenhumLiteralDeDuracaoOuMolaNosArquivosDaV10A() passed after 0.049 seconds.
◇ Test paginaECadernoCitamComponentesENaoPressionamPorOpacidade() started.
✔ Test paginaECadernoCitamComponentesENaoPressionamPorOpacidade() passed after 0.030 seconds.
◇ Test camadaDevolveAPosicaoQuandoOBindingRecusa() started.
✔ Test camadaDevolveAPosicaoQuandoOBindingRecusa() passed after 0.001 seconds.
◇ Test reguaSoCedeAoCartaoEmTamanhoAX() started.
✔ Test reguaSoCedeAoCartaoEmTamanhoAX() passed after 0.001 seconds.
◇ Test oPapelTemPiso() started.
✔ Test oPapelTemPiso() passed after 0.001 seconds.
◇ Test ondeHaviaFolgaSobrandoA09dNaoMudaNada() started.
PISO: 2687 combinações com folga sobrando (a 09d dá o mesmo que a 05y), 338 apertadas (a 09d dá mais papel)
✔ Test ondeHaviaFolgaSobrandoA09dNaoMudaNada() passed after 0.001 seconds.
◇ Test oAvisoEARespostaNaoRecolhem() started.
✔ Test oAvisoEARespostaNaoRecolhem() passed after 0.001 seconds.
◇ Test aEsperaDaSabiaMostraOTempoDepoisDosPrimeirosSegundos() started.
✔ Test aEsperaDaSabiaMostraOTempoDepoisDosPrimeirosSegundos() passed after 0.001 seconds.
◇ Test pararDeEsperarDevolveAPerguntaEmVezDePerdeLa() started.
✔ Test pararDeEsperarDevolveAPerguntaEmVezDePerdeLa() passed after 0.001 seconds.
✔ Suite TemaTests passed after 0.088 seconds.
◇ Suite TrabalhoTests started.
◇ Test evidenciaNovaCancelaProducaoQueAindaNaoALeu() started.
✔ Test evidenciaNovaCancelaProducaoQueAindaNaoALeu() passed after 0.004 seconds.
◇ Test pedidoCanceladoNaoContaminaNovoPedidoEmNenhumaOrdem() started.
✔ Test pedidoCanceladoNaoContaminaNovoPedidoEmNenhumaOrdem() passed after 0.011 seconds.
◇ Test editarIntencaoOuVersaoDuranteEsperaRecusaEntregaObsoleta() started.
✔ Test editarIntencaoOuVersaoDuranteEsperaRecusaEntregaObsoleta() passed after 0.004 seconds.
◇ Test recusaAoIniciarProducaoPermiteRepetirSemPedidoPreso() started.
✔ Test recusaAoIniciarProducaoPermiteRepetirSemPedidoPreso() passed after 0.004 seconds.
◇ Test recusaAoGuardarEntregaMantemMaterialParaSalvarSemGerarDeNovo() started.
✔ Test recusaAoGuardarEntregaMantemMaterialParaSalvarSemGerarDeNovo() passed after 0.002 seconds.
◇ Test revisaoPreservaMaterialAvaliadoEAcaoNaoMudaDeVersao() started.
✔ Test revisaoPreservaMaterialAvaliadoEAcaoNaoMudaDeVersao() passed after 0.001 seconds.
◇ Test relatoNaoViraVerificacaoIndependenteNemAprendizagem() started.
✔ Test relatoNaoViraVerificacaoIndependenteNemAprendizagem() passed after 0.001 seconds.
◇ Test relatoDeNaoExecucaoMantemEstadoERelatoPosteriorNaoMudaDataDoAto() started.
✔ Test relatoDeNaoExecucaoMantemEstadoERelatoPosteriorNaoMudaDataDoAto() passed after 0.001 seconds.
◇ Test trocarApoioOuContestarPremissaInvalidaProducaoEmVoo() started.
✔ Test trocarApoioOuContestarPremissaInvalidaProducaoEmVoo() passed after 0.004 seconds.
◇ Test contestacaoNaoSomeParaFingirQuePedidoCabeNoModelo() started.
✔ Test contestacaoNaoSomeParaFingirQuePedidoCabeNoModelo() passed after 0.001 seconds.
◇ Test promptDistingueAvaliacoesDeVersoesEAcoesDiferentes() started.
✔ Test promptDistingueAvaliacoesDeVersoesEAcoesDiferentes() passed after 0.001 seconds.
◇ Test oficinaObsoletaNaoSobrescreveHistoricoDeOutraAbertura() started.
✔ Test oficinaObsoletaNaoSobrescreveHistoricoDeOutraAbertura() passed after 0.001 seconds.
◇ Test abrirDuranteProducaoNaoInterrompeExecutorVivo() started.
✔ Test abrirDuranteProducaoNaoInterrompeExecutorVivo() passed after 0.004 seconds.
◇ Test indisponibilidadeGuardaInstrucaoParaReabrirERepetir() started.
✔ Test indisponibilidadeGuardaInstrucaoParaReabrirERepetir() passed after 0.005 seconds.
◇ Test contestacaoVaiAoPedidoComContextoSemDeslocarInstrucao() started.
✔ Test contestacaoVaiAoPedidoComContextoSemDeslocarInstrucao() passed after 0.001 seconds.
◇ Test recusaDoDiscoPreservaRascunhoEPermiteGuardarDepois() started.
✔ Test recusaDoDiscoPreservaRascunhoEPermiteGuardarDepois() passed after 0.002 seconds.
◇ Test falhaDoTrabalhoNaoDescartaNotaPendenteNoMesmoContexto() started.
✔ Test falhaDoTrabalhoNaoDescartaNotaPendenteNoMesmoContexto() passed after 0.002 seconds.
◇ Test jsonCorrompidoNaoSeTornaTrabalhoVazioSobrescrito() started.
✔ Test jsonCorrompidoNaoSeTornaTrabalhoVazioSobrescrito() passed after 0.001 seconds.
◇ Test referenciaCorrompidaTambemRecusaAberturaSemSobrescrever() started.
✔ Test referenciaCorrompidaTambemRecusaAberturaSemSobrescrever() passed after 0.001 seconds.
◇ Test reabrirPedidoSemExecutorPreservaInstrucaoEVersoes() started.
✔ Test reabrirPedidoSemExecutorPreservaInstrucaoEVersoes() passed after 0.001 seconds.
◇ Test migracaoV3MantemNotaSeladaReciboEPermiteTrabalhoPersistente() started.
✔ Test migracaoV3MantemNotaSeladaReciboEPermiteTrabalhoPersistente() passed after 0.029 seconds.
✔ Suite TrabalhoTests passed after 0.086 seconds.
✔ Test run with 1019 tests in 163 suites passed after 88.687 seconds.
2026-09-09 21:38:09.461 xcodebuild[13406:18000256] [MT] IDETestOperationsObserverDebug: 93.814 elapsed -- Testing started completed.
2026-09-09 21:38:09.461 xcodebuild[13406:18000256] [MT] IDETestOperationsObserverDebug: 0.000 sec, +0.000 sec -- start
2026-09-09 21:38:09.461 xcodebuild[13406:18000256] [MT] IDETestOperationsObserverDebug: 93.814 sec, +93.814 sec -- end

Test session results, code coverage, and logs:
	/Users/vitorepf/orca/workspaces/traco-ios/lote-ia-09c/build/Logs/Test/Test-Traco-2026.09.09_21-36-08--0300.xcresult

** TEST SUCCEEDED **

Testing started
+ echo RC=0
RC=0
+ date -u +%Y-%m-%dT%H:%M:%SZ
2026-09-10T00:38:09Z
